ch1_delta_power,ch1_theta_power,ch1_alpha_power,ch1_beta_power,ch1_gamma_power,ch1_spectral_entropy,ch1_spectral_edge_freq,ch1_psd_slope,ch1_psd_r2,ch2_delta_power,ch2_theta_power,ch2_alpha_power,ch2_beta_power,ch2_gamma_power,ch2_spectral_entropy,ch2_spectral_edge_freq,ch2_psd_slope,ch2_psd_r2,ch3_delta_power,ch3_theta_power,ch3_alpha_power,ch3_beta_power,ch3_gamma_power,ch3_spectral_entropy,ch3_spectral_edge_freq,ch3_psd_slope,ch3_psd_r2,ch4_delta_power,ch4_theta_power,ch4_alpha_power,ch4_beta_power,ch4_gamma_power,ch4_spectral_entropy,ch4_spectral_edge_freq,ch4_psd_slope,ch4_psd_r2,ch5_delta_power,ch5_theta_power,ch5_alpha_power,ch5_beta_power,ch5_gamma_power,ch5_spectral_entropy,ch5_spectral_edge_freq,ch5_psd_slope,ch5_psd_r2,ch6_delta_power,ch6_theta_power,ch6_alpha_power,ch6_beta_power,ch6_gamma_power,ch6_spectral_entropy,ch6_spectral_edge_freq,ch6_psd_slope,ch6_psd_r2,ch7_delta_power,ch7_theta_power,ch7_alpha_power,ch7_beta_power,ch7_gamma_power,ch7_spectral_entropy,ch7_spectral_edge_freq,ch7_psd_slope,ch7_psd_r2,ch8_delta_power,ch8_theta_power,ch8_alpha_power,ch8_beta_power,ch8_gamma_power,ch8_spectral_entropy,ch8_spectral_edge_freq,ch8_psd_slope,ch8_psd_r2,ch9_delta_power,ch9_theta_power,ch9_alpha_power,ch9_beta_power,ch9_gamma_power,ch9_spectral_entropy,ch9_spectral_edge_freq,ch9_psd_slope,ch9_psd_r2,ch10_delta_power,ch10_theta_power,ch10_alpha_power,ch10_beta_power,ch10_gamma_power,ch10_spectral_entropy,ch10_spectral_edge_freq,ch10_psd_slope,ch10_psd_r2,ch11_delta_power,ch11_theta_power,ch11_alpha_power,ch11_beta_power,ch11_gamma_power,ch11_spectral_entropy,ch11_spectral_edge_freq,ch11_psd_slope,ch11_psd_r2,ch12_delta_power,ch12_theta_power,ch12_alpha_power,ch12_beta_power,ch12_gamma_power,ch12_spectral_entropy,ch12_spectral_edge_freq,ch12_psd_slope,ch12_psd_r2,ch13_delta_power,ch13_theta_power,ch13_alpha_power,ch13_beta_power,ch13_gamma_power,ch13_spectral_entropy,ch13_spectral_edge_freq,ch13_psd_slope,ch13_psd_r2,ch14_delta_power,ch14_theta_power,ch14_alpha_power,ch14_beta_power,ch14_gamma_power,ch14_spectral_entropy,ch14_spectral_edge_freq,ch14_psd_slope,ch14_psd_r2,ch15_delta_power,ch15_theta_power,ch15_alpha_power,ch15_beta_power,ch15_gamma_power,ch15_spectral_entropy,ch15_spectral_edge_freq,ch15_psd_slope,ch15_psd_r2,ch16_delta_power,ch16_theta_power,ch16_alpha_power,ch16_beta_power,ch16_gamma_power,ch16_spectral_entropy,ch16_spectral_edge_freq,ch16_psd_slope,ch16_psd_r2,ch17_delta_power,ch17_theta_power,ch17_alpha_power,ch17_beta_power,ch17_gamma_power,ch17_spectral_entropy,ch17_spectral_edge_freq,ch17_psd_slope,ch17_psd_r2,ch18_delta_power,ch18_theta_power,ch18_alpha_power,ch18_beta_power,ch18_gamma_power,ch18_spectral_entropy,ch18_spectral_edge_freq,ch18_psd_slope,ch18_psd_r2,ch19_delta_power,ch19_theta_power,ch19_alpha_power,ch19_beta_power,ch19_gamma_power,ch19_spectral_entropy,ch19_spectral_edge_freq,ch19_psd_slope,ch19_psd_r2,folder,filename
0.2591698223631802,0.15052144947970317,0.0638996583669778,0.10341241106255408,0.01615346955334706,5.344984185923899,24.0,-2.14071836423499,0.6554357531215054,0.1963399383078417,0.15680411190835783,0.056055488113919485,0.1197220130434985,0.018677767527364178,5.461759278438179,23.0,-2.4103083370873204,0.6040126702358326,0.28793705199097963,0.20983078658453225,0.08118563364146136,0.08198850200024287,0.008237336596031049,5.061913844966166,15.5,-2.4966619254947813,0.7004782562654112,0.30781112559240026,0.2790654536279162,0.08107084468460177,0.11027978379558798,0.013736069399952639,5.034667060118294,16.0,-2.839870350425498,0.6524565476158581,0.32915038666769963,0.27157711730672135,0.13054703023904246,0.09096097309877149,0.010290514178599624,5.027012070206324,15.5,-2.5497353512605634,0.6688550096028335,0.3222629903981933,0.2743830194224207,0.1330988901907945,0.08526403106483288,0.0077922015888028775,4.957602227489407,14.0,-2.63045996981719,0.6849443295930367,0.3381529050749178,0.2230708808498607,0.12448850257336619,0.11045364276670956,0.025028749904887897,5.258153013684673,24.0,-2.1397682882379825,0.6173409430518421,0.384242705085015,0.23348022931757081,0.13301995956948282,0.08244431389427488,0.007957192680673344,4.892359544501974,13.5,-2.63165194104296,0.6846057495286441,0.34566744073154215,0.21752007789494598,0.12998148271613452,0.12491455499238406,0.024502952346953856,5.243525308010013,19.0,-2.4484748947983244,0.5979069266858994,0.3763465719241608,0.17494897651434774,0.10424170178932828,0.1465916003315924,0.027258220527816793,5.217323304580285,20.0,-2.3388368974044393,0.6240813256687303,0.4803533812924017,0.16167772734632022,0.05166001362793258,0.04829262493186234,0.007047749763214508,4.395535049075874,11.0,-2.5811277648270696,0.7110167000929419,0.42024226666173353,0.17493740038147682,0.06784784686051694,0.0763641068814679,0.010537471124437175,4.717332738020848,13.5,-2.9206974053808636,0.6713827183730376,0.3667826217127508,0.2348663850303621,0.09583414035018163,0.08732039812089921,0.01283641859300602,5.069377199600381,26.5,-2.1140140687973115,0.6511517322285737,0.34256590697080147,0.1905224708953221,0.10643289371025001,0.1741351483442295,0.03325017519699761,5.431157319689215,25.0,-2.1918194303566856,0.552676683950879,0.38180017007455513,0.2032751581435325,0.10296572455195574,0.13597791645353158,0.03529026328340816,5.221555834916806,21.0,-2.405537753412298,0.593995382534589,0.4313419363252556,0.16154960105933752,0.09333338267351028,0.1572422486658458,0.032693992629208184,5.225941088139295,23.5,-2.429484187270235,0.5521383607780819,0.2482640876454875,0.3116978789785758,0.07712646484320301,0.06891824715457226,0.004803975883541103,4.993164713857984,50.0,-2.0398518436431505,0.6505862788752345,0.3210986768167611,0.28388231166561545,0.11676323346911688,0.0828256012358719,0.008930149111179791,4.972217534937139,15.0,-2.3954957703954953,0.6968864219240296,0.35712709097836914,0.21548102983518758,0.14315212845366723,0.09331556696684928,0.011919651034642816,5.003295870471475,14.5,-2.574199997131391,0.6715584122912678,ADHD_part2,v196.mat
0.2787437498716027,0.1680682861119752,0.10769308729459742,0.10504752276943563,0.020861188405058517,5.318915783448561,21.5,-2.266234466584846,0.668073471010473,0.2178160361306218,0.13868477503029059,0.09387440001585655,0.12231078226108351,0.0323572486831448,5.604028419014346,26.0,-2.086537188281902,0.6098880246330123,0.260214496045703,0.30840030054530354,0.1500405129447739,0.0883713002626357,0.012855930094826919,5.074892233692268,15.0,-2.7709839252185455,0.629329672814462,0.23932936767002858,0.2827743933476849,0.15724099208147688,0.11756896407763635,0.023288007714106468,5.315931598639539,20.5,-2.284430517847702,0.6193310008300361,0.2979982519869396,0.2314949092270575,0.17767045243951834,0.11470420358953284,0.01917372655822553,5.282283111548756,19.5,-2.474101193581764,0.6110657375154052,0.28972862423972495,0.2521718403754817,0.17962229885109518,0.0959279133763142,0.016067842566793417,5.237378070040026,20.0,-2.264562921974901,0.628820623450145,0.33761582664907897,0.15516735133642498,0.14956480210370657,0.16038990311781878,0.04484984902305765,5.5063573633896095,27.0,-2.1521506634306165,0.5802819166129981,0.31623977995798225,0.20339761316390323,0.17693129316318557,0.10715891158078238,0.020227554400286795,5.291530820133536,23.0,-2.176130007917167,0.6186783475173874,0.26132958629316794,0.14979181979442868,0.15284457334658208,0.2147344048790126,0.05899509085132966,5.806061213767656,29.0,-2.0974527363735525,0.5247300767333203,0.27829788393480204,0.15697425045063346,0.14275120723100898,0.18419749125761514,0.04678701116599951,5.629319665086985,32.5,-1.8868168148438946,0.5470476203929411,0.35472778604881694,0.13724610692935413,0.08684979954058152,0.08895962153884862,0.017270219657527713,5.0191996265316785,18.0,-2.650339682106766,0.6497288967328481,0.3604773378991222,0.1774624241467528,0.09226847062621828,0.10799808436455054,0.019405192303210264,5.131712828551582,19.0,-2.4901414910700366,0.6402735343911601,0.279760696313094,0.07832365563410737,0.05514809211996808,0.07581096317559362,0.016637762400044588,5.0292438941875774,22.0,-2.556216265487889,0.6223540928320235,0.18223329437164554,0.10164588077254991,0.06884114745776666,0.40632017068967147,0.08544383248311795,6.104601201224947,32.0,-1.795101678550427,0.4207154595283804,0.2658424716633365,0.15933697324971158,0.12430921610901705,0.24995233185841917,0.0481320944533718,5.7702791278510155,28.0,-2.196532600034223,0.5395642959283872,0.2104912251365919,0.1344640592350817,0.10349336457941836,0.290761484067428,0.09911320147981485,6.117782642744913,35.0,-1.5576866000611775,0.45666307603292455,0.2586334326841766,0.3246400755765849,0.1483963537179317,0.07928412786669733,0.011173697242802873,5.008441312883545,13.5,-2.671435801359976,0.6565972187653062,0.2686403023171305,0.29143028282657124,0.15351332630923634,0.0870646736175959,0.01699365637517212,5.184136200804044,20.0,-2.2400959883368294,0.6280655001155557,0.3166370493208145,0.20003405834708668,0.17612803320947615,0.11821153675034177,0.023619556735136396,5.306087403744225,20.0,-2.4248749805949283,0.6041362533888248,ADHD_part2,v179.mat
0.35865178742537,0.18836674399157713,0.08732709689127097,0.06627072883209073,0.009882887307518035,4.8853382077988385,50.0,-2.0898313158250335,0.6288897085788034,0.4519814084221714,0.0998280814815009,0.03647295684553971,0.035152498537164,0.005413457129129512,4.322594015988303,14.5,-2.3257285644728416,0.7353630458512093,0.44151009019889154,0.1509183497832776,0.06269144072356338,0.04547532684281073,0.00637920509620094,4.604195121234506,31.5,-2.161774575500976,0.7099013473045743,0.395563463585022,0.14183781240066368,0.06042189926234856,0.04651451524413351,0.006258286696449458,4.62468732352535,15.5,-2.418533245483788,0.7111491503657313,0.3564537803401204,0.17694200993679554,0.13775064476162133,0.07823358732068945,0.015302657505083424,5.039210270424092,49.5,-1.9822278529309645,0.6407362928832789,0.39896287856695967,0.12374598533959906,0.0550882398915992,0.03601249215653383,0.005595613213968901,4.452020515866672,10.0,-2.5416345151535746,0.7691974885366972,0.36084773538078363,0.18334587787849452,0.1343423038761897,0.09025039709887689,0.015820609424651882,5.089679412897603,34.5,-2.068367601496632,0.6351855897059933,0.39562710979580784,0.1791444039930295,0.07671017601114988,0.05711420504087392,0.006689078828829356,4.709373125430865,15.0,-2.5185879743272266,0.7050001514432951,0.3296784825306521,0.18340373034541288,0.13021233313165878,0.11972633175441101,0.01515267042879271,5.203423343247377,32.5,-2.0927639503486026,0.6379613974714735,0.3624399153790569,0.18355542295246158,0.08248282122511734,0.08498721886351364,0.01217429713158404,4.933688428548696,17.5,-2.367738962125748,0.6813844325663153,0.3852006237819302,0.12998111641609789,0.047176089508353905,0.05983546197549041,0.016207690601311362,4.830961602165665,50.0,-1.6975233550051314,0.6222603351538516,0.36378578999451694,0.07316059945288222,0.022292762213672167,0.023423780229280315,0.003997182974315452,4.260292503756759,13.0,-2.182641563572431,0.774152682696466,0.3099956817444692,0.11257727949131838,0.11622264019816814,0.08479925199816583,0.02603921932250951,5.100702679890228,50.0,-1.5380556313861844,0.5859574501982086,0.3974735476038015,0.10001795559662507,0.04289322888582547,0.045094492106932775,0.011335179866966485,4.594677154899376,49.5,-1.9044532070942632,0.6950212236797817,0.27477779480830833,0.1091150559049451,0.0838071971324504,0.08566369010644515,0.02777323339822847,5.044302316509725,50.0,-1.6053930002599293,0.5523183196987904,0.3746531038551861,0.09972024939756492,0.03873553028155384,0.060310818104894824,0.015753348157445834,4.753487854046564,49.5,-1.9232145345790623,0.6580935792722223,0.4034834195615144,0.17677904642064243,0.08734252046670767,0.05865505109762592,0.00816642527602985,4.7976525336556985,49.5,-2.0153349993523317,0.6764822899144235,0.3851415234914343,0.12985815801345452,0.05136563359329328,0.036487014617096726,0.006137754594441842,4.511375140365406,11.0,-2.418986422738519,0.7667014945932302,0.3959751820720884,0.163332442097997,0.07507619243610869,0.04445380735208003,0.005321565442967066,4.665630767825622,50.0,-2.045298841053381,0.6739592367469622,ADHD_part2,v190.mat
0.418562981224889,0.13549264303408895,0.035885097885416654,0.02836853186903463,0.004006998196801244,4.247607844533032,8.5,-2.782481157162202,0.775065651457771,0.4049896533921379,0.11905345540977708,0.027177342545954834,0.019857393045367246,0.003209651291855313,4.0871183531895845,7.0,-2.9502089563587885,0.8235665589909842,0.4314749348579376,0.19144533754423215,0.054993649089521444,0.05559126823523452,0.009277551423873424,4.537445277941278,11.0,-2.6731797739566443,0.7008042964470262,0.4322441751395061,0.13244866821626886,0.03361877579219704,0.032994197180717284,0.005397859243739766,4.225603814290132,8.5,-2.7529312331113096,0.7856543169491973,0.4360631052412266,0.23938949159526826,0.06892171082293741,0.07266010817901941,0.01214671695761587,4.660090587122074,13.0,-2.6265359045108108,0.6796461062474397,0.33320152029726297,0.11465871667332513,0.03504114256154214,0.029793157704572474,0.004523791183792667,4.373984204842645,9.0,-2.626648289623102,0.8300713777259863,0.39635743383660693,0.2435634774583466,0.09444361064178947,0.0951767288317724,0.01822221700291321,4.852250281683013,14.5,-2.893036166979573,0.6312524938718691,0.3682265088738224,0.14358950315432667,0.03724288031982453,0.03866766928254382,0.005488951877674507,4.429357720675865,9.5,-2.6652673121401027,0.8112376291410812,0.3912994666408533,0.23906971948597597,0.09249170393293167,0.09844865134180872,0.020529123387117692,4.88667867246064,15.5,-2.657583722305353,0.6353884196532279,0.3249861185542541,0.12602938441350223,0.03901843954002972,0.0541161422147208,0.011272108954481674,4.677022132981615,14.0,-2.5810707024624544,0.7431708683349892,0.46570320998419307,0.13983254224973196,0.03582044935007158,0.037647180029489025,0.0075934539521271,4.288923020149275,9.0,-2.629327112891252,0.7274627575195503,0.405207013354004,0.11097683618862253,0.02535014304405366,0.028305832066244502,0.0065402237125689435,4.199524250772886,8.0,-2.6292133511157534,0.7862158058562156,0.41570063848063166,0.15196244179239357,0.06007270758424097,0.06070564781466038,0.014378044977525525,4.678291484436586,14.0,-2.5206828381286814,0.6699264669034388,0.3534951999685159,0.10178482066042747,0.024779165973221818,0.026073388313879724,0.005961608629906157,4.248906812129453,8.5,-2.5259760872956036,0.8049968573563304,0.36704159977854744,0.1657096722744642,0.08545187277687548,0.1764420985144707,0.053606961806041104,5.408231870332982,27.5,-2.0715783662942804,0.5420265623780971,0.2987454019785649,0.09655900662665706,0.02495175129919394,0.029805965846136206,0.006820807197144823,4.442552122162983,10.0,-2.5672358131648574,0.7832637946227706,0.4292626493919335,0.20460089140472287,0.06105551274791826,0.05641515205853638,0.005962134056318735,4.533458941800356,11.0,-2.8069096763788712,0.7156340095569116,0.3982595144188334,0.18266754740738225,0.0432672931049839,0.03775787721964642,0.005349100912970823,4.390993522502741,9.0,-2.8740285770745446,0.7909202334981836,0.3605518742730688,0.3114484092674032,0.0934900816182688,0.07795627727749453,0.010475472724525392,4.781905210946213,12.5,-3.013453813787168,0.6331490928694831,ADHD_part2,v236.mat
0.39568122547681156,0.14512565482999426,0.065000012134925,0.15310229029188963,0.02485286920004135,5.120428313474321,21.5,-2.6851838519627917,0.6090684562052031,0.35791667764830376,0.12622930123524365,0.056005165211589214,0.142504841820818,0.027248232062899207,5.158942654636745,22.5,-2.5692622342532974,0.5964274592148651,0.47621779721458246,0.19320963968721017,0.08371161026383697,0.08661323080455251,0.009097677019528919,4.685868042021024,13.5,-3.1815050484384595,0.652681648823406,0.48269362381436987,0.1963004404276687,0.07250274136756502,0.08021436882581741,0.008226083432381726,4.584178788507365,12.5,-3.060015361683155,0.6815601350431955,0.38015783824954086,0.19907257555845684,0.2217273322052951,0.0646080710280892,0.0071862455338216145,4.701899430340811,11.0,-3.236459420468712,0.6632381264729015,0.3858506202252525,0.21783430081668675,0.20327247014992522,0.062012678812769936,0.007490845163414198,4.657170795958567,10.5,-3.0801477553855423,0.6794478212556998,0.44173275502019876,0.24033652305494452,0.07982628745715245,0.07011654626813911,0.012878997178356024,4.672695130466559,12.0,-3.0391714067192526,0.6468731673492703,0.4910248634422536,0.21135364218589428,0.07663807566091613,0.06956453272739255,0.008746022190190708,4.544298870820454,11.5,-3.0226384803089954,0.6873419615281443,0.5201431094589949,0.19182249109604868,0.07870586567324687,0.06500256360392932,0.01149033369049427,4.455317431850961,11.0,-2.987478541268508,0.6497159674561268,0.4441107479199542,0.1734377851216019,0.070401691021695,0.13453636677568925,0.029237209421619722,4.944251525959935,18.0,-2.781891064006843,0.5981479306313673,0.3991745024109802,0.14487600982493903,0.06061449723050415,0.10810281715587985,0.027428706923368205,5.035713829691698,21.5,-1.8856699202609692,0.7490786567795416,0.39642797183109657,0.10354864268962526,0.041891298311871945,0.06593830151225413,0.013775995343797151,4.616000724013505,16.0,-2.469288589891511,0.7182823780317619,0.2486732233324153,0.056541336447660615,0.029871728228556917,0.07226644410637965,0.014284137753362906,4.926619851153901,21.5,-2.5903194697097307,0.6227966122772861,0.32287364119753087,0.11423687443489311,0.05019656328580961,0.08584639576130904,0.03816283364816237,5.145873650174719,25.0,-1.6873586664398939,0.7453041804930887,0.42086230406186453,0.19438891378617726,0.0648734338877775,0.11873213319034609,0.028826964362248773,5.015253162670602,20.0,-2.5204549072047016,0.6112436080691891,0.46661314763827844,0.18527712202180852,0.06914415271525177,0.10602686035945517,0.024981188956967923,4.873505990797585,18.0,-2.516899358412882,0.6490090610760422,0.4848192777347893,0.21150877235613488,0.07191474774961903,0.06425506279917274,0.0051217291487336974,4.4780050061652625,10.5,-3.3515148634118592,0.6664693789105514,0.4464108906235531,0.2831143079323013,0.09282262260590315,0.03628687225018834,0.0036370213835439447,4.35390376831643,9.5,-3.206876022131371,0.6954490318455495,0.4579446576453544,0.2479682097954829,0.0843904557266736,0.05020147961684141,0.006196789664886736,4.510848714277974,10.5,-3.012317821310712,0.6890634269728324,ADHD_part2,v181.mat
0.20390279364093383,0.1015253062355154,0.050845516984536945,0.04194550896389942,0.010405870714452878,4.978766093785327,15.0,-2.6686239700280208,0.702538182373824,0.26817203271416196,0.10018889230795058,0.03770242955124757,0.04223669430880908,0.008496941060457038,4.724692549174875,13.5,-2.843644448196667,0.711083414126297,0.2899176883846069,0.14106605113684945,0.05847266356597915,0.049774044979763885,0.01078936182272198,4.816596586785534,13.0,-2.885984129796098,0.6853899054383186,0.3376359769999981,0.09702448184967565,0.034797719846267144,0.03413732262937227,0.0062461806105974325,4.44493007980929,10.0,-2.8641496826421173,0.7503208502563011,0.32914731141408976,0.07390808501256022,0.024921151847426312,0.022361185640117506,0.004771847726154949,4.224502597953274,8.5,-2.94086389809943,0.7401577059633697,0.34458588993185896,0.1953240791199663,0.09826622216479013,0.125053816785367,0.026196737959145594,5.194881307457572,22.5,-2.563260940824797,0.63149344202007,0.34318408906872333,0.13826531640769543,0.07089399047482224,0.10739710867547933,0.032140956953044114,5.17758785238717,25.0,-2.3228966329337744,0.637679149791393,0.3744977135860734,0.15895314790012152,0.07995346242251467,0.10058488893383949,0.0243573062212724,5.05385639769384,21.0,-2.5489057325744255,0.658048948698021,0.3017791277553299,0.1920195303118232,0.10595805688933695,0.18480635588020833,0.061133084434969634,5.57410166462602,28.0,-2.381811421156542,0.5459273192131149,0.34491660438694216,0.16492892460209346,0.07999985109341412,0.14630035830094953,0.049915642216229926,5.3666916400602815,25.5,-2.26018674655219,0.6134213578012551,0.27545107164097715,0.1084842981349681,0.04897304737842164,0.04422117741924138,0.011358322594800315,4.80338844972323,13.5,-2.7337721882293393,0.6951452374958496,0.3718536787202722,0.07949304664656923,0.018940829170268455,0.02029414101132964,0.003400692984391448,4.0036102551510355,7.0,-3.0376633713409165,0.7681069053240295,0.3062008733451525,0.09090364929662699,0.030940038548642555,0.03483479422674238,0.007823032845221511,4.511446959665168,10.5,-2.8306554731819946,0.7121436957098091,0.3111164619369027,0.0597572987538669,0.01389753229017805,0.01826935209923707,0.004705493297848062,4.067646367691714,7.0,-2.7116287429319006,0.7807429163473658,0.32090085688138564,0.1575519697172609,0.08122283001623948,0.1677513214966058,0.0510467620552037,5.475057557742391,28.0,-2.355797572653284,0.563388811768268,0.3536210199123532,0.10212745402801379,0.050559157720290585,0.08969537633998742,0.028809442423610665,4.998609886100683,25.0,-2.4269141619688814,0.6311181512437923,0.3158401627169526,0.21384213286114748,0.09205409565881423,0.07014349414363855,0.014696646820941194,4.922173809398607,14.0,-2.796005013614189,0.6703578913068351,0.3740078409419266,0.13923887773870888,0.058490706155879514,0.0502983653933444,0.012545195545690262,4.696350927693155,12.0,-2.709834477590399,0.6987393059713829,0.3344308435750454,0.20089063223670206,0.11378563313922688,0.12814148406688203,0.039990860684899515,5.314159185576487,23.0,-2.4882800567763765,0.5972977549054372,ADHD_part2,v263.mat
0.32138070118378004,0.1509193702738017,0.05699161659607447,0.1553357014174769,0.01621904769566315,5.285413157921999,24.0,-2.2704604745933907,0.6312562459542913,0.3177713560623842,0.1422138847674905,0.057433852870526235,0.18244162539180597,0.021351440497825357,5.383446157441698,25.5,-2.172625945989536,0.6092266411862093,0.39625483223802194,0.186217554690308,0.05308747436988677,0.08719591334961915,0.008996022084556951,4.799062580359144,20.0,-2.3805756607135606,0.678225994043882,0.36032921909523874,0.2002543637960287,0.07617514887645174,0.1962674034034774,0.025084904744177176,5.2827854625321375,24.5,-2.570398638217223,0.5790624712093785,0.3835677065425408,0.20260121988061258,0.06768129662687852,0.07715537064462334,0.01262769073605152,4.911350879920229,20.5,-2.3468730455497036,0.6737117564377428,0.26817329433153003,0.07281697370091761,0.021001138892747847,0.05660093481779522,0.0114075144058826,4.764412977401831,21.5,-2.274147100331599,0.6947844475496254,0.3382599873872124,0.2753417261992454,0.0853041898627221,0.10902353413361346,0.018910456312783167,5.1411238107189625,25.5,-2.1460504803162315,0.6178881163909283,0.3525800358357211,0.21564133875724803,0.05254823922065263,0.09368872985086406,0.01955157828720211,4.956665487596779,20.0,-2.452516695049021,0.636535560394026,0.24109794186352776,0.19454178685015036,0.05957327550789039,0.11459631633428803,0.018160032964373452,5.12330013170434,50.0,-1.6162452471566453,0.5464174304798988,0.16523020741484587,0.13262723269495064,0.05748646727918418,0.3971394440582323,0.09557601808667114,6.092869544538615,31.0,-1.8347564870648003,0.4539921648658336,0.2726360974456637,0.10359354687266115,0.03231010963452001,0.08002185491981753,0.00997776917693483,5.013690094793845,24.5,-2.2463274206769057,0.6506326121882486,0.2168400430238948,0.05971543920574689,0.025697249622715797,0.0601803665794825,0.00822362853831925,4.9806489438188635,23.0,-2.234453784293286,0.7012067884256461,0.2679034285207912,0.1460823143371882,0.054502875348928836,0.2812518382097475,0.058830800190120484,5.807007364105818,31.0,-1.850132580425559,0.5007037085969458,0.3292094152599717,0.06533797882896979,0.01737083160309006,0.11439940842140994,0.030250263624929892,5.020909829431736,26.5,-2.096152849969614,0.5777647026692895,0.19508845275527545,0.12248603049900499,0.06769536447261366,0.325886960392781,0.07983891151874731,6.062565342343289,41.0,-1.5666932940328706,0.45196825050268075,0.18582340415168613,0.08983531710163029,0.054006302272398624,0.37730448590798243,0.11000402331586534,6.194141930516525,33.0,-1.6688954501054358,0.4369104790769516,0.336030671764737,0.2551033315823166,0.07816551546215238,0.15307681606557702,0.011707997836600086,5.205669858260239,24.5,-2.11635814464968,0.628505484174517,0.3601607230554199,0.2622493675650739,0.09249712632859118,0.10995435059505568,0.0179699513909114,5.056881380540232,20.5,-2.520410244297694,0.6135312452983983,0.37031626732951173,0.28444325397797365,0.08485870547460093,0.09801924321204303,0.015215139134557605,4.991348618388251,19.5,-2.4583474076762295,0.6283051682124114,ADHD_part2,v286.mat
0.30953678180728394,0.13280658794258435,0.07734008813721131,0.11792146023663766,0.020076640412805127,5.232836920934918,21.5,-2.57596488165618,0.6028346641021494,0.3232720878009782,0.16279588140908102,0.09198924762641363,0.1793829144974336,0.0378690974121529,5.43311428552759,24.0,-2.562349746001032,0.5731978297884557,0.3985334450844835,0.21685845891236408,0.10185070153732939,0.10272971235689732,0.014168522743807366,4.957314318311395,16.0,-2.7425268220609027,0.6391762674653166,0.4072053497960057,0.2237112947557468,0.10967839651190749,0.08918235168656762,0.011049471129808999,4.845675777640912,14.0,-3.0015920361796495,0.655459967419509,0.35406675033193336,0.23582510345144203,0.14943032095111228,0.09599656902077487,0.0160712106078779,5.062404998909274,16.0,-2.78837131579406,0.636745588336451,0.37643618670066736,0.23063843483369756,0.16446296572656854,0.07243477173880807,0.008692563447879775,4.892198755804931,12.5,-2.9027463778483327,0.6720679076274646,0.297137256500014,0.21812603367452899,0.21551733970566367,0.0924841296577689,0.017018332970386314,5.233572057424714,20.5,-2.2594363976451177,0.6341336404224891,0.34270155455551876,0.20091613364427216,0.2553607712006354,0.07194298511845026,0.007947803454562023,4.933727298561054,12.5,-2.8456495420982177,0.6589089420945111,0.30382740272714653,0.19933729628306532,0.2288631118898593,0.11892360064131524,0.019054623941666567,5.2136990318151275,16.5,-2.8173376807586257,0.6294421915761783,0.32212336526836616,0.17966956700135173,0.17113464310194743,0.11896802397862254,0.01714470879885837,5.144602469884054,16.0,-2.8507728628822604,0.6420125276097715,0.431439072224023,0.1296881330368852,0.05974036921553695,0.0908679680769725,0.017058031036914653,4.80646572900816,18.0,-2.5370041390896207,0.6677595085097886,0.30927433563432527,0.18764527130363456,0.08111636598934861,0.13024649022018775,0.02176252091888962,5.184272771926572,20.5,-2.776401972629712,0.5900912847980461,0.35358005213789184,0.15599596767867666,0.09289337486325512,0.13199734975136884,0.036896592310538504,5.295175692131175,23.5,-2.139688707234869,0.6489925019256428,0.31942015164973453,0.12431236442526103,0.06066509637089166,0.06549895356695405,0.017924999269478197,4.869085172143904,17.0,-2.6959370273816767,0.623856019918218,0.2722863809309489,0.17564907096935886,0.12850333007974205,0.19729530562199693,0.05861610485290111,5.667290627588549,27.0,-2.1460588546489014,0.5516310864111548,0.3240486014516818,0.16603074578852983,0.09351902188424424,0.10170217795222969,0.02152781530450586,5.133884170447795,19.0,-2.7159045100779844,0.5997058568778562,0.37740184430186624,0.23101404923142435,0.11455563986419273,0.09531272110581988,0.011724309221769863,4.9530171648972905,15.0,-2.7726615690649825,0.647003749860458,0.36892882999867876,0.27387705404887586,0.16599165364615048,0.061838930420933934,0.0070403582237614365,4.840807248791591,11.5,-2.8861898950394096,0.6773322876880374,0.2716273698382944,0.1987298705523294,0.2798462884531284,0.08101658220618008,0.010866268692215464,5.152469206693916,17.5,-2.3856337645353647,0.6455431907765229,ADHD_part2,v198.mat
0.40112472474775995,0.17432297286842116,0.06951475767395952,0.07668023727431392,0.0065992046238548445,4.7413948900806115,14.0,-2.9812693969211317,0.6811339405455674,0.38332537841490105,0.15966739381775663,0.06443477157725752,0.08968448918786534,0.014237956823380808,4.863601735308236,18.0,-2.689040333395318,0.656746507988008,0.3693429822497805,0.2057802914761871,0.09071034476546361,0.09016984736967898,0.006625220389298343,4.907387761637292,15.5,-2.765808375837588,0.6890624430373953,0.3560184248089906,0.19703100303397508,0.08377524778583631,0.11077063222446734,0.0114844843361857,5.00612322691059,18.5,-2.8084583173936712,0.6394186039816725,0.3783584983535633,0.20941859833449086,0.11575694647163051,0.08790821675895709,0.010443935466920202,4.942885810166127,15.5,-2.685773397790242,0.6724585436803878,0.2557027627642431,0.12305067490983715,0.06669475047827009,0.05372240885712536,0.008029863463609241,4.9747193524622775,14.5,-2.422693674578401,0.7761463002015861,0.3875278313857742,0.19434353662278617,0.11242812434404541,0.09713657281283311,0.01753598838872972,5.036822353093554,16.5,-2.767966585873323,0.62855069773748,0.39506718678110486,0.17331747637417497,0.11057674833092972,0.09319842617146919,0.014498986987503732,4.9934490276778,16.0,-2.6598144174774765,0.6467028830845923,0.3291343264321921,0.1597648614952147,0.10325935710974643,0.18979705694401214,0.05817263585520512,5.58818421555998,26.5,-2.3912190968503735,0.5258780466994653,0.3217441056481507,0.13483726118931724,0.08937572419955214,0.18352346099010253,0.049620549378818546,5.515615951239198,26.0,-2.2946538594445687,0.5455454113001263,0.38986802869839,0.1453583224192014,0.06448646188132863,0.088251968502046,0.010846899754123658,4.810180377576335,17.5,-2.766825347388592,0.6561310492054857,0.2748504305320624,0.09239480591263854,0.025986153855118103,0.06480552854377586,0.014901849022481366,4.84136525433969,19.5,-2.7285207041987474,0.6402827033303007,0.2845955592282218,0.09742399337438533,0.056089272925221624,0.04897540179568311,0.008299992518625432,4.823940115354306,14.5,-2.766891704006125,0.6640566259336438,0.2942630260568802,0.08115730249118794,0.03004643624547175,0.04220563396035151,0.010327861810405913,4.623918164475972,15.0,-2.529721143357998,0.6828483214085941,0.29435393034794305,0.11668693997568606,0.07924310647173334,0.1266934178919126,0.04246350177459471,5.468519125858897,27.0,-2.082022184731477,0.5976903929391726,0.29562847469601133,0.08651207837997854,0.06223213575305923,0.19553346146309064,0.06719497158213093,5.698436410687807,30.5,-2.0118546864707785,0.4926461508791359,0.36764126185444873,0.22473340742333228,0.10048587281938942,0.09347418545763518,0.006331361658353389,4.9262245137905545,15.5,-2.755897379106612,0.683937377037042,0.3535522883474867,0.21761054183485534,0.12687421289696857,0.0874289538693949,0.012728694521829148,4.994443762305085,15.0,-2.8011141744823838,0.6364496185110224,0.4026864541937972,0.1933726672554227,0.11253376931855318,0.10501179592054259,0.01588411522060155,5.034811987274475,17.5,-2.6339199880452484,0.6472489302253641,ADHD_part2,v213.mat
0.43783659606694625,0.175415984736541,0.08190347042970737,0.08274597184371783,0.012368375462190618,4.756652955077269,15.0,-2.7516142925460247,0.6660443759258876,0.4218882295003499,0.11349280123572031,0.0475405469218179,0.06718117196883674,0.011895335397960007,4.565676752737678,14.5,-2.8663306490569536,0.6769752985025577,0.3692085055456013,0.12346090630784372,0.05583787786002599,0.04576757471849567,0.005781497271209099,4.525521143195868,11.0,-2.9428547712179904,0.6984161749608093,0.27488633580194205,0.07390608605440671,0.02956354939820102,0.02766906236774255,0.004407171087042594,4.389118021716888,10.5,-3.0460960336436123,0.7161057620421846,0.4507179939113818,0.19104521001244598,0.15586337262225217,0.07762674187982363,0.012141868243460351,4.7949698557304785,13.0,-2.877579466135154,0.6592243402860215,0.4069071284123911,0.1070811418166152,0.06455932753912476,0.04117832565239889,0.00724142525251908,4.391504797100991,11.0,-3.084324721661572,0.6910548966366714,0.4493445755363925,0.1563719072608574,0.13362486749091887,0.07479849716101865,0.013972332821207294,4.780106089481735,13.5,-2.944500934655443,0.6523588993914178,0.4208293218288076,0.13404134106997384,0.08542210855650509,0.05862155128800704,0.010242662981653215,4.616223764022362,12.0,-2.8686273521353507,0.699026799766294,0.3259557063113485,0.19465780147935102,0.11808276177407807,0.14338625783602463,0.02907139532311884,5.296285356183014,21.0,-2.489199530293973,0.6128612202336846,0.37356837751926714,0.13375827030304122,0.07230778743848748,0.12936333396756078,0.03293653024960874,5.132696130189812,21.5,-2.657666363608768,0.597143245984741,0.3790832009013027,0.10537653990970865,0.038441728776150395,0.04095621510151738,0.006225776981238662,4.392012845268996,11.0,-2.953078274073477,0.6830166629283909,0.32486408610648454,0.08685975758471576,0.0332836252381965,0.04894187896569271,0.009537376589933916,4.540410138664792,14.5,-2.823677805279445,0.6686325274289624,0.31404351101933126,0.06597663039577904,0.03568383053394639,0.020943038953587748,0.003611124410535249,4.222591310461577,9.5,-3.0519840688523505,0.7263982101268701,0.3214534816030838,0.05654394921686074,0.02194934514786302,0.04421613455706026,0.013124040656506717,4.427587884531732,16.5,-2.486371113965396,0.6930908529627494,0.3100521850615421,0.0611335396106369,0.03618329962678986,0.09679022547271227,0.026861180388695675,5.008192891496344,24.5,-2.4912812672825133,0.57755081086921,0.3506993078185764,0.08336332259585562,0.04051670731469115,0.0957308063444271,0.030797427279456127,4.987656289778555,24.0,-2.3937946094474722,0.5831804688178508,0.3429680084367697,0.11088352847353639,0.043030627683974,0.03140053901696873,0.0037239564458164424,4.3908946598920675,9.5,-3.11494716248281,0.7318518698601892,0.4534050479291437,0.14106567732412334,0.07178452677067916,0.05312802635598796,0.010313387273329467,4.504369560539151,11.0,-2.6690976991589497,0.7376893048415796,0.4107859198050005,0.18590805251596848,0.16093992616050778,0.07775025231617806,0.011328539535835585,4.8501163094302235,13.0,-2.8314125226397158,0.675312659834088,ADHD_part2,v288.mat
0.23715974763550343,0.12969983624194745,0.03164505255025671,0.03696874704968863,0.006500648003412833,4.7646099643948014,15.5,-2.315964070295008,0.7328518095692329,0.3412263600854645,0.18435047679140826,0.045463063742005386,0.08584698748034297,0.024276775223871914,4.982871168082571,21.0,-2.5546957013104152,0.6040142063390082,0.22883140923887293,0.16025255291457768,0.041141813092348295,0.03668866940665438,0.00329737217823984,4.752431095671631,13.5,-2.603860335351689,0.7256964632734278,0.2921468169945801,0.1657021407704469,0.043753189531761404,0.044117037534367326,0.0036659501245327247,4.629081015361204,11.0,-3.100759761521121,0.6925062397251758,0.2467076212241504,0.12920338707710613,0.043114659799376065,0.03386533546271576,0.0034326966038168796,4.709945459559415,13.0,-2.492016404200251,0.7537810736670476,0.37500386762070426,0.24846319276861753,0.08506294520857605,0.08285436577616567,0.006090592316619036,4.754127165570509,13.5,-2.9364101212149865,0.6702061611898005,0.18170679459660308,0.1449845769267562,0.04821863625518222,0.04466372819259214,0.006427274543320265,4.990732809726739,16.0,-2.4715938377059037,0.7092215590381247,0.3774480789083087,0.2308777033825981,0.0924053953432475,0.09323187475722566,0.008379502536066025,4.839755928385008,15.0,-2.849319214195534,0.6664699716418383,0.14475439262255987,0.08290179228745186,0.04139239129435798,0.045912878999328874,0.009929675772631659,5.25798182681145,21.0,-2.2811954682931392,0.6923190003784684,0.37299593150699634,0.21316181303841733,0.0911109528134175,0.11927493023214747,0.015243584695194132,4.9701655132271165,16.5,-2.6015498043011673,0.6691616965285528,0.22275980068222653,0.08300934251441301,0.026249935796314204,0.0314780453770587,0.004154689078352857,4.702107885680123,15.5,-2.3350006853989074,0.7569124045419753,0.22911866149212498,0.095889535595199,0.026392213348258687,0.039093920373070315,0.00623418990659976,4.683608732089726,14.5,-2.3989477941223747,0.7691059051080721,0.19645882196363512,0.106923028464424,0.03601419752427994,0.0421850432824135,0.00504201583880595,4.873951573570363,16.0,-2.397409744989544,0.7395472739407886,0.32225078794026063,0.13980887829170008,0.04153871125735841,0.08016846507517776,0.008946233231659668,4.818819718567402,18.0,-2.656236665697631,0.6822024147710926,0.18015741494860774,0.07835308581364897,0.025651180376103595,0.036516812676488354,0.004517497436170703,4.883195711461894,19.5,-2.307495786159558,0.7280257857508284,0.3291936484978029,0.11816866735605465,0.04192213447514437,0.11240183381294212,0.007810857129744924,4.908279254395243,19.5,-2.6342416900203016,0.6532353390445605,0.18796656332732248,0.21916649442713182,0.05780947068915428,0.04491955110671948,0.0031571647329178393,4.865359712488241,13.5,-2.7342249357444603,0.6908597825313829,0.3683304239256354,0.27466741496031716,0.09115389720841158,0.08725171121674469,0.007811827390930228,4.81381885150711,13.5,-2.966493225835547,0.6547953906125531,0.1891657864357877,0.15485332126636614,0.057616545338210146,0.04108364559888165,0.004258436245660202,4.950828362104869,15.5,-2.5538564360071794,0.7125079581195115,ADHD_part2,v265.mat
0.4386426449924734,0.17200005954398026,0.07534289121739017,0.12683661477736285,0.0196372938488389,5.0641949559353625,23.5,-2.3253858975156216,0.6113711086312859,0.4478923779751609,0.17963620144283465,0.07342287322202086,0.10852622817426363,0.014053519919098178,4.856028621008489,17.5,-2.9016919323121266,0.6410726373238944,0.4371630803689785,0.20952494853307158,0.08654547985551525,0.10766337900631887,0.011150108210501775,4.926910856739676,18.0,-2.510922751570867,0.6561762126353169,0.4576014377217018,0.19532687218564104,0.07962953503366574,0.11090573508367615,0.013645573496593844,4.869010821246284,17.5,-2.797858658934787,0.6325507106147589,0.4072571102743927,0.20314450813811094,0.12055091505544972,0.09525411931977432,0.015137805191567754,4.958726596208717,16.5,-2.624589114853547,0.636795628891901,0.439043002124608,0.20346723300516814,0.11296041307826156,0.0856537362643182,0.014279827666215463,4.808232837381143,14.0,-3.0598123505241897,0.6322085756717335,0.3943643088848203,0.2000720004790553,0.12124118053356762,0.10749689808097963,0.025385075670028928,5.06511063880248,19.5,-2.6188815645019887,0.6023631408350645,0.44028918127146943,0.1961214666767146,0.09327210425787279,0.09570444150571453,0.01680135383129648,4.83654554198689,15.0,-2.99813974207407,0.6554090897698812,0.3753262344558047,0.20317254315622663,0.12316996555986418,0.13108981603210318,0.02530997412962342,5.164489160699468,20.0,-2.722101595447163,0.5827547289860426,0.36239521723071594,0.178761419082383,0.10584929121125616,0.16595337140083694,0.029201041754753607,5.247610977659202,20.0,-2.5438243135033702,0.6213262241812976,0.37126273937162124,0.14259975119790788,0.06321690219520508,0.11406681806819101,0.016361146149761165,5.062491765171936,22.0,-2.3289771045935774,0.6506947602493135,0.44255771465331534,0.1454695023907859,0.05764754928898673,0.12087432482712661,0.01878934164815145,4.858368770035849,19.0,-2.769074829724429,0.6173267740655528,0.28220808379916895,0.139868249141945,0.06500849135382385,0.31297451245828223,0.07380783728088319,5.810620159405442,29.5,-1.9574156635849256,0.47826555469200005,0.39428685179518885,0.162787103127482,0.07322550766048073,0.14799329758284185,0.04279527574053478,5.211355616717557,24.0,-2.458830265169484,0.5621546280162137,0.28714452788841655,0.13767271095896497,0.06967509988255,0.29620127439316896,0.06560684013633318,5.793739047877816,29.5,-2.002516330332455,0.4862716676344506,0.3613834169776663,0.14542547037791417,0.07103035111655523,0.17984348577730377,0.0583742659997851,5.427087384669052,28.0,-2.263645869613456,0.5326629166666295,0.44908052612879923,0.2146230804035431,0.08967170914473567,0.09576830405141283,0.009453528437635174,4.813657325269239,14.5,-2.8842236419082186,0.6559040519599342,0.2770468501317739,0.12555790236953063,0.07618972237517402,0.05207723322097098,0.008916209329738686,4.8164863437880525,14.0,-3.155118401909086,0.606203741611705,0.23843131088792674,0.11485741902340656,0.06577046761391528,0.0602906202392832,0.009311611211728008,4.974590811979517,16.5,-3.1986212069708153,0.5494926995352016,ADHD_part2,v215.mat
0.3696988351913745,0.17148298486281574,0.06747386408446866,0.07653448262230964,0.01586783669447639,4.906976068258733,16.0,-2.5127497727317616,0.6753764974846989,0.3724363392331807,0.1738863297418471,0.08248730250113037,0.13016864174697462,0.029919321470298705,5.222962482406787,22.0,-2.3769320512411483,0.6255304922716504,0.3527410203956325,0.25143449223350545,0.11349156519322308,0.09495069945193302,0.0150792074452268,5.048744314185743,16.0,-2.622033291314531,0.6255926527070996,0.34961277145960024,0.2503887471378238,0.11648090519538631,0.11701189512984216,0.02149636941894289,5.139151781791235,18.5,-2.524783352285345,0.6491746899958473,0.2934788135903164,0.20557229206806454,0.04348527159003986,0.048090040345184125,0.010691832163891838,4.6697029927009295,12.0,-2.612951231287916,0.7038538726710313,0.3743464010794689,0.29786905669235375,0.10055875083707358,0.06486218885820837,0.011204538712003723,4.803079352068771,11.5,-2.86920806819412,0.6690615237454665,0.34893209224167465,0.2818107662007414,0.10855604843159809,0.07942406998507645,0.01683471415574903,4.99344427626897,14.5,-2.5547316153458843,0.6425280148555752,0.4283301740264765,0.2690332234111952,0.08651808147071245,0.07823484121268082,0.01249354873930965,4.802923405970446,13.0,-2.909831882902035,0.643030121713081,0.35095250935395383,0.2591792258071658,0.0993792630677603,0.09958011984494076,0.020096508520426524,5.049238134097521,16.5,-2.577685052040633,0.6209585862280713,0.4026573903530756,0.23893053027288114,0.08306576033210694,0.1291580850076471,0.02468592090661598,5.015030719351335,16.5,-2.738053882170017,0.6126748968968289,0.38912727827352056,0.20224320419934352,0.06960593579359228,0.07333006562717152,0.01696135364295289,4.875993911511679,16.0,-2.402861554589003,0.661555946295472,0.24390026550412788,0.09882111090849088,0.03647417141812485,0.060286746635323046,0.013496060648098298,4.93789927978192,17.5,-2.433638893931319,0.6691811923081371,0.36007710063284254,0.23178057411444045,0.06412784820500307,0.06582540598021422,0.016225936233349683,4.866891421183325,15.5,-2.273730674998936,0.6860180811067742,0.4316152051503323,0.14555923613733218,0.058044576657495774,0.11014091952325228,0.028988742042305515,4.992719283516634,20.5,-2.309931101085067,0.6551126191293687,0.39935178695669826,0.24364933501276903,0.07608821581666596,0.09375418685045395,0.017856970064350403,4.9552130434693815,17.0,-2.424874360825952,0.6511937906603129,0.3527686830850211,0.1447777650431874,0.05244099000855211,0.09865916048849112,0.03340281766971749,5.146077772030024,24.0,-1.8737581329348802,0.6999641819493656,0.33671407736859704,0.32307088350453217,0.10760074797626297,0.08375899432923314,0.008360222064102025,4.890002707683114,13.5,-2.874463121148908,0.6481837060281556,0.36255545744866646,0.2976457271033013,0.10727644458393237,0.06577934783140957,0.010706248028398962,4.828801961305878,11.5,-2.953091741562924,0.6509124137313054,0.34293573063886706,0.30417445879319466,0.1046957933968699,0.07273151916815108,0.011190837564307148,4.913458410761221,13.5,-2.6634107023930307,0.6525024100507738,ADHD_part2,v227.mat
0.3335206507009262,0.24950317701422486,0.06650187082462189,0.1212417142389279,0.029032684806695932,5.122545288023697,21.5,-2.21207950100783,0.6835302902218605,0.2652597835291303,0.0892938812570448,0.028492660245428583,0.14441510325186394,0.0410064930523821,5.408966129527766,27.5,-2.0370880774588938,0.5865824930414059,0.385987123950693,0.2524626478771728,0.059004610649004786,0.07428798331011187,0.012243443946042775,4.765342988785134,13.0,-2.9504500847134527,0.6515001676258859,0.34603400415120333,0.14108053512038582,0.03508479058983708,0.053999881662136075,0.009619314721396837,4.6450879711778095,13.5,-2.7433712420105896,0.6844741525092988,0.36883099921279344,0.320316915565531,0.08204934242661423,0.087438871517046,0.013068353707713311,4.783695525647416,13.5,-2.768319311552128,0.6521327527634015,0.3323519631640281,0.17941090423998884,0.0460529427526801,0.057327967777694736,0.010274073630882298,4.715276926504956,13.0,-2.6920501924863065,0.7095751888031865,0.3720276568063674,0.2899103782906467,0.08108001980640746,0.08936024123527946,0.016567825160660014,4.828846901226536,14.5,-2.7679386753714397,0.6483430559294514,0.303511918380825,0.10700760639812644,0.02493210332118189,0.030033499750968678,0.004752082282691309,4.3463379127578925,9.5,-2.9193855746492865,0.717718954464482,0.3674379687646871,0.27811381605530033,0.08225520354401593,0.09854081809735422,0.013282155563575882,4.870068680516021,15.0,-2.6453529816775707,0.6540488286336485,0.3381389036826377,0.1647155384465823,0.04975906508641467,0.08916453651842413,0.017440246006125593,4.892114261279729,16.0,-2.658522114239328,0.6704699666653771,0.2873368208313175,0.2168358381923922,0.05447761801305444,0.11576502038385224,0.030278091859321413,5.3192970613988955,31.5,-1.848179307168323,0.6249318703752205,0.30577000940291943,0.07813887247944838,0.021328911522398374,0.02185461473765631,0.003588213105697995,4.184809272045018,8.0,-2.732311458699803,0.8204455354982916,0.28101476316123486,0.17959581751867326,0.04978070423703703,0.05559749650553543,0.009413547035545027,4.926872595280644,18.5,-2.310822965210691,0.7154992869111998,0.2547653161499876,0.08769083654744832,0.026080404413154176,0.1265571512194852,0.030955793490124717,5.334047741406437,26.5,-2.267929666950912,0.550796998767225,0.33681286883431627,0.26412056080570784,0.07143117827074931,0.13107116419282128,0.02488066728684538,5.104199944746408,19.0,-2.3809706543349085,0.6353381104846687,0.24245752023429698,0.08986518497165948,0.02641927208261196,0.16658448708281184,0.04215043796831029,5.54336366967222,28.5,-2.1511715686592106,0.5188143040496432,0.37755038760834136,0.30139526871968825,0.06919330700795152,0.07753427556101802,0.010424198371231527,4.738153842539192,12.5,-2.868744891091107,0.6711105641787716,0.35518623988978054,0.2195078950077588,0.05973523227257084,0.06377017863850613,0.009263013641062452,4.735321237912649,12.5,-2.890870813600098,0.680992707031094,0.36690033023027363,0.29136793419254003,0.08815811243206756,0.08767297822267847,0.013050042725525325,4.822364472025547,14.0,-2.7070538988420205,0.6634222664081804,ADHD_part2,v274.mat
0.25991549759373406,0.11126610658965999,0.038024718219537075,0.05276466775442473,0.011750179276711183,4.8421847604997685,16.0,-2.6493976387852705,0.6954431575312903,0.2936134987284516,0.06985940618394122,0.018878886365448933,0.03588075753469202,0.009973464047005524,4.427361414949477,13.0,-2.6836589074609902,0.6889138295895241,0.3979300303444069,0.19575580866466852,0.06034140859066709,0.06352043688673167,0.011891269501116311,4.712944038807178,12.5,-2.874184594314742,0.659015773995121,0.36091533689859534,0.13054670621137598,0.03943973100804665,0.045384754295014026,0.009643136396167075,4.54624447829977,11.5,-2.688663558007862,0.699306394926833,0.3928687535774842,0.2477936789875419,0.10128918715925161,0.08550960958218565,0.014307960683681026,4.876823056220103,14.5,-2.7961100355571826,0.659447801412671,0.4107950834141692,0.18146813240512155,0.075601434080616,0.06266581109854687,0.011279071338645065,4.7239145638004025,12.5,-2.932697562947473,0.6642475326816217,0.3779426420917121,0.22354046095904145,0.09741689676210452,0.10271681375703554,0.029827624294151336,5.108539393997203,18.5,-2.5390616535777544,0.6000303984151178,0.29527133437904396,0.12311757347906155,0.05121521846970882,0.047351384926874816,0.009552306618996803,4.742434217200853,13.5,-2.408364489751571,0.7643894756170935,0.22674523616346987,0.1390516751709227,0.08597259405875399,0.27839651209998634,0.11664966366304323,6.047724338175967,32.0,-1.7633655546810252,0.48088088612814983,0.3180066922663697,0.15491328059396278,0.06863121063831351,0.10317861888671655,0.022632936875222043,5.053129125787789,17.0,-2.477736622099455,0.6632187667039279,0.3637481794293419,0.1665341815200425,0.05608324712984155,0.05953552589128344,0.013561342245911807,4.749334780423105,13.5,-2.625321598509774,0.6896857186011067,0.34400541745381086,0.11158823541452094,0.029706868832187393,0.03624095135896771,0.005798496438498514,4.402199054637368,10.0,-2.816471711429604,0.7317407936492649,0.2195858594100331,0.05961735816268548,0.0185482581582241,0.01898166999503659,0.0027581090414995394,4.369778498772419,9.0,-2.7303183666787403,0.803064408138781,0.3402369033687957,0.11446514653704827,0.034314002351571664,0.044131937647243706,0.010258926548265967,4.561685624121613,12.0,-2.8190504116133064,0.66062594882229,0.3255578281907977,0.15762230697677412,0.08019373322687544,0.1776546209336328,0.06191594914829276,5.546626478510393,27.5,-2.202149465202013,0.5490199319933866,0.25714408870054384,0.08995867103040403,0.04825360062266782,0.11320326250861275,0.031494076768627956,5.386383514754559,25.5,-2.35225610351234,0.5598749177536594,0.4235358633651826,0.21957189596920096,0.07270475719380871,0.061250357177149155,0.00937462458696436,4.686267123396431,12.0,-2.7342771297484774,0.6800694004222947,0.3859361231948265,0.2277528484702155,0.0876529547392275,0.052664487489027564,0.009435901024253816,4.704963102652483,11.0,-2.932632195400214,0.6698171319568517,0.40136778473427204,0.22056645418056683,0.1030073589968957,0.08695314400623758,0.018476016393640042,4.926422214528824,15.0,-2.8680173261598556,0.6319590370677597,ADHD_part2,v250.mat
0.2430527234572864,0.08626569381852832,0.055737749048998725,0.1031103769669062,0.01969270037691398,5.308884904388505,23.0,-2.640945983967764,0.6013591813709469,0.33717816857510474,0.09226658789214605,0.056496733608304386,0.08720950148043327,0.013000036986905503,4.981628580100597,21.5,-2.5733677650362745,0.6317514093668191,0.35898440977142565,0.20623655823530143,0.1379227513327638,0.11407082352555883,0.010076191685360206,5.054357103523468,14.5,-3.0116848089356196,0.6555724825556535,0.42529941680259453,0.16763284533603834,0.11692888361568692,0.07269665528861528,0.0054094347892150825,4.833687631142806,13.5,-2.624410027500732,0.7159965449091259,0.21801567328008006,0.1903051047192706,0.3908955156177102,0.0807545038776569,0.00990136396833475,4.880204699051925,12.5,-3.118589645992075,0.6233476293068602,0.3587412878035745,0.1546708504347265,0.279995109937343,0.05344449394364802,0.003802760929471091,4.747432695436083,11.0,-2.9547882687570044,0.7103007533315135,0.2196800997300658,0.2012992571068496,0.2950384104831211,0.10809799847080216,0.01761599730362261,5.235385582513916,16.0,-2.674636693533449,0.6000174143689465,0.42547714794264535,0.1985046656911198,0.10073977239125523,0.04747239283621874,0.004398006517836803,4.630096999930625,11.0,-2.8079195457451522,0.7363517106834623,0.32060926230780984,0.19668957316791771,0.1755436855876137,0.08024109320037265,0.013063440137146862,5.123544265505137,18.0,-2.4544662056745365,0.6543587547610392,0.4106653193486467,0.20298617684539277,0.09285766844086032,0.06167795531904275,0.00805364283890418,4.730079743220726,13.0,-2.733184726203218,0.6999653123632579,0.22319590902786274,0.06393813317867358,0.03345582523927339,0.04064736888733234,0.0070435028115399655,4.814620105432443,17.5,-2.3472637003146324,0.7313029220229925,0.24484524084985126,0.06995978279043709,0.035900403670028905,0.031162470028011743,0.004589822784349532,4.6351053570753855,13.5,-2.2590912635443927,0.7952717958199733,0.28270221483258784,0.17303303504485476,0.15629319354700694,0.10463318777701837,0.01638789335969854,5.249688857641902,18.5,-2.6038865064601935,0.6248138239609471,0.3951971839059129,0.15916670787236792,0.09621716838428082,0.07869197639870937,0.01511773182070643,4.944554379331406,18.5,-2.4037115027950775,0.6733122960639344,0.1605165373614983,0.10791660547640262,0.14942114121402045,0.32472198570212396,0.08503532489509867,6.130978442388235,32.5,-1.698402960076799,0.4869555528246796,0.40797298987930586,0.1306893969660945,0.0645526073130817,0.06923965568116688,0.013746469909500318,4.836756866394933,20.5,-2.370180915887542,0.6603317792392785,0.21979629478761858,0.1001890194450704,0.06876230672940147,0.04738231514337146,0.004595860411240621,4.943331452434946,13.5,-3.0086886390822603,0.6998612264552639,0.372455579896889,0.18176281436093825,0.19394138710147868,0.04454608136332857,0.0047766424952207995,4.746301976674886,10.5,-2.765399258656369,0.7191788537456649,0.2871116855607865,0.2054546739633445,0.22808552332639648,0.10268826135398021,0.015466160807659323,5.241230424195189,18.0,-2.3985612540616192,0.6346805794102043,ADHD_part2,v177.mat
0.34610597053274494,0.11682638432291255,0.07661648375376284,0.08540627486048462,0.013087085853600564,4.977600322449121,19.0,-2.4897252340661975,0.6569101757510858,0.39920138514868075,0.1650258950375987,0.10993508861563168,0.14578757704649073,0.02190409992423693,5.165793506730567,20.5,-2.638354785332266,0.6167892174390401,0.4041779300387903,0.20689074034167027,0.10211416370359483,0.09530330005242205,0.009629440155593241,4.934960758254739,16.5,-2.6090536372333877,0.6630178400443747,0.44062285383924216,0.1976619219184149,0.09115999792821608,0.08908882596303613,0.007198598805132747,4.771743190561819,14.5,-2.901567164617456,0.6776273406468214,0.24024089608111523,0.1704192979834541,0.36103775749274897,0.12172577231335814,0.012893411320439006,5.065091025884691,16.0,-2.722644317096787,0.60736399917691,0.3234035733569665,0.18128565955329712,0.2943196320733856,0.09515075334134558,0.008554700036155926,4.976246638791888,14.0,-3.026096068421573,0.655708303333054,0.29687193892818187,0.16130281881282915,0.3009080564128155,0.12116163353730834,0.016785581047577616,5.180101740379644,18.0,-2.505355138555169,0.617232044412412,0.3724229775856088,0.18229536708766114,0.21967050192074586,0.10712257473559113,0.009767793346115399,5.043328649194326,15.0,-3.022966998477533,0.6299856980848818,0.43319358491717114,0.22262282319761298,0.10406407702493752,0.12209037940977824,0.02176379898922022,4.826654483215846,17.0,-2.554530574000721,0.5941463785302243,0.3751743721546628,0.1907256099245515,0.12519333508046251,0.1645977436246985,0.021549671075111968,5.1996718371935335,18.5,-2.66440542378857,0.6178362366026944,0.29110227938058775,0.05193750187801756,0.02448071025704904,0.024071462000622566,0.003235453145006347,4.247090127721433,10.0,-2.824664517384445,0.7478272479024011,0.21031857671990417,0.0641115331165028,0.03567167827977375,0.05643234044518547,0.007398109527830995,4.917254636499447,18.5,-2.8213818734358744,0.6307741985822424,0.36582715740892924,0.09192177422545032,0.07113901076106083,0.05514687924490989,0.009236089815795287,4.710507964681338,14.0,-2.767835101277582,0.6665495127868826,0.4011368556336038,0.07827001906264573,0.06952215621838621,0.05885346330835204,0.009169796785131919,4.610372860682368,14.5,-2.677655194585026,0.6759116912023809,0.29940585195434066,0.13436308870772298,0.09285089398765593,0.22108650512044714,0.05405347958006,5.726214338702317,28.5,-2.163745483034638,0.5202432028126658,0.31313645692644204,0.16178537874297721,0.10957311687738164,0.14931765753066162,0.022054105858286443,5.3208118346847675,21.0,-2.4223352667015092,0.64947229557125,0.3295011074206784,0.2671852678865491,0.14664060554599725,0.10768230790318206,0.007846749340135363,5.060866083323048,16.0,-2.8722659284492926,0.6229297261535994,0.3709130438499485,0.2281143337834113,0.16447537542184099,0.10916931560530167,0.011292963797593581,5.043504847416129,15.5,-2.9887464063848928,0.6350386870865095,0.3436090877168232,0.21485397151454871,0.1582440589407786,0.1304437183948448,0.013134301707527316,5.1642210787887795,16.5,-2.876622958771413,0.624147153738074,ADHD_part2,v238.mat
0.3114700553990763,0.1527312074615446,0.08504993018857,0.2114200711767104,0.041315869451062345,5.564260263717479,26.0,-2.215728374760474,0.592645795007643,0.2097747230173715,0.11217598186603091,0.08308923803165516,0.3435318328313582,0.04945091848646256,5.950792038518911,27.5,-2.0651421992239727,0.5254140330710468,0.3602249184936822,0.23148486389584583,0.11502831081442308,0.10745401416957023,0.01717157095300817,5.08798600541714,17.5,-2.7993676869908937,0.6224843593342773,0.3009552798660484,0.18728117072639275,0.11462460102420578,0.2061495102279923,0.03176800659289082,5.547269562519947,24.5,-2.1698232360693286,0.612394580659904,0.3450795225166461,0.2446819210321554,0.17466836198655084,0.07645937090960804,0.011020587821254467,4.942681234458852,12.5,-2.921814642510281,0.6559389525869513,0.19272431750766592,0.10257983882847582,0.09382927734560398,0.04634875890168643,0.007890524137953952,5.064935587626341,14.5,-2.294364753862465,0.7865208842323653,0.350759070034679,0.20813682115327958,0.17937441672776075,0.08721460658200926,0.013587732002190624,5.010933091487359,14.0,-2.719898592080353,0.648491892186557,0.3688315895730769,0.15642632664364625,0.1364783888034254,0.05377010519827975,0.007080964426020555,4.768558402575812,11.5,-2.857713747854015,0.6985399119115486,0.35590764795076724,0.21156812893132496,0.17355977399009406,0.09086136446022985,0.011965628561426031,4.985622529732211,14.0,-2.868284120766381,0.6455938743696037,0.35392329737757994,0.19725599601415383,0.10932366117165214,0.1511092126052388,0.024038874631034726,5.2449508515631535,21.5,-2.3760130618347888,0.5950317004707599,0.353125551095299,0.17562376300687882,0.09646805815112225,0.1620015472117121,0.029428024643954002,5.34290614096153,23.5,-2.4625413097928415,0.5934753693945238,0.322171914944386,0.1523560520263139,0.09257239882189955,0.15620186612425066,0.027422888879621337,5.358653344571381,23.0,-2.475800609938341,0.5973520834592468,0.33209644022171975,0.09505103926694909,0.04428503067478571,0.023116268661115463,0.003502555900236858,4.333282453196874,10.0,-3.029816873987102,0.7525655864839247,0.19471183207448833,0.09671953892711599,0.07891441486032257,0.14205242791435277,0.033102602671114874,5.713145049246515,27.0,-2.0051176912892705,0.6123414463135459,0.29332138928769685,0.1706200807726311,0.14335316006323517,0.19562546848727946,0.037701017977815415,5.552387534980806,24.0,-2.360670199706301,0.5740598394520905,0.25203545872549427,0.12590471979925227,0.09923275515191712,0.2466664781669084,0.061346280601325444,5.868761730094984,29.0,-1.824632370546052,0.5486207570627755,0.3458211881010119,0.21694106719163286,0.11444754477692398,0.1436317671140807,0.023862048283929536,5.256252467746895,21.5,-2.744470604241547,0.5990848347296234,0.3511179300990268,0.22404763214692103,0.21820564769206896,0.06211126326734918,0.009125952875959142,4.900879266925682,12.0,-2.606794689950953,0.6780409883474956,0.36435816685673583,0.21900036842015438,0.18533043320906137,0.0801410799309946,0.010020426122488279,4.935691456162177,13.0,-2.8071233908161366,0.6496097812307859,ADHD_part2,v279.mat
0.36055773080349046,0.21852754882903855,0.057920617620949494,0.03673614068554012,0.004579493699712636,4.572286889306039,9.5,-2.86024389390193,0.7368956107429485,0.29954206227531893,0.13671459578757444,0.04016428518852582,0.040498337194702874,0.007600417642875989,4.650583422191791,11.0,-2.96321527648611,0.7125122065075165,0.406011316103052,0.24921049907666376,0.0705844767031051,0.0496689496398965,0.004974131548627006,4.60379321025829,9.5,-2.8809918897706104,0.7063082676526498,0.41696115178314563,0.2174920036125101,0.06736132740961953,0.044769975712299466,0.007751728245487487,4.563291195441992,9.5,-3.0484507921853936,0.6939296079251861,0.4026101037766161,0.26181773215365284,0.08522470181614163,0.06307232919728145,0.007996865086571799,4.721466491158063,11.0,-2.7838422521254724,0.6865287045742057,0.445921632517823,0.21358590319646442,0.06822588039612484,0.051988192118489485,0.01575162734708786,4.6015157375068165,10.5,-3.0034727376563968,0.6829984296642284,0.3905273968528934,0.23906525389937278,0.08452649276067237,0.09651924775549545,0.013163490885396856,4.9283939430157,17.5,-2.6142041994519793,0.6477277175162439,0.4730774834515552,0.1955382150606385,0.056831320917891,0.06107369094824787,0.011650039653912543,4.5448902775543285,11.0,-3.0595411328121767,0.6825772632020133,0.3548004396496945,0.21419475922020742,0.08360613759020405,0.16334022864387776,0.03724094223669933,5.345640367619788,25.0,-2.376372328032037,0.5839917037338122,0.4432699954921777,0.19130860584230766,0.060421704754192646,0.09933093437796409,0.024515783022665497,4.832729230483984,16.0,-2.760795645167575,0.6409156741057234,0.38874946787434494,0.20687588096842208,0.06419960864689296,0.051505047261891715,0.0063291894411864995,4.645705109208359,10.5,-2.8027409211063294,0.7010926475585948,0.3856370138154859,0.1441442232124982,0.04233061187300535,0.043618810959047113,0.008761870981930311,4.502533234275079,10.5,-2.7703876037973,0.7112424620215305,0.40825879369976426,0.21272108673852652,0.06960833949710002,0.05717037906289195,0.006162722123814387,4.653338438674299,11.0,-2.740576107219949,0.7023875315923579,0.4461924919827191,0.18954470681285984,0.0568081290118891,0.05369127537860368,0.026016210739480586,4.634049118101541,13.0,-2.8532987923014295,0.6620216049304153,0.36427471131250033,0.21325853261648592,0.07157407905036922,0.18351624016233486,0.017968520494467562,5.083706443436297,28.5,-2.5137244597498714,0.6065416225705036,0.44900472729923185,0.17386770495529474,0.05226088006537896,0.061860221252334015,0.03349597595219981,4.694226121251103,16.5,-2.707624867467117,0.6518893475491061,0.3608255700338515,0.27868803762790073,0.07063037705769744,0.04130868288941798,0.004773998304266353,4.620577439015194,9.5,-2.8601110446646465,0.7195872411458756,0.44527835863626736,0.2360383385305212,0.07872969979449403,0.05110491345731354,0.0079782992588116,4.571327366240219,9.5,-3.155934410830568,0.6856908675923712,0.40238134625528965,0.26550051906512356,0.09309784213644205,0.07268078445489495,0.008855915096814004,4.7986365091119625,13.0,-2.7005627493370277,0.6828776655921629,ADHD_part2,v244.mat
0.21658629313740058,0.11719871163981979,0.0763652353567548,0.051153531697001785,0.003962224906980244,5.102609311304445,20.5,-2.4190000345690903,0.7218610255436368,0.24362026479346138,0.09741479070423176,0.0578349047755483,0.04951209684358681,0.00596649051221101,4.9575787016078765,16.0,-2.5965499697621404,0.7072179141138781,0.26538417252638863,0.21114614892305683,0.15982077604729739,0.08862719369377348,0.006402566327553384,5.180131402362881,16.0,-2.6090763333018883,0.6951504733244287,0.2871663323907657,0.20041278590228606,0.16245422208775623,0.10161963819645178,0.00934491203593616,5.26037978345284,22.0,-2.0956705999625407,0.6902595656263237,0.25353871976339304,0.20410784027752515,0.20415238323728885,0.09900013167077508,0.011593556601289311,5.287087098186566,18.0,-2.4300682334103367,0.6421172659349935,0.2903629935162163,0.18421250381262996,0.16390915115764865,0.07711970471714386,0.008460609017678044,5.132353070621337,15.0,-2.4965107409191587,0.6869079995549262,0.28121710620708046,0.1992725431169434,0.2164879513965543,0.10658902617468856,0.016751519219956153,5.28697808563117,17.5,-2.4641172551558075,0.6342621468011072,0.2655696434939364,0.11424614949758936,0.1019494144334198,0.04876565001239644,0.0060786574658833505,4.979584399436368,13.5,-2.6173023272353637,0.7302880541708328,0.29946883268463,0.2078269520208355,0.1904714011147442,0.12713663505252343,0.020003909956866,5.3423033358032095,19.5,-2.4355489866524778,0.6054655963988865,0.27239126990646734,0.13558751231670144,0.13598814650240124,0.24304722233207418,0.05109134266803188,5.771209369073126,32.0,-1.8810349749979547,0.5320890550909863,0.12069650348771388,0.01670589312876088,0.0041439518668535255,0.002805156421514601,0.0016963488675451712,2.4935616942296637,50.5,-1.1946940777991066,0.3064882279143284,0.370585973045876,0.1397185192345848,0.10197118383277198,0.09559387432023438,0.013884934801440178,5.093884560108263,21.5,-2.148451349105977,0.6831547460494667,0.25180467549158375,0.15283604259531208,0.13565985607417952,0.11896099453187595,0.021244849968634648,5.430332254214657,50.0,-1.7740795990305152,0.6142045811770136,0.2407994237173779,0.13673737260376034,0.12015667368695723,0.12473414269656219,0.03235431392313741,5.406713003502572,50.0,-1.5264016203239603,0.5459596843103468,0.24579584973535523,0.14011233839876272,0.12633082739746518,0.12098541003246169,0.024837863296875016,5.3304130627850945,50.0,-1.690824516765425,0.5554850397426152,0.40610520250240073,0.13995954808232441,0.1185777510566007,0.12047653839622137,0.024688153924731233,5.235666618762599,29.5,-2.087822136578252,0.6145128941110931,0.2719832219792321,0.2339946540761567,0.1714271624310066,0.07677981397332716,0.004986778798630056,5.040577859722901,13.0,-2.9706850723794473,0.6991563791281414,0.2918678727939203,0.23097082972648086,0.2284265782220581,0.07657013110350865,0.008958034405628758,5.100486887731952,14.5,-2.527973005874113,0.6517349684348669,0.2914623697551699,0.21638459383719053,0.2180874895223318,0.0944874832626342,0.010035872319990279,5.151794984025141,14.5,-2.642467896513795,0.6608306207800274,ADHD_part2,v204.mat
0.3907297440998324,0.18150985663100275,0.07363728821582442,0.08904120988429505,0.012134023514621417,4.924774963852025,18.0,-2.500308604676805,0.6601402791323147,0.4051924130884069,0.13376811930404894,0.05103760483808796,0.07147930481249098,0.0077011996919571935,4.644165559241769,14.5,-2.7515016973301094,0.710781193336529,0.4283453069045038,0.20725994758454075,0.08466010527442115,0.08845590347534174,0.011340889761259488,4.876733220793984,17.5,-2.4230249341239793,0.6684612207711182,0.3934645836122055,0.14118104832670877,0.05278084849699745,0.061527028719444335,0.0061407871721324975,4.596430751456345,12.5,-2.8260312833819126,0.7323411673552689,0.3913488132577962,0.22336267850985023,0.1073229456035808,0.0924294991407156,0.01409548110946405,5.001107401037885,19.0,-2.359240954158166,0.6508420535809988,0.39421185054554825,0.16463821271861595,0.06495984453468254,0.054767290690642456,0.007121642618825096,4.642056622046241,11.5,-2.847792913839497,0.7233715906829722,0.4008777012057229,0.19772867568300634,0.12216680988145379,0.09241692730939093,0.016965017179607793,5.0363540941039995,19.0,-2.3313270820940275,0.6572309240273482,0.44703825000937725,0.2139317373559272,0.1033844045173032,0.07652361482590155,0.009795444209723845,4.757269119923019,12.5,-2.9144527420220125,0.687587643496528,0.2714180559738904,0.14062370351205933,0.09945259965315931,0.21046675223843697,0.08582803625332475,5.832524479582957,31.0,-1.770045852705285,0.5330335815797467,0.3926772807031176,0.19349798898089582,0.1409899555112569,0.1242001248980324,0.025721393587378374,5.131502667364287,18.0,-2.5039603382996587,0.6310207045081014,0.2883572496127049,0.05872706293580828,0.022110501027667654,0.024173668864824,0.0030639733254968983,4.318189947083734,10.5,-2.4637594308005935,0.7780818738245148,0.26488768618972386,0.0783258057201865,0.02867899238965888,0.04486537416170052,0.005204320341119524,4.619858420201159,14.5,-2.510498479382674,0.7817633434711508,0.2218887863390386,0.08230489575925443,0.030191527046917542,0.029941846972500085,0.0038786456709758495,4.684591958607578,12.0,-2.6515004144266,0.7508204037251439,0.2308784472201801,0.05116636225463044,0.020254475678258846,0.021988093549972748,0.004085340732932175,4.385624025277162,10.5,-2.5216007554395294,0.7691936151684619,0.3795391204885543,0.16763799167432933,0.08861268536678825,0.12146613407962319,0.02924430326737225,5.191681897839713,23.5,-2.155017422150057,0.6235001454199619,0.3825555919296838,0.135699783105819,0.08592980972035098,0.13437277743565051,0.029191457355176895,5.203632391811604,22.0,-2.3860554401009084,0.6058011464359548,0.4064238918194916,0.2146772887618179,0.08143099908743841,0.07903340251978078,0.009996486184849164,4.8279454629518215,15.5,-2.6016848588705788,0.6673937996268757,0.4304871614832657,0.2311456399189169,0.12978289644556323,0.07717790698326689,0.011094576306896175,4.822394993298699,12.5,-3.033265031131381,0.6470114372925617,0.37488805109477974,0.19643878215078334,0.1588551708262911,0.09764531692872641,0.017364752884500758,5.058585303490929,16.0,-2.6125443460237503,0.6451547794211718,ADHD_part2,v270.mat
0.2498706797125846,0.12959242254490363,0.0505164131336642,0.06870763218169298,0.009459009828690843,5.02409114146426,18.0,-2.6099667071586143,0.6841468252467791,0.2651776596961454,0.1304830078227855,0.05823359238319513,0.05953045632326555,0.005490331265260569,4.874033491258652,14.0,-3.1075697285659163,0.6910251157779357,0.29284950285641653,0.15051963180378503,0.05637795741377241,0.05114348480425786,0.0038678872702197433,4.719237260723852,12.5,-2.717993145699013,0.7940062718704415,0.3452890020505327,0.1668229377164259,0.09116118208168861,0.09540503879538545,0.006351227151626881,4.932843987125991,16.0,-3.001973163067478,0.6908642372908513,0.34413226845001643,0.22280027620735215,0.14835491159300046,0.11182199349587107,0.010608146942421574,5.125487026251486,17.0,-2.806248638170967,0.6395891598826187,0.3683435341221022,0.21673386947748935,0.14450725248399493,0.12707719982111057,0.01085061723210045,5.089206857402271,16.5,-3.0157144509483276,0.6297219107843017,0.2944652874386557,0.19866168360100236,0.1832298515661288,0.13160916879645174,0.02016061565959304,5.299270800685654,18.5,-2.611479547544386,0.6097688263391043,0.32329793930110395,0.20737147523570862,0.17072932282510633,0.13753682874713455,0.01916073716877633,5.254365336090626,17.5,-2.807954140662918,0.6036498438414064,0.22276436108406472,0.17220687406153454,0.17107099308459148,0.1945914802010577,0.06001293221706978,5.783319142383913,27.5,-2.0032668630509054,0.5621086448023551,0.2796071759306772,0.19151041554498516,0.16839758377923816,0.1852055239462388,0.039470120983031036,5.499685182925651,21.5,-2.4688800908808175,0.5883763538369042,0.31466162400696573,0.15152135261152716,0.05698741119247896,0.08978312865722689,0.011428964332911323,5.056324092866793,20.5,-2.3428925734161195,0.6803661078918999,0.32287661448381855,0.1221890368951256,0.056518868974840424,0.07554947582458077,0.007284308710783487,4.846828488422845,15.5,-2.9918244906340683,0.6840408945407399,0.3279044724910194,0.1979984707539422,0.12648149634555522,0.16295509437792152,0.01940550436244636,5.335937338044425,20.0,-2.490315639543036,0.6213167659651317,0.3233519486422405,0.17628768988533516,0.12065511036977566,0.18693389546663272,0.028619219986558978,5.450364946421858,21.0,-2.4680754871364217,0.5877211953349013,0.2272927358948269,0.19403558794689502,0.15213691692817768,0.1842173858794202,0.041554660069983616,5.722118466012742,28.0,-1.956607783807146,0.5800422447572249,0.26269405175661603,0.1665033675121577,0.13682046255346023,0.22316728949996192,0.06281245133735447,5.779486278629992,27.5,-2.2757763260825445,0.5165910736763196,0.3061781321876119,0.19225903304315098,0.11826532256917753,0.10019507308533827,0.004960342467460612,5.052286241207105,16.0,-2.889392680468014,0.6941507090840877,0.16315391389434714,0.10973043256299989,0.05658445802529636,0.054796290725953496,0.0057220666834805565,5.05159809119099,16.5,-4.457048236891894,0.42661623570004925,0.28052590876009925,0.2152695180255057,0.1753371163222722,0.12688459591618662,0.016291722469346865,5.322042535479575,18.5,-2.4625976184478806,0.6285181298066899,ADHD_part2,v200.mat
0.27658622565284924,0.1887542912363424,0.1079584944638273,0.23739504314167933,0.013483761953526017,5.498648573555357,21.5,-2.354599413654649,0.623191170682201,0.2710270797995795,0.1788089036620118,0.09487974247007068,0.2817522198752498,0.00803101754230006,5.396862406635605,20.5,-2.7853845333691805,0.6449796796083187,0.27457836470833896,0.2078145187365273,0.12042330595961256,0.25113062791718366,0.012638140800638888,5.498379998620703,21.0,-2.4624092169543568,0.6107377819504494,0.2612499123731999,0.18518081232320954,0.11398605672836307,0.31780171169555527,0.0078066412914581775,5.480388547706634,21.0,-2.7902653415918905,0.6252855537208002,0.25118339023045655,0.1844259907872359,0.17331342880056347,0.24660068598981116,0.020030383440391514,5.626861037653849,22.0,-2.3169749549277165,0.5888362062029711,0.30127675443158447,0.1704626562910294,0.1816455200627682,0.2166517768151484,0.005691788676584458,5.34739012270755,20.0,-2.9351849536283297,0.6579027730608283,0.2451326991821627,0.20629811889651853,0.15347273337658435,0.24920841663820886,0.019363724123701482,5.6039442986966534,22.0,-2.4520878337239567,0.5902958474810781,0.29588443815074034,0.17623026710347467,0.15449291216529668,0.2176657741194384,0.005968367965770809,5.364385869555998,20.5,-2.8206883471372306,0.6669834813228659,0.25801417798293547,0.2169103105006382,0.15382872924543847,0.2127876233624986,0.01827670131731919,5.56151423128711,21.0,-2.4015292647746542,0.5998544117262226,0.2855328019772756,0.17483659062093923,0.1410267167462309,0.23698136954726298,0.029820587347033793,5.6008214604819795,22.0,-2.5338814187500844,0.5728798338859624,0.25878988819067755,0.11312042175279505,0.0689547437128017,0.34855380525595103,0.0671086244729513,5.897790832063013,29.5,-1.795503935212837,0.5021327503345563,0.23595252845985468,0.12721047230973154,0.08735503310117497,0.39004789537666434,0.022049719283706797,5.642779899999293,22.5,-2.4217212758983755,0.5630371302582438,0.2221876108832347,0.14351191046202783,0.0993855516031214,0.3258960798242482,0.05595130220161509,5.94945859532169,28.5,-1.8858451978907274,0.5120259397714894,0.22938889359715697,0.1496150611633938,0.10946645279726311,0.32945008829550476,0.014216692180655945,5.614875187594335,21.5,-2.608223924550857,0.5806004744575232,0.2063070079249783,0.15221362451646542,0.11141637382582899,0.3311584800388409,0.024262681779492375,5.835441955294774,25.0,-2.0944926486933784,0.5365093889442917,0.2550612309585233,0.14261043968230575,0.08546883000026298,0.29315490137016803,0.010774113255185172,5.54986866903147,21.5,-2.5943256565288992,0.6228147710461882,0.2381976023724915,0.23270029830330402,0.11841914932041951,0.24858596400270128,0.006089809461432686,5.44537907137937,20.5,-2.4663185644402517,0.6379219470813676,0.31922828821962157,0.20257542306510234,0.17316864021659628,0.1828085486231304,0.006825179280041304,5.246391947513653,18.0,-3.115818161885954,0.6445830630978211,0.30425598917831087,0.20225128431390277,0.15834336399584806,0.19444946098323262,0.009524726937929617,5.364271323040456,19.0,-2.587266934058763,0.6455479903382546,ADHD_part2,v219.mat
0.23804373823930938,0.07912615294285827,0.07833899669117507,0.056269862410859,0.006924207653868922,4.944765616116433,16.0,-2.491215070935639,0.6996603498592497,0.41901236834330263,0.07955680328167095,0.05038172378447406,0.04611630805879863,0.006655362742564656,4.296802015616258,11.5,-2.3207587535186627,0.8535809983450862,0.2296126098439957,0.10137733685311139,0.09240624627895233,0.055589075011100546,0.004344633827294181,4.961311327567599,15.5,-2.595792023107908,0.6956838245925094,0.41734216678740677,0.12715373389544685,0.10027992311034631,0.08545483174339757,0.010647775173662477,4.805402936265072,15.0,-2.311642597354075,0.7667384257355765,0.1948413800708596,0.08458026515455118,0.13484493954094273,0.04900819765862061,0.0052924628099994195,5.022023949477729,15.5,-2.5346935570501117,0.6858380455559706,0.3595281424813718,0.12162723751159042,0.12541921716109558,0.06676127310090843,0.009132929713836172,4.836119502518426,14.0,-2.628832962843245,0.6969280015910442,0.1836696449614151,0.08376875776143419,0.11502972481184286,0.05134138780302946,0.0076411892384967576,5.058512897176324,15.0,-2.893117348422156,0.6141384447118459,0.31916546780103494,0.13599839602610556,0.15570759463436723,0.07661297927189917,0.008648672755593955,4.982714327433398,14.5,-2.612219394605026,0.733268041554873,0.15993603856932948,0.08228384271422573,0.08543374402087252,0.09703427403508456,0.019312433239428464,5.537245300899644,24.5,-2.337635315055978,0.5792050256557914,0.2530542014597536,0.10148506448502677,0.09972751126952989,0.13537704022124472,0.028711773351937527,5.4616742779479175,22.5,-1.9211953441129803,0.7306265070094473,0.19452915465708898,0.07417394061955343,0.0494184600619374,0.04309569135525226,0.005914825910924256,4.987292183740017,18.0,-2.151998728158226,0.7510492796886266,0.3624269736312345,0.09707005373942357,0.06849807703106653,0.06884927740650335,0.010897235547926423,4.734462368835825,15.5,-2.521185985451389,0.7144929526991779,0.1092956540260749,0.0391127135928527,0.04961127681471166,0.01705711341462119,0.002743506616302437,4.516198920215357,50.0,-2.1858981079160342,0.6295593537576407,0.33496349850968077,0.09391858604167388,0.10734298605340727,0.06504015601974161,0.012589690299214855,4.851288036976874,16.0,-2.030726413676128,0.8008243416268035,0.09333988755625713,0.04193987636991951,0.0586327157600905,0.048746473649581165,0.009071518760823844,5.457612250780173,28.0,-2.031045087074808,0.6030915123771409,0.17252064931260025,0.05564302971992197,0.06036897781950856,0.07015479862291164,0.018246554243176616,5.37312439282668,25.0,-2.1446731069841616,0.6060033297760812,0.23700450178131455,0.11428518111515228,0.0993735380594098,0.0571039131935462,0.0042315664272784366,4.977535182594751,15.0,-2.5497052459261598,0.6972540768977435,0.321596805363231,0.13609359701597745,0.28152816945206843,0.0722941222331847,0.007896994682585702,4.849197815508515,12.5,-2.8782847677753187,0.6790141911222745,0.23082161003708296,0.09933204382865649,0.12448442114793859,0.059455320544346504,0.0057781623880067065,5.036392996896202,16.5,-2.660103900201765,0.6513342896633798,ADHD_part2,v231.mat
0.2753439761460418,0.11802048514021948,0.0523246038238752,0.07046269319964657,0.012081343479946346,5.070719373949622,20.0,-2.3743914883016557,0.6762574125430105,0.24486581352523473,0.0799515559423262,0.03721648382026162,0.04912837495306959,0.009772314594251406,4.837562218793545,16.0,-2.7656694499102272,0.6691898478155469,0.4039619660047032,0.18930688830323375,0.083743308791654,0.062222562665233364,0.009572524403832576,4.737159289501595,12.0,-2.890232821128561,0.6996100155809878,0.37844473605492657,0.17069113556238438,0.07971583498043672,0.07432083276360173,0.014887265493549405,4.871701027888267,15.0,-2.82139242409361,0.6606132772457023,0.36073724579240357,0.24209247574589832,0.18852984642219062,0.06767276236849315,0.011012571850452894,4.918823525901419,12.0,-2.979265602959304,0.6576179622310651,0.38651052525971646,0.24236763809004758,0.16339278365184323,0.06238487703127965,0.013360239428514251,4.8906829502699924,12.0,-2.904015127615547,0.6627980916897622,0.4785080862535439,0.21603385046091805,0.08939496058986926,0.05718520968347479,0.011879819595627516,4.708008480470689,13.0,-2.5110052738675552,0.6858584564788106,0.4284719864467601,0.20948588720452457,0.11015526469935304,0.09106007506389702,0.021639972659052424,4.986323606984894,16.0,-2.5751176557375137,0.627696751300949,0.4455016860711096,0.16793940513942976,0.09379477521574828,0.10824222446399723,0.02859879282240178,5.017735772368367,19.0,-2.1070645894081466,0.7092024615568373,0.3899958633815622,0.1849312474302525,0.10301922362982704,0.1499250562780118,0.03953472566502344,5.2640216377224265,22.0,-2.3844136077298477,0.5917965091672777,0.17179626470608084,0.048298683741215584,0.016798193428516416,0.019030092747269835,0.0030320027379829636,4.5746145275795875,20.5,-2.274182141511011,0.7568926980467308,0.24529207253300273,0.08029643095874717,0.03563635769716692,0.034609198054909744,0.004878894709200873,4.627580870325691,12.5,-2.8204205057502647,0.7277912148871941,0.4274366103052324,0.2019858586621692,0.09772502288433602,0.05763525414360423,0.014380590539241747,4.889147522817228,21.5,-2.2322703185757726,0.6688532272414855,0.40894338118396534,0.16957400696699831,0.0899896032763853,0.12796159219766254,0.042761338144735934,5.236629172117975,24.0,-2.144221187783351,0.6246015293189996,0.4225396887319445,0.19379103312531143,0.08717788410482821,0.11042311595071136,0.03503340796533268,5.111671885176617,21.0,-2.183330294454053,0.6478437938394196,0.3574299844936113,0.11385075933967236,0.052120165196098724,0.0949341199730602,0.03254667822783129,5.011202488404521,50.0,-1.6175448882128556,0.5823123264804566,0.4083802373735762,0.23336438125810846,0.102410780425429,0.06706994247514776,0.007665081789932705,4.7766380630419905,12.0,-2.9522020908680613,0.679872509768727,0.3887261245487912,0.2680243322328835,0.11790439401874313,0.060301536487563576,0.009899440917860563,4.831038525837346,11.5,-2.875284095990885,0.6687989291096019,0.45228676639252297,0.23325816872620486,0.10391014522534654,0.06437818419086254,0.011352996806084049,4.72346278535148,12.0,-2.9529322434193457,0.6522554465983788,ADHD_part2,v234.mat
0.21265133859602717,0.1118747660104512,0.03345129702517934,0.0588293913889314,0.010424195172493699,5.045293282956928,19.5,-2.3844801933324273,0.6961025723430565,0.23883634882399934,0.09297661985087863,0.027803744084295756,0.04846639117609584,0.010432054700457041,4.863242154469091,17.5,-2.515689322857536,0.7242017899843465,0.3683318432161539,0.231976613572902,0.0918410410254238,0.08976544506905429,0.011140627766270473,4.950446444449198,16.0,-2.6115110577985323,0.66212426040328,0.3142115376748504,0.14271742526446887,0.06341749619927972,0.06939536138685357,0.009529810916030359,4.923327797581328,15.5,-2.7773220989317733,0.6915917603940869,0.22597052745717447,0.07122604223891262,0.016187021949489767,0.01115589502372283,0.001638619817242853,4.197687355167102,7.5,-3.037961961663736,0.7907924588509275,0.29377282224400125,0.13509468350277437,0.06321725995913967,0.05943544189114911,0.008132810143098902,4.9005585813922155,14.0,-2.703835432171728,0.7330106655355342,0.31399919707700286,0.2245089427203588,0.15002204375947845,0.12915212290146563,0.030378664314741996,5.323817243750689,21.0,-2.40519914059362,0.5912815922989062,0.2762674135020892,0.0832122793296746,0.035737836840337614,0.0291517607725911,0.004266309385384263,4.50433411799754,10.5,-2.63483056825041,0.7846712988926068,0.2699776703834814,0.20416516912721128,0.16316651349700761,0.15414628911485492,0.030906749529532845,5.5378453758990025,26.0,-2.1051773022942872,0.5736548448086329,0.26360802199629924,0.11745256710254913,0.06796259466943966,0.09209756020267224,0.01771542568892221,5.151534363583939,17.5,-2.513998086169584,0.6951117428043467,0.24438993704955736,0.07736206185034276,0.023698792577249155,0.034583422273075856,0.00574894138526875,4.658088143860667,14.0,-2.382686889061912,0.7505873681437589,0.3207707245928472,0.06818696973505421,0.02326309264335044,0.030398176091072163,0.0045838016869435205,4.284295072476087,10.0,-2.8336794097198994,0.7200548028470867,0.2991009739894045,0.1577121274073219,0.10112373370580126,0.1830952444929085,0.04523384823697145,5.6007206298319305,27.0,-1.8699642631632085,0.607058259400539,0.2870817272929044,0.10989662207045399,0.049313440926476285,0.08162011838000924,0.017033378132636355,5.106801278681707,21.0,-2.3229442026965232,0.6857387991880878,0.2338184888347844,0.1108852543581722,0.07953557889279507,0.2741165730155492,0.08475547655155469,6.0003759250040885,31.5,-1.931087756798104,0.4662877621379061,0.20680068223854237,0.05556586332552714,0.014975253363860332,0.016062646529439728,0.002746413397371256,4.30851619816455,8.5,-2.3201435562068524,0.9110707423302691,0.3306461454619127,0.29689711127193297,0.11296444444459182,0.09274140130682344,0.010135991530274077,4.960498194441985,14.5,-2.719678959546056,0.6629251876974818,0.33727292759392735,0.20231017161199633,0.11840397419250626,0.07552418942312018,0.010896471188428099,4.972046142548598,13.5,-2.9360434369675943,0.6888912596291039,0.34143635764298896,0.2429165729201156,0.16108750033340324,0.10140086336964427,0.014078589682841947,5.085076004782069,15.5,-2.819163544267366,0.6165078240545769,ADHD_part2,v284.mat
0.37618664546431324,0.1190672147203842,0.044099522601196255,0.05813022609986185,0.0113180659124743,4.669831819232941,14.5,-2.5145164037526184,0.7087620408541228,0.3071307985574967,0.07747349683130281,0.027776359397501463,0.049158987054095694,0.014112689044687987,4.6365838540673625,17.5,-2.043581858992672,0.7759372930732935,0.393671524498818,0.2160016847328629,0.08004559596249024,0.07947766357788894,0.009681201007996292,4.842082543976412,14.5,-2.658822942004944,0.694066676864959,0.3474403003099195,0.12260883818387339,0.04288445284956517,0.04902324190219894,0.00956092060293573,4.579225314068502,13.0,-2.3229865749191596,0.7758645407020567,0.38203039083838,0.251581451329409,0.10153814830389313,0.06901427347408766,0.01102857891345854,4.862452645221019,13.5,-2.613482339799447,0.6789549727494304,0.31033430334082873,0.13406554670172147,0.05121890468271833,0.04108460583104426,0.008494298412677619,4.666770239395208,11.5,-2.2317185554894663,0.8268623337565254,0.3803650986888908,0.17379159983139905,0.07187378449752237,0.05668426047989434,0.013980635499167096,4.790830668081578,13.5,-2.344321671237573,0.7312098960200566,0.3025783830234916,0.11762921854808589,0.05481822382832455,0.04951238325940966,0.01184930063097562,4.817032908621612,14.5,-2.0511961357079924,0.8215584027260272,0.3842840319653127,0.15673582133339628,0.10306153802730787,0.08467082515071483,0.02183196615822432,5.026949533343995,17.5,-2.366206436554868,0.6780577781813857,0.30286900972081365,0.0837738017940878,0.045485632449214705,0.06606021980543816,0.020545556603774343,4.92767404360807,19.5,-2.0290348899219626,0.7495462513559692,0.35284582989762714,0.08932539512909717,0.03717526534573217,0.04657759791274421,0.008308678636391661,4.539460834865467,13.5,-2.5074918651066125,0.7060962486135228,0.331653454229029,0.07035572245555327,0.024053662081961424,0.027537403324794478,0.006016410529419084,4.290823613359862,10.0,-2.023427214678167,0.8808605382370809,0.2197730855132723,0.10320222000842141,0.04383376642668591,0.05257104981724146,0.011344505397197507,5.031131816931738,18.0,-2.209413750868324,0.7520965984795956,0.2142412398688889,0.06671512945638161,0.029199666130487877,0.05228177002829519,0.019279613981504094,5.065402494042833,23.5,-1.7340788056902041,0.755889658559465,0.2739061451227363,0.15345755774452577,0.08912995008742257,0.16283288197439408,0.046077666709070216,5.6472082411880145,27.5,-1.7456390566126339,0.6469107946101544,0.1944992221070106,0.059061225661705144,0.03008179916986729,0.0511622514005978,0.019533412287321424,5.1405344183773956,25.5,-1.799817680390962,0.6948492807994449,0.3978217979581232,0.2167607899093087,0.07637503562781983,0.07480528910132066,0.008935607502426427,4.797780393908817,13.5,-2.6560910323472715,0.7027091635586005,0.3377805535159055,0.17835855331516542,0.062210377091009406,0.04351460059784961,0.009209345043491277,4.654403221601954,11.0,-2.2549196603505823,0.8109737132941502,0.3741979185463402,0.23878118146250576,0.11827931820474223,0.07800202868562352,0.014901692010028014,5.000891026163551,15.0,-2.264916181707684,0.6977849635573146,ADHD_part2,v209.mat
0.25223233825707625,0.09734502436292689,0.06741332659660683,0.06882680888299555,0.0075698911824909,5.156517565382389,50.0,-2.0137280560354003,0.6813090387551805,0.2615332160474249,0.10225260514132119,0.07847373860875789,0.10265226425533583,0.011478918460073439,5.31790064046047,49.5,-2.051016862489506,0.6462932402670315,0.2506984017237328,0.19005805909429158,0.14863607439448945,0.08835320678735728,0.007343102262649541,5.212800636962585,50.0,-1.864461485015067,0.6113026274869406,0.2534990403272566,0.18714829557499724,0.16372024051609357,0.12051010155600088,0.010002207558765994,5.348061845928736,50.0,-1.9544544342288424,0.5935598382153201,0.2401797061980512,0.22897122913514834,0.18375033009331762,0.086382165552126,0.010464088546699082,5.274909334384013,50.0,-1.995527408858838,0.6201455488534664,0.1928004593050066,0.11444214136037138,0.14522341630452856,0.061024166646086536,0.006215694972934706,5.275329813269167,49.5,-2.1949677993867405,0.6639789904126945,0.2474119706886748,0.19740419972052703,0.24226823606716394,0.1040649934968987,0.015921906387002287,5.3634158440077595,23.5,-2.219515884187718,0.6105436901674877,0.24826207654772162,0.13678197731998154,0.17799563088202924,0.09172757070606809,0.01085181560742234,5.318693051185825,50.0,-2.158151013439848,0.6308687013886014,0.2760761663142349,0.15506984277126498,0.159468039638871,0.09673226069166359,0.015201913710256084,5.2669129333613895,50.0,-1.8854875180827915,0.6206105662204152,0.235297802420035,0.13656851417399665,0.16312149134723136,0.26305511154931926,0.05346543357469785,5.847494082707111,31.0,-2.010515552638204,0.49959350817907455,0.3247899978423301,0.11055294149238595,0.057670609845900014,0.06116297891208755,0.008493025867614972,4.959520128824387,49.5,-1.96498169431245,0.6874686845078362,0.29768085786534115,0.12044122955458847,0.061824183923065115,0.058072716541512796,0.006586648623946314,4.9234915790395215,20.5,-2.2493083058429733,0.7043087444504379,0.2783063444166435,0.18401972363372995,0.1792741344188479,0.167964398065014,0.031318471541374314,5.571467588608269,23.5,-2.2293371725485747,0.5769862593995446,0.174407300437577,0.05335063289473939,0.03437857408236981,0.029194159684672753,0.004692054465834063,4.93508338665261,49.5,-2.119033107471926,0.7119746003480512,0.17917599300608933,0.08859024321269075,0.08416879859742368,0.08152007427311252,0.013612459346923168,4.614652064243635,50.5,-1.4899905037640568,0.5319355184075285,0.24675050845135174,0.12085510168413248,0.12303750198032828,0.17016692963503452,0.04555928745091077,5.632726161437269,50.0,-1.5653089784673222,0.5248636440348341,0.2795762540822183,0.21425468748946674,0.1693812172990596,0.08578909537943392,0.005591099405274347,5.186131303560485,50.0,-2.142899524194465,0.6336402280813167,0.22257577809985346,0.2736983019151177,0.20868741901548718,0.0625212714085678,0.005473423721106747,5.114214466864834,49.5,-2.16982581223581,0.6339513369800158,0.24690125796470413,0.19743049266139073,0.200084326394654,0.1002978494892887,0.009549430258446377,5.321498671547849,50.0,-2.01509828376749,0.6076280553413262,ADHD_part2,v206.mat
0.3401650133512317,0.10020812026657293,0.02937797516251016,0.0225081467193651,0.0033506846254397205,4.323717059628496,9.5,-2.606347748434748,0.755542559785531,0.37152075696082854,0.0935602051866004,0.02024178182793091,0.013907972260324386,0.0023267762141871333,4.173801102652386,10.0,-2.2860483076954687,0.7584757982562678,0.43352560962041925,0.13686987992315036,0.062235444769015755,0.04163817931668841,0.005922778152220535,4.526470601423971,12.0,-2.4448354374526633,0.7314199826932408,0.44628443029245823,0.126808565140789,0.05433482771463376,0.03988123500613552,0.005817082701559434,4.405139975744808,10.5,-2.8383633851889054,0.7095237547797058,0.3188424488960864,0.11604066205454358,0.17393518896700133,0.036595227328736206,0.005315970978602908,4.643006299481177,11.0,-2.7176122107984337,0.711383359048671,0.4209049001566303,0.12437958412587179,0.2253751414418783,0.05040781121105108,0.008430515711385976,4.618075294066527,11.0,-2.7667331787932974,0.6925691993054117,0.3875155126199186,0.19267172955681142,0.17405058754291058,0.07648769062760946,0.01789243859734848,4.997146283095782,19.0,-2.2518904035482796,0.651287507433072,0.4610853999361667,0.1439290762594038,0.13414284280284985,0.05295678182588171,0.007834655755620382,4.609853089630881,11.0,-2.9418838721181815,0.6950843497232211,0.3276197491355649,0.2768109181313742,0.12125848670602375,0.08881904879253133,0.016790137443938688,5.032197026342674,15.5,-2.44023489784314,0.6456239255743929,0.37330987857004455,0.1979366568438252,0.09343789270317261,0.0998799839185437,0.018003704071415525,5.003152211677209,16.0,-2.6353342502710055,0.6446763528668914,0.33627658610078476,0.10086626754317081,0.03319795004459081,0.02647696407143844,0.004587742901916746,4.436380805270106,11.0,-2.4640062811884933,0.7431363715677316,0.41633747115626213,0.10938149907442594,0.04256887026712229,0.0419439232104968,0.007350726057231777,4.434952804725195,11.0,-2.673890085468066,0.7079536720615061,0.40655565863100673,0.10783636088953662,0.04763241801321338,0.045778077106666495,0.00886567516556072,4.581600670012435,17.5,-2.2190615545300774,0.7154771927423085,0.37447519298840987,0.0942828520418187,0.06534509390788587,0.0900469769111514,0.024103876996983076,4.989344031250961,22.5,-2.4699878199344596,0.5893165093091015,0.31238475672910543,0.11767035965631834,0.0825321652892751,0.205451757177398,0.06085687460572612,5.7037084588826055,39.5,-1.764802358681791,0.5143399097293938,0.37042349350484827,0.12419193231468834,0.06388926192384753,0.09841545345503779,0.027438791726284315,5.078888887899283,22.5,-2.3280456033125083,0.6075985082699262,0.443133212961898,0.16146228694108525,0.07197965521030356,0.04494005637801885,0.005104250488055497,4.565489354125997,11.5,-2.4931636258929983,0.7397957482722929,0.4321721820227989,0.19073343378456623,0.1390388835923278,0.04593822972838478,0.006731550389430293,4.641226741769927,11.0,-3.0416045379722725,0.6940705865142343,0.4211637398537095,0.21725801881956114,0.14495120455455257,0.06179888495344637,0.009403396882434583,4.8759369911681905,15.0,-2.3514057687510572,0.6972237726743415,ADHD_part2,v254.mat
0.26405900332654014,0.07518443653440497,0.031426775486545336,0.06541563069861886,0.010156461681200981,4.875500656293342,20.0,-2.2967966858158237,0.7095423682784077,0.3328890442511707,0.09470157180004547,0.0424192459861672,0.1678236283627562,0.027227832476969874,5.283724428820212,24.5,-2.3751589230187022,0.5916703903806845,0.2234830461178449,0.07895006873575845,0.03225909741003068,0.054080348988028236,0.006043358740046702,4.893590080960883,18.5,-2.5308824147578632,0.7012747040789662,0.36641455490528796,0.18381318979253847,0.0783244597493668,0.17041342742754204,0.02437597150043409,5.2670840627842725,21.5,-2.563796602295731,0.5972443631660406,0.2324859591608459,0.06738587421420522,0.030639127681030998,0.04009810327340984,0.005985953207973565,4.709509293474805,15.0,-2.734520492422943,0.7021682828449234,0.25793292757176434,0.10687622612793266,0.057090773360091066,0.07175700428939553,0.010248654255569301,5.027884877862314,18.5,-3.1016122589488373,0.5473616202901995,0.23795906519520785,0.05999010069632779,0.030856539259840794,0.044655737067699174,0.011400813647183969,4.811524714755847,17.5,-2.5476633996696387,0.6546030984439327,0.415870749313016,0.1879792328631982,0.10834050787083942,0.1304163957694962,0.016458255483815798,5.070891332732258,17.5,-2.5637790248701933,0.628802533157681,0.22401572188993954,0.05981528290629042,0.03244571021496637,0.06460312026263546,0.01911358653978351,5.118922178833243,24.0,-2.2741561490985465,0.630720042429467,0.3214800634566573,0.144629938481305,0.08364643381668391,0.1571239586528335,0.02730783281612783,5.29678478788637,20.5,-2.480818367351568,0.6081502098892122,0.27892392985001846,0.06085282420805971,0.022751839691416063,0.03444024492974566,0.0070002655516985205,4.457199308816025,13.5,-2.5065128291670504,0.7186573815839584,0.307753929332317,0.10807570765680229,0.04617938437048447,0.08007871290523438,0.01256791387945765,4.981183810991132,18.0,-2.5508594791782464,0.6900251856558404,0.22486360123674728,0.04436167495172129,0.017086195779759245,0.024165523395379772,0.004316794749638893,4.3576251294350365,13.0,-2.382862501612368,0.744677036176906,0.291255681459318,0.09086422618434364,0.045903723016018985,0.11995844429443939,0.028284148738470155,5.306963755435677,26.5,-2.1620480840291005,0.568212789292717,0.2007217737531628,0.039093985675385426,0.015074374344348624,0.029687937690235963,0.006378339393157622,4.5468255148050964,16.5,-2.347059915013384,0.7087129464161048,0.2725249079565836,0.10272692559223427,0.06257654019598095,0.23797275670167806,0.06972178897384541,5.855836876540723,31.0,-1.8833232023734838,0.5166667753116885,0.23884151188781294,0.09171444941139573,0.03395460511092652,0.04815810257167885,0.004527397348935744,4.793441425502176,15.5,-2.705118056962762,0.7089345943293316,0.3935882186474905,0.19273701983684674,0.12097957521451508,0.1368648641156967,0.02258474798069952,5.165031594105357,19.5,-2.5821926087466536,0.5938238796514544,0.2427738161636125,0.06511791319908997,0.03778273810074247,0.04252454442159455,0.00650438660404414,4.7658993645541665,15.5,-2.556177972850067,0.7053602209786427,ADHD_part2,v183.mat
0.38052231018346466,0.09797032436812865,0.039157463010393606,0.07462579859089567,0.016032459107310822,4.7687571141473395,28.0,-1.8501438777267938,0.6630092715405786,0.3821103090466874,0.07593481234180974,0.03178679645526717,0.21487804991072104,0.053078230857358716,5.282816140476159,28.0,-2.157712617769918,0.510995076574217,0.37310572893071114,0.11457336950200132,0.043756313991630984,0.05659365215084094,0.0087401099217435,4.625037488803921,22.0,-1.934292657932688,0.7095980913055789,0.4011959647715792,0.12780290997139543,0.049085885172126795,0.08460612910390197,0.012842238018642224,4.730601118715148,16.5,-2.4756471362481896,0.6936262468987224,0.39567894225277717,0.11473750788747722,0.04514065402113372,0.04613754391073669,0.006154020383458304,4.36517116620335,13.0,-2.0841991362010694,0.7654210754259889,0.4651104200090904,0.11650002280536581,0.053298832065347246,0.05746410306708225,0.008119993049818705,4.420005846404429,12.5,-2.766193154753611,0.6951062808255497,0.38678862008019566,0.10155730276083452,0.04708435342985895,0.06188932869946923,0.011621375602562073,4.583021339960889,19.0,-1.8649334907043549,0.7104261014701452,0.48466533356496283,0.10570440668524428,0.057845122641420166,0.05556262274578945,0.009231445783049954,4.398492624841518,12.5,-2.5224339980524637,0.7073212031810456,0.3601279572736711,0.0924924556200844,0.05965587713967903,0.08490117868740822,0.022084459963582197,4.88097963111476,25.0,-1.904072756424677,0.643958375111808,0.46529984475900577,0.10122795249287585,0.06000954187817642,0.07568143229738439,0.015060677007501737,4.593162776633982,16.0,-2.472477886002423,0.664299502336172,0.37899997969968724,0.09355125247778442,0.04066745226742249,0.07802822327776297,0.013028186149468629,4.702952735189582,22.0,-2.00270311099567,0.6824678593474097,0.4279380459911547,0.08624123597469045,0.03183727230818463,0.07500150060985883,0.01489078938380214,4.504586464118695,18.5,-2.673050363035107,0.6106743917698875,0.4339599418361691,0.08438358621763624,0.03269842548407021,0.038803164482595166,0.006337271828011201,4.1497628007570775,13.0,-2.0508909199390275,0.7599881523972088,0.41135980731602606,0.07572945668533272,0.03577824181704876,0.09975041434440513,0.031224906997244516,4.796531155897441,25.5,-2.3391210545731385,0.5759161601115115,0.3198775592082414,0.059134598770400996,0.033385447542272996,0.08956763625472348,0.03162841700742304,4.934001277021949,32.5,-1.6169954941317153,0.5787351799355294,0.3519743623729086,0.06026528476977633,0.038190265237931315,0.19157260096570108,0.07767063850241429,5.428825657439968,30.5,-1.7274934316922916,0.5459158528289879,0.3691849629597516,0.14437887708900904,0.05365140151510644,0.05227595364380163,0.006624363687668685,4.586772211196542,14.0,-2.129706744511929,0.731009982494116,0.4429418388548625,0.1459628823996123,0.07019605813737001,0.05720362346887828,0.009183293214086587,4.548284666686711,12.0,-2.7381804485364465,0.7067494105236387,0.3892140067240645,0.1161376834743301,0.05954119366551362,0.052096219162060205,0.0070015141769032814,4.506982808480399,14.5,-2.21129898639028,0.7181956230368012,ADHD_part2,v246.mat
0.23735508161086805,0.06617653532491637,0.027490926042547156,0.06072223586128209,0.012323963851207936,5.00216171408217,24.5,-2.1611624770428115,0.6701722964631575,0.3157151630262753,0.061178934400096106,0.02603074875140945,0.03152304487582716,0.0057145951778795395,4.4045888974836425,12.5,-2.540698182526601,0.7396164967545135,0.284803754855865,0.10605793556004593,0.04814934454621127,0.07429389058794489,0.013339114760643747,5.07059848979817,21.5,-2.202847791385673,0.6929511067139659,0.26631082165515313,0.17017610889807908,0.10366758376438755,0.08686359821274171,0.009658308919599129,5.229769816130422,20.0,-2.424312470545541,0.678602696686689,0.27612769095156325,0.13900799307679967,0.08303038598229491,0.07386388237805129,0.010611548324136388,5.115360640042066,31.5,-2.2245531004378085,0.6834723644726917,0.31601584095737834,0.20878111550873119,0.1349153308317559,0.08450964285373326,0.008462044185755304,5.08885002156425,16.5,-2.560870755448583,0.6875042630768272,0.3295985472865345,0.15634119282800912,0.0986769679900043,0.08802809629339038,0.01617939606078255,5.158553882640993,42.0,-2.07796030824703,0.6569621941809212,0.32460401699546504,0.1711808957094382,0.13829497931040094,0.09536696472084465,0.011570701363880852,5.18066777819684,21.5,-2.218288177307292,0.6817450408752813,0.34467194106018884,0.1522835883757762,0.08945178444416287,0.11288116083879667,0.019922119520631054,5.202856256653139,22.0,-2.258108816264956,0.6645099362768583,0.27052431183620107,0.15347378981225954,0.10364832050682539,0.13775523871626758,0.022850495128284815,5.365383374100941,21.0,-2.389869924937546,0.6390722547032142,0.34408874018488556,0.06543556375287783,0.015749212295782557,0.012256016301899273,0.002045209755552902,3.9774943461519023,7.5,-2.4735464036406456,0.7741317172175592,0.28322414410469215,0.1034595160965023,0.046618507906022316,0.05853402544709624,0.008698405124996098,4.93297717409726,18.0,-2.4530899690758874,0.6997215299635509,0.25724974120891075,0.05706677115647277,0.022584581608774856,0.018886254342756523,0.0031082712588065783,4.373270024723614,11.0,-2.4410030262433,0.7754739865974211,0.3299525637834435,0.12706375631420994,0.07590314763530694,0.12779198237235967,0.03173208051688755,5.294343902537056,23.5,-2.296563756819523,0.615839468993562,0.3089135378755342,0.11672400098142,0.05848347373527832,0.1180488482878896,0.03508588768707225,5.346811425278516,49.5,-1.8386346328334051,0.6079873600671879,0.24854372442459446,0.13748988085098257,0.10583315224950951,0.18337238736017522,0.0470394871670558,5.7407875072264645,33.0,-1.9502823553693887,0.5566738311801214,0.2942457300461194,0.1315857679714337,0.05899367457564488,0.04788816499828109,0.005161257024804041,4.723806905164679,50.0,-1.8320751431240279,0.6508188051634409,0.3232021645092036,0.20880349065974396,0.13725664262197074,0.08320507146033126,0.009318010659527644,5.065853152840969,16.5,-2.465332429071414,0.68476881521974,0.32867036010749917,0.17538591772069392,0.136003400016965,0.08213436361786809,0.011326102266418267,5.097504158427439,17.5,-2.3537774563413776,0.6840584110801307,Control_part2,v297.mat
0.2351368419933306,0.07320139200109352,0.02743609996924065,0.04534542465729807,0.010291052568796588,4.520913636186214,50.0,-1.445109465183702,0.5837945860645248,0.2902195690153573,0.07963964374835082,0.031161320867920495,0.03718363059219272,0.006245938137974482,4.634380815181422,50.0,-1.7739564864616977,0.6606577939421809,0.39503659280309966,0.17504241431412473,0.0701882664619502,0.055312078510883655,0.00773181119880562,4.812891928753554,49.0,-2.137647016993812,0.6793449860781255,0.3935848492839222,0.15472559523398355,0.059445065582024954,0.053367522094897916,0.005677131271512204,4.729003405697793,18.5,-2.393512031809811,0.7162644523567908,0.47622878342120295,0.21359595349364288,0.08449089434290755,0.042390949557261595,0.00664896774276909,4.599588333811066,13.5,-2.424013627212645,0.6909529241711088,0.34773357413724615,0.16036523045792844,0.09232027383100108,0.054669646043416786,0.008322720786741247,4.830343910044933,50.0,-1.8398593424875869,0.6030682843391797,0.21061227259876664,0.1191961716838513,0.06441908330804735,0.046178724760828245,0.01112666504201259,4.381219238183293,50.5,-1.4440925437690868,0.5070361547028058,0.3494778889270265,0.15115690286528768,0.0896999658349755,0.08160671632169492,0.012297520359511966,5.028661859608599,50.0,-1.8355239111213484,0.6098325846659691,0.22594738315334612,0.08567141836896766,0.03762630806770628,0.026970363550801818,0.006269365645285193,3.918215028351393,50.5,-1.5712758041005048,0.520119238721596,0.3291641940244711,0.14913686742537346,0.08707367780530893,0.08849323364784802,0.014547460978657483,5.019670523348696,50.0,-1.7519817733403682,0.5709960452063325,0.23841456380378653,0.07690330463977552,0.024548434589465373,0.02349662542369171,0.00611004008810752,4.160405013652323,50.5,-1.3454320585987765,0.48532285597175207,0.2180561198615064,0.06906850343274562,0.019149812909949035,0.01465200595904745,0.0016001402917531359,4.3237651673035975,8.5,-2.626590341689247,0.8119494556988649,0.22706807641399415,0.06675741522029228,0.020990156503742946,0.012897754080722157,0.0037512968103513224,3.5598179849020966,50.5,-1.4735583124514227,0.4850234421072591,0.3014869077332873,0.12943791940792823,0.04682684044839845,0.049577040148477594,0.009141053031578887,4.658064445634585,50.0,-1.6820673151943601,0.6081868175400578,0.22317974624169334,0.08789197266488427,0.0679992772766124,0.20967103401273013,0.052053797310158176,5.657333807198698,50.0,-1.4368878635478741,0.47714598057038304,0.27172650687184563,0.12482573381728636,0.0664144455234574,0.1059688027395649,0.02645307421903864,5.3496598254981675,25.5,-2.2743403811694525,0.5829511379013284,0.06710891953217926,0.026898394476598957,0.008630096825685397,0.0057595790706040295,0.0010348883929926162,2.210397734968294,50.5,-1.7815650042550366,0.4740316386565009,0.16384230352740747,0.06912603801556612,0.02188798396150462,0.013339492358873748,0.002028152542402947,3.8187861318463976,50.0,-3.0345834408674066,0.5463371337307201,0.14522309686617954,0.07007486678107241,0.02328425505008649,0.010794503944049039,0.0028974740303065022,3.1799826445524415,50.5,-1.5676021194119205,0.444073385730519,Control_part2,v304.mat
0.2642973183793903,0.11827508056820492,0.040094867174515894,0.0342824531571852,0.0040607545599288695,4.762360460577859,50.0,-2.061119380491065,0.6911017302643658,0.25732730687465677,0.11179656313502667,0.03973068339633666,0.03984387372953515,0.004777711351083105,4.846462423777179,50.0,-2.0843531045803743,0.7067595705447496,0.30142025810452217,0.10029149505140816,0.034460812187630446,0.031112922624971354,0.0037267284817503184,4.6640031597547535,50.0,-2.033358425714664,0.7236709921663529,0.2942191215118923,0.13337113547851065,0.04252135887394993,0.035279300159415536,0.003817120733684101,4.68592746848978,50.0,-2.050794447511314,0.6829466306452533,0.23571866977372027,0.08219283322550733,0.02493253582018277,0.02432522175245575,0.0046450799886848864,4.298798900282573,50.0,-1.6137974413122522,0.5964176152921217,0.28428838296851,0.09486290305068033,0.0335817532860649,0.027003896171727052,0.004639013547950464,4.6171437187652495,50.0,-2.068272521488559,0.7039094153247917,0.26744743584137814,0.08412555329846029,0.027597719060696236,0.029130025623391658,0.006300174070356249,4.498521324557101,50.0,-1.8565628962317313,0.6690597420682709,0.30366268938275365,0.10841985507981428,0.03355955496069085,0.035310866795554945,0.005430762226461694,4.495756712644918,50.0,-1.8092687042210032,0.6414381881211668,0.3146185126111834,0.13597890388707334,0.0448977692307052,0.05991280928091994,0.013370486312784561,4.945668422080314,36.5,-2.109457523588534,0.6868699696336646,0.30687228074867434,0.12193262145620076,0.047831899330801515,0.08300831214952598,0.017285843309093992,5.058045138021871,50.0,-1.931858646159511,0.6598166804032046,0.3473070907569822,0.10823331006382073,0.039943221876722376,0.0364498057054682,0.004415163609409994,4.642023496140223,25.5,-2.1685383159145064,0.7180656754125763,0.31437122703735365,0.11211017779657437,0.041524300912557106,0.04428740269530754,0.005828181315503909,4.780027367297578,50.0,-1.9275192248226676,0.688496689762006,0.28159634118009697,0.06674794228576814,0.021472357384864818,0.02010845795447586,0.0035715030985066353,4.455463715480286,19.0,-2.1431720990904544,0.7728585344644138,0.3119530536599569,0.07916024028330672,0.028778738664447447,0.028673338543122255,0.006027817421439136,4.489697144380082,50.0,-1.9014286394696303,0.679421269153422,0.25748097574022216,0.12082663249746453,0.04005948706370348,0.06668000995368041,0.011334989794387596,5.006918600201997,50.0,-1.8989741837275298,0.6770549041578968,0.4023939004647574,0.10984463917979095,0.03068856331316843,0.03800395727083887,0.006478085054134466,4.514599877176341,49.5,-2.1554423130636238,0.7159725220833023,0.2518754710053771,0.13589331721485426,0.04464175903406944,0.0381665412348968,0.004090340424297683,4.753166484370958,50.0,-1.9824789382275023,0.6803981617101778,0.3003970638610206,0.17253846963566166,0.054937922079229026,0.03791862934407582,0.005748500325510912,4.830788546242512,50.0,-1.9440043791520478,0.6786486639459381,0.26914789710249176,0.13130876080058718,0.034853579298343755,0.02995592868098174,0.004311912674211998,4.493585218598234,50.0,-1.8696070521042387,0.6633816531316405,Control_part2,v117.mat
0.32167403720714977,0.14516194680516256,0.04684404112822588,0.025301895531906166,0.003939773860181056,4.575973470253723,11.0,-2.5444551402223974,0.7454201970881994,0.45760224938258276,0.1485636233934955,0.06091971650713809,0.02680059818850592,0.0035175285739856674,4.443010975801285,13.5,-2.2459410590351374,0.7399802523420016,0.214511249401301,0.09323234662853278,0.04774771187395019,0.014296383362608045,0.0009564683345963851,4.633312673750134,50.0,-2.254672686407455,0.7045586185093292,0.44808798653145193,0.14138721144446836,0.057508357692545004,0.01753282474607973,0.001983802714124492,4.265220433787689,8.5,-2.6849186254066275,0.7787008327923134,0.33644246734643213,0.13943777339865043,0.04185013995773508,0.011741876905565767,0.0010060144066249721,4.296204296713067,8.5,-2.854653172842865,0.8140071549932337,0.44223688209995554,0.13540235134247472,0.05383692388661557,0.016203755700543238,0.0021535231363197533,4.264810405111796,8.5,-2.588951418579707,0.7722176496265329,0.31182922783497363,0.13208226591282926,0.03643533687028209,0.01222947418147304,0.001342509669416343,4.448554460874936,49.5,-2.289633917262191,0.730448729028748,0.4443516536319242,0.13482001133468774,0.055400010014838665,0.020192927345546532,0.0025665481975178507,4.360223512413187,10.5,-2.3517814270593718,0.7546386951367994,0.3094724693334367,0.16833941740066843,0.04888454437675491,0.022721705103815555,0.0029460933292667344,4.575777014491329,11.0,-2.6807031654307485,0.7441105316516148,0.4417277926869747,0.1414297503580009,0.052325545884917626,0.024862829062400595,0.003885891251325571,4.491156453281871,49.5,-2.081514687851124,0.6999267302149854,0.32969963117639545,0.12740460486145633,0.04308149006829033,0.020768624482287706,0.00223076721032839,4.463763103451036,10.5,-2.677133565595244,0.7636807718492333,0.44621567647713567,0.12975627487258412,0.05824010242668699,0.029748469567850457,0.0037366008780830183,4.492087026101369,49.5,-2.069576502241339,0.7066071632338713,0.3111920075935241,0.12888696983294842,0.04121041037015529,0.01653159502380894,0.0015258331677035397,4.464773426633885,11.5,-2.633162081259263,0.7592882157890083,0.41991846065982036,0.12460251643451696,0.05077881180250025,0.031351529694673,0.005209102503785047,4.50660133841661,21.5,-2.2209772234297342,0.7037250581119037,0.30286701616396144,0.15621650543940152,0.04313783127629113,0.027233105875922033,0.004004108978132335,4.597742160416486,11.0,-2.5774721163640066,0.7573884507986817,0.43729769281353864,0.14241340908308114,0.04976671680684551,0.028435009968684543,0.005373123432688452,4.502084033453143,31.5,-2.0897517894253195,0.710171996325226,0.27210602931917044,0.11290738805312672,0.038723012499158924,0.01472801594100889,0.0021477345386338616,4.378420614593553,50.0,-1.7829728392520028,0.5860847517338479,0.4417484628656931,0.1438578080111955,0.05921161936856176,0.017628946064115438,0.0024229827738542677,4.3532665428167405,9.5,-2.505409909641483,0.7486957779506818,0.32193844022575246,0.14140576814303377,0.048843162998143015,0.015941826393886423,0.0012634257470303177,4.3793606786069015,9.0,-2.909822278407062,0.7968815914720614,Control_part2,v120.mat
0.35555320740228935,0.13996600973232715,0.05405821974387798,0.1270802094131838,0.012332386308903289,5.013547389114584,21.5,-2.7727448124098233,0.6486061183285563,0.20257623705578243,0.1156093434964554,0.04584815660832439,0.22381360839039416,0.034648153619852094,5.704524620700195,26.0,-2.4799583008366466,0.5478041849326472,0.42189389707808905,0.1472326611619041,0.05805781021953288,0.14367216954412315,0.005820537563145216,4.8850081526189495,19.5,-3.0567997212088036,0.6665618169589553,0.34579759714344227,0.12345366462690613,0.07675784706244818,0.2411071464960431,0.023244908649743063,5.434144737937587,24.0,-2.5898255604974163,0.5800336256331197,0.4210313282766416,0.12366720872491566,0.041880046146628325,0.053492584309504494,0.00785225131515188,4.454365396448612,11.5,-2.9133617259187434,0.7011262435585979,0.40487015593090614,0.11900378323520584,0.08421126985226224,0.10371708289830747,0.009255447575414097,4.869254038063011,18.0,-2.8343130001755403,0.6768581029658083,0.43060251787930814,0.1116321234494992,0.048815973685619865,0.059935486215764944,0.009716081850794535,4.504533135728552,12.5,-2.941043534984296,0.6880780662356201,0.4080220276693635,0.12563663026705774,0.08104434444769143,0.06907753499764503,0.005623962979504199,4.689226260623994,13.5,-3.057145366487581,0.6786120752320077,0.42208402824471725,0.16840259479981387,0.07590383151174088,0.08402597008893727,0.005662249060622971,4.695593230606648,14.0,-3.046204122932397,0.7034880059601478,0.44564149385026436,0.17780751958914368,0.08404286154971545,0.08220938713828387,0.009622032322810052,4.749596450545824,15.0,-2.7352039368023755,0.6935037985219856,0.3989883570967194,0.09907242271251276,0.04993258145236639,0.24299979924111928,0.019617775064527755,5.196222571210551,24.5,-2.4818384371352575,0.5989016528422924,0.39678299756158053,0.13679188587835378,0.052080043423149126,0.1512861177375235,0.014877026467192928,5.025171837843432,22.5,-2.772367696602906,0.6384445807501093,0.44690269903336877,0.10177723801218111,0.04579984322389561,0.03434300967953182,0.00405597082340492,4.210950945421538,9.5,-2.919250536592937,0.7426776113543965,0.40622143886068995,0.08669747773531937,0.049132533561462105,0.1820360490032826,0.0354333733338647,5.186220006867306,24.5,-2.423419897434705,0.559585469095246,0.4332597215626056,0.13768539227366727,0.05676173963628918,0.09363716941935817,0.00856406430157664,4.704340774122109,16.0,-2.8254182840383075,0.6889889787778165,0.387315589310186,0.11360253739408514,0.061749900293481604,0.1641174538476443,0.03158968241225785,5.213447492032595,22.0,-2.4343247882495307,0.6373104588434623,0.3126700576834815,0.146965223770126,0.05372943418075537,0.07198315870104273,0.00507820670488338,4.8284250983908175,15.5,-2.984144998034113,0.6977951078930853,0.4143228820812495,0.17745820827124936,0.07939242271729557,0.1029819282880495,0.008116942652268798,4.876569976873948,16.5,-2.910353350843746,0.6675368632127877,0.3863217133232022,0.13122334225988863,0.09688070413487568,0.06135050738661724,0.004534167016404491,4.703226684885749,12.0,-2.9288549684590275,0.7300309534664311,Control_part2,v127.mat
0.2985182839323365,0.16999603134399568,0.11305088405780025,0.11078005876492275,0.011379764532228838,5.243355343437339,20.5,-2.406409283841172,0.64784271188647,0.3108471787936923,0.16795844103071408,0.12118870513120333,0.11615950201049109,0.011916356202482433,5.27621167204998,27.5,-2.173750653271806,0.6386284395317574,0.3023383247278488,0.1982882811299062,0.1296140837303132,0.1146747993574099,0.008657781654188679,5.185762643091692,18.5,-2.4730646017982014,0.6535800609484022,0.31327402885722455,0.19199120171038941,0.14293999797403936,0.1179479790342067,0.010426615393426802,5.24282742257437,21.0,-2.331990933046658,0.6488296724956828,0.275756978997564,0.1778024403278369,0.1602149062738496,0.07876102017754388,0.0094681980191983,5.144230213110262,50.0,-2.0631578187260993,0.6410229532983163,0.2260751766798414,0.20594196154536173,0.28726739185144506,0.08990158288182179,0.008867514782768994,5.145790842922012,20.0,-2.3125772871912695,0.6345650493591501,0.2026699168727606,0.16035437556607957,0.1425587650664717,0.08913123268193161,0.012175087701528154,5.0959501724598555,50.0,-1.6788960952075218,0.5483195630694293,0.277134323542181,0.1887424764418842,0.14204258273732978,0.0893313246448279,0.010158579631129084,5.15340612678801,50.0,-1.963419130433493,0.607945943599627,0.3116245746159481,0.19036848051506847,0.11405343305098077,0.11878443594010016,0.016394026448841432,5.287292121271575,49.5,-1.8994155098712404,0.6019667388969936,0.27824991054207904,0.1752073643645778,0.11869596830857779,0.09077994721522922,0.01152168377832267,5.135648381355242,50.0,-1.8312039439028032,0.5904785819647891,0.2770215549875683,0.15100961496959836,0.09981997310854072,0.0980444254840214,0.011450830340280537,5.266034514712451,50.0,-1.9269370951429727,0.630382529811377,0.32315233579310376,0.17398735582652103,0.12633842825322897,0.11339784358849507,0.010299445206199354,5.231818280855024,22.5,-2.3001787688401785,0.6500586682185578,0.35317965134334905,0.10164070865800465,0.056885038488324734,0.03463280696560796,0.004567307506586621,4.569440155520432,19.5,-2.2741357658901635,0.7251129454253415,0.2624695107501168,0.20956705055495528,0.17660097158044816,0.11312284665740796,0.015357376530620685,5.357731151661711,31.0,-2.0265991795121256,0.6366802962985936,0.27498511286587607,0.1710690671876668,0.1303973780866133,0.16802490290064304,0.02853518390576226,5.5711146447566735,35.5,-2.0198580170038545,0.5732866983880196,0.26853118532450165,0.17079076643917934,0.13106375858389485,0.14149578096158513,0.025333528598416085,5.501672803468951,29.0,-1.9919654310172854,0.6202478378183897,0.21200563774711173,0.1472272193628839,0.10875686723144301,0.05897821988398483,0.005369636773197614,4.771397908147274,50.0,-1.7562499424530547,0.5492135154486137,0.20097820127761795,0.17610125718035616,0.3238867211284153,0.06125959286337363,0.0067236711898113295,4.96896423114732,49.5,-2.0273511094041736,0.6145472404829717,0.3036980374070113,0.20822856367229245,0.1984101393409151,0.10859820504521103,0.013961782147643305,5.211001702437868,18.0,-2.3652440676164166,0.6445803711006872,Control_part2,v306.mat
0.24785646922681703,0.13400977619019663,0.056684736631594235,0.0757132699691403,0.011592365216052369,5.242816795564121,48.0,-2.0258238496178333,0.6622465289121313,0.15711684527030328,0.08139939829900683,0.04341017719801704,0.045167523585845186,0.007419055208749155,5.16081355921321,23.0,-2.524259343259118,0.6154157257745939,0.32968597660925764,0.23794394372450384,0.0997708234583394,0.08033295398760947,0.011388611212957521,5.097745656140131,24.5,-2.1859600687092846,0.6544474099166881,0.19034630702751035,0.10949984731670735,0.04839702281154014,0.038412786695820864,0.0050972878845580985,4.922085520733181,16.5,-2.9682924773234856,0.6011767179326903,0.14374767286657855,0.09841418189056783,0.05130200547930357,0.024020603063445604,0.003437346758145999,4.949025744245013,22.0,-2.716274013815087,0.6338182603189091,0.16393989353620397,0.09691535486862148,0.08046739536815352,0.024977934916590866,0.003596254912322272,4.852660474264839,12.0,-2.9591035310433225,0.6366624525703821,0.1198045376484658,0.10252326454075192,0.049302846342952886,0.02895782083413892,0.006003988070208368,5.108819175193991,26.5,-3.965854011375247,0.4173718603332255,0.1631246599363413,0.10034450942331744,0.051858791072320144,0.03438893757252825,0.004938679900678351,4.965946794969441,16.5,-2.8468241199636046,0.603682184633664,0.12589659998502897,0.10754329125061207,0.04053361388293267,0.04123329094625255,0.00785764182037196,5.170509763837826,20.0,-3.8966564326299,0.4157028768761578,0.37811908957746826,0.20533836925173837,0.10958933287932808,0.1154725237460519,0.02400758243223117,5.194787849226497,22.5,-2.2908169327152734,0.5987489847903698,0.27319564468948787,0.14035585742750814,0.05160095605675825,0.04577011991978042,0.007460559976096599,4.966325391489594,21.0,-2.1519484755875955,0.7162255762955116,0.39278767620614896,0.20664784416996088,0.0920106728807507,0.08055238233374545,0.012580221387719605,4.891660153254811,14.5,-2.758988963182576,0.6501890936095804,0.282861912050281,0.2470663011169545,0.07992081650625474,0.09560427081610245,0.017407446615351763,5.210896008428679,27.0,-2.1938453276922742,0.6271608414057379,0.35530746972528604,0.22351316922192804,0.11634524072737057,0.08776325571921079,0.01757655259913172,5.125074154308085,21.0,-2.281825471695721,0.6465364717258438,0.212864022412923,0.27820384480545024,0.09022049224567892,0.18915070691451444,0.038563963190703314,5.587065334677341,27.0,-2.1741740145138744,0.5303440488458037,0.30912792674237527,0.21429456015465953,0.10400207581825326,0.11041543519497136,0.02802426816986304,5.350891602152562,49.5,-1.8915859669748127,0.5927966894177665,0.3471107447561013,0.273388254932733,0.10936258883908966,0.06723822565720862,0.00751078949134665,4.8921762549245695,13.0,-2.6489846922008407,0.6808808498855401,0.33321961862293126,0.26883870297221135,0.1294249987806884,0.06764701760876736,0.008958167632015108,4.96905809414525,15.5,-2.4898524490292817,0.6739470165981719,0.3488598398536614,0.28724116453938453,0.11755590492594543,0.06943871157925868,0.007664807756729775,4.880254496835076,12.5,-2.8801325417163155,0.6584163385680284,Control_part2,v298.mat
0.36772689546077847,0.1799569867670557,0.0590948834698424,0.04818348341911263,0.005859944861231404,4.678415370236679,13.0,-2.4430409855194597,0.7202946196403895,0.37873359087541003,0.16088202506199348,0.05811925105529819,0.05051877677478005,0.007882080500429671,4.6733930844998275,12.5,-2.5592346704413043,0.7089930512270816,0.4838778513335141,0.2131909975288788,0.060874745337862704,0.041317327179428126,0.004822751672357787,4.457069836851937,10.0,-2.7279497048602175,0.7189946629462491,0.4135901711051707,0.17213775250341198,0.054149507508615496,0.038710431904289674,0.005071700916320445,4.47043625830732,10.0,-2.7174500187789796,0.7236110304655099,0.35140324020767716,0.11352019216575646,0.026603829849172343,0.018699644176280696,0.0025331566488957544,4.191198862529605,7.5,-2.850252164558967,0.757171256142892,0.41919523902226374,0.1850111672268167,0.056560787274150884,0.04017132862736916,0.005262146779777311,4.492404507646078,10.0,-2.856246809157828,0.7021735199760282,0.4205423203678451,0.16962121908117095,0.05775932828375899,0.03288246469130638,0.005252798257233767,4.422479601171656,10.0,-2.691218071716577,0.7548736844329536,0.4180710540277765,0.183942541218209,0.08351478939320198,0.037558848370611575,0.004853615938238116,4.659898617968299,25.0,-2.197905624294765,0.6996875245345284,0.456302221688035,0.2009621165326428,0.07423413926240915,0.041456983883157585,0.0054205793874892595,4.477471537819073,10.0,-2.987207673826984,0.6912981445655512,0.3902693357644642,0.2620569965384939,0.09095103438205931,0.08974214349900388,0.013917667637802852,4.826724028816474,15.0,-2.8530619134751776,0.6312045195881981,0.35739330142449244,0.1646355640881933,0.054919390989710014,0.07244981431913981,0.012385289247502406,4.867192072066509,19.0,-2.2271100727784607,0.6804499922740224,0.39689581475693614,0.1486318954953801,0.05196057186132136,0.052866852423307,0.007034375041938186,4.576184387362013,12.0,-2.716864702902258,0.697691072538992,0.41913033506554015,0.15106588110229974,0.06322497558905456,0.031043998350142092,0.003895314562950733,4.471909812145992,11.0,-2.509233419947815,0.7515577006319887,0.2919360733774621,0.07569199338993642,0.020352217697582227,0.013775435901596666,0.0019233855638885174,4.172348998623216,7.5,-2.864477358702498,0.7868272815590316,0.4814033748207101,0.18495465374051864,0.0739425163695539,0.061706363893660326,0.008681742418895673,4.63606477304046,14.0,-2.3075804851074895,0.7241334420858568,0.3248359427162033,0.10521891639669725,0.04500744836033964,0.06361206073679908,0.014774530601957726,4.828659970258235,17.5,-2.26382465946264,0.7063323855399688,0.4111662781938652,0.18566637589048562,0.057103229325786514,0.041152645369438884,0.004486852360608261,4.543329166899108,11.0,-2.5979063160948415,0.7278499211975757,0.42457323727871654,0.20752132482183375,0.06630414766324004,0.04704946560961146,0.007176785121334803,4.607472636452277,11.0,-2.6290125931778,0.7172531206957745,0.3668991520633659,0.13188720117068573,0.05154823341355135,0.024656821334006356,0.003159564888780644,4.454370138030085,11.0,-2.549488884194954,0.7423491706578327,Control_part2,v138.mat
0.16842162163431915,0.05761175911771094,0.03917609321710401,0.06757914945215608,0.00760769743767882,5.2853367086322,50.0,-2.116035116657525,0.6234043546449521,0.22010775092649462,0.05813283286677475,0.02529245259765743,0.029822336494929047,0.0034307075731293147,4.5878388190658494,13.0,-2.501386719464212,0.772529056336143,0.19247174359021577,0.102810454791135,0.0738201886759659,0.09223545749880371,0.007036033619277091,5.350520420575065,50.0,-2.1381195349139213,0.6335598501417501,0.23802624274987827,0.06849271032742378,0.03341480874667569,0.037942821477308174,0.003091317043368046,4.692088905025629,15.5,-2.2189858623778407,0.8064133721314227,0.24039317730521503,0.08223938595876681,0.15143774011650812,0.0494150235712775,0.003257773494616315,4.904860785563118,15.5,-2.6248307553839445,0.7081656545394046,0.24084040785838037,0.06430583052564312,0.043160151903325235,0.03216552139632144,0.0020851770664364346,4.549501515611233,11.0,-2.6127832827545086,0.8149155497320485,0.2062570259133506,0.10921934848804189,0.17276294929239416,0.08410326761651558,0.009012281970645766,5.330651407864844,49.5,-1.9193015119427639,0.6482671932264397,0.22411842084998002,0.06222278794179855,0.056426241400326344,0.030049256859721277,0.0026924410819508565,4.7130100957135745,13.5,-2.249522088577001,0.8108725939574899,0.21745208281577214,0.13209720447537784,0.10123610768711713,0.10627115119349306,0.014246461952309705,5.397153436275752,50.0,-2.036654469335823,0.6255855501828433,0.22205895428578337,0.07153825678410493,0.033193774583077214,0.042950547672341015,0.004137621077847594,4.829576470675425,17.0,-2.303685253204881,0.7459161826540511,0.21452379063503949,0.06750295509094698,0.03933942028295529,0.05663763992601761,0.007182627532618231,5.079999579234545,49.5,-2.0995984893114192,0.6628641735718611,0.3012360412267017,0.0631712390578905,0.019899851104044863,0.01775581512730164,0.002009042618737376,4.12960730441991,7.5,-2.6902328832134197,0.8252891818638584,0.1956908711428505,0.08977806188992132,0.12419893998758093,0.08986040353469713,0.008628936558558207,5.387119360058358,23.0,-2.19789787779777,0.684539647502291,0.2304202741946675,0.056695962972326805,0.024420002802834222,0.02999989290006327,0.0034959274550388072,4.490299091463823,12.5,-2.4680950404988917,0.7736597233761126,0.1427844170640686,0.07134012275913502,0.08001207857840088,0.14887884473461702,0.023751186035826807,5.6212141428598095,50.0,-1.7885287966895842,0.5268856906959132,0.22020696167171025,0.05327700529695369,0.01797491367034511,0.03498717630516587,0.006068155995303038,4.678734907074575,20.0,-2.088056713628804,0.7552694304845754,0.21021151156244908,0.1170231820665058,0.07585888596931888,0.08546321646654004,0.005202394145837185,5.2636859561484135,50.0,-2.154026157842172,0.6493249683981358,0.21668784421587142,0.06732251017505779,0.08068349268982766,0.03335249541758941,0.0029429267445820716,4.860751647352862,23.5,-2.327633843611759,0.7203873208015978,0.193671231885961,0.11920681584429847,0.31136205288494234,0.09285852735201373,0.007147867896149727,5.073468094270893,17.0,-2.567162225835863,0.6517190789490686,Control_part2,v302.mat
0.2527646715883819,0.08455583793361061,0.03778833991652906,0.18000334195862364,0.04939828547018771,5.62838236285013,28.5,-1.8157474209126963,0.6040188948869353,0.20453590445721215,0.08045178401458715,0.04201205282161292,0.2098619565017128,0.047468341111871475,5.788804487836272,28.5,-2.2565927743983503,0.5365562158091074,0.3308040059753125,0.16395411977003355,0.05668571065051839,0.15616153770360167,0.028422878417008926,5.294233642972671,23.0,-2.6694177130724035,0.6029978931862484,0.4023499389019254,0.18899232443461073,0.07091026095979062,0.13739060803099357,0.016426344602556507,5.088311449705644,19.5,-2.637030028788788,0.6365959202812913,0.32764431394990223,0.14196656166494076,0.04362559032241962,0.0833290152656602,0.017774118440475013,4.911170823148842,16.5,-2.704911801833686,0.6773883602333923,0.4121857503182084,0.18358415546656331,0.0686680179992361,0.11259180288001285,0.024217208697419394,5.026437963494012,19.0,-2.655505007329929,0.6313525267582443,0.30137077813872953,0.12872219789960154,0.05385210876073457,0.1022734991167273,0.021093349552201393,5.137280282988861,20.0,-2.553701742577573,0.6451540440457063,0.3742755908284328,0.15574706110605824,0.06453375079073267,0.10821419007886476,0.016907405843978714,5.0146870768384755,17.5,-2.557694972854946,0.6663469948897935,0.28463160058190873,0.11952904866522449,0.051811265706343805,0.1237456369508566,0.03192356407168294,5.327930915239698,24.5,-2.475140843693196,0.5933398815428068,0.2954865568218905,0.1002833517469916,0.05898970468972706,0.19743250090183848,0.061162759964860036,5.643631672738503,29.0,-1.8803467039090658,0.602628337013728,0.2995299072813654,0.11396300829450914,0.05533789006105599,0.08517211677239098,0.017203461801194482,5.030132500237917,20.5,-2.492480248013908,0.6671492227611732,0.31335483684049115,0.11488105130306253,0.050650602834941855,0.11393462246012455,0.021317415633467375,5.165061163752201,23.0,-2.3787999682433143,0.6579340113827012,0.2946333331424651,0.09602945848260301,0.038302516569624655,0.10882056666053383,0.028785780898517726,5.184363069756024,25.5,-2.4230461668891157,0.6139223684965924,0.35655219658903753,0.10955886656545076,0.052594551930885074,0.1843940108395986,0.04686176287847005,5.448269967724439,28.0,-2.078923755652505,0.5757011967507243,0.3905778402980885,0.06345468644735619,0.01824836112294855,0.006445440450789021,0.000869140504352912,3.7189281326154506,5.5,-2.8310333683267794,0.8311386329582117,0.3216883768313935,0.1004627725675748,0.0374131551987496,0.1296250377125142,0.03725288800958312,5.275142105086461,24.5,-2.010247104610076,0.6572897468859442,0.264119358742735,0.12487870504614454,0.05031995486860308,0.06238685893040163,0.00900345930209756,4.901316467020716,16.0,-2.856978258026491,0.6730082808633739,0.4059686495590724,0.193005802554899,0.07678544531173051,0.10689443082093325,0.018437882739733135,5.012015904453711,18.0,-2.605132038120871,0.6505225724545409,0.310891789418538,0.15127783218765706,0.05951091668359787,0.07370973836842391,0.010507027882062328,4.927621849534927,15.5,-2.828558359671703,0.6766732112724423,Control_part2,v134.mat
0.43878653803367135,0.0928699353503763,0.019533255889940586,0.01362008926923554,0.0018048908848387754,3.9846143751706444,8.0,-2.347633694903201,0.7730449757763463,0.29840496180707876,0.11559015812645441,0.040779824275905555,0.04052815940047371,0.005887255159025136,4.7813264250661955,40.0,-2.0640814768276776,0.7189239501609841,0.40749571126526163,0.08612008402586546,0.021366541379889265,0.01478237556137837,0.0015368027721208775,4.02715179900171,8.0,-2.4439551998405338,0.7850984614059653,0.4330953109636354,0.20598153305989766,0.06472525669471228,0.054875937680933795,0.006304871193690874,4.733698880780573,28.0,-2.125520325593657,0.6915873072700209,0.4329679966703375,0.08094149299914387,0.021232659581948827,0.013601321452675983,0.0014483550241130832,3.911270777819794,7.5,-2.515462769025058,0.7959936857053173,0.6320398158951146,0.11344380914308683,0.032364473353312814,0.018905447763926973,0.002494213597359844,3.788394044976038,8.0,-2.5693505111874733,0.7613712669591031,0.4166391565210488,0.06902814164898416,0.01981540617193163,0.01741893022538112,0.0024366433260369393,3.9931988016371616,10.0,-2.3496569781430288,0.7585181447277989,0.44788892467496727,0.14770562748652621,0.06267867909888798,0.08197242165984789,0.010895477482285828,4.839480187731574,49.5,-2.0533113357523702,0.6765586824099654,0.4161446840490801,0.07406527870117846,0.022217040718929645,0.023584635901798483,0.0029235884446925896,3.9954843087362857,8.0,-2.6985790277936306,0.7719013840764843,0.36625300700413976,0.16450684462729206,0.08051294313349512,0.1078823909760347,0.015551523277018826,5.150519950097412,49.5,-1.924899704059492,0.6346895140818543,0.4454569891056209,0.07628400172847949,0.018095164502530157,0.01256863298750034,0.0014551991956517404,3.796540036904229,6.5,-2.591542213084627,0.8170545376846069,0.3506759581433953,0.09084323482622471,0.028991722680979885,0.024913880822347034,0.0029166390462964068,4.3501025124701105,12.5,-2.392967191317506,0.7658314769552484,0.3650806048000893,0.0754301521293245,0.021505988352360533,0.0231509623154414,0.002643771685255347,4.153432420676193,9.5,-2.524454125779639,0.7664918206266311,0.41546741880376725,0.0761480227429428,0.02141068532522506,0.035522120210108275,0.006567941841849846,4.317769534482145,28.5,-2.073424882008313,0.7138527587700372,0.3405683018584808,0.06965146530362527,0.020553041804094462,0.05681748610851552,0.009217790121601574,4.551910372591174,19.5,-2.2994229795986842,0.688610777942987,0.30474015953495776,0.10953196238497878,0.05538609424408735,0.1542756154434333,0.03966002334571242,5.412321635499563,50.0,-1.480965484072601,0.5399444763624064,0.42135030695525344,0.09407970091686532,0.021678570047417862,0.015213567719780169,0.0016317567396456904,3.9744444795334926,7.0,-2.667716160489602,0.8001924342491504,0.22146733345082917,0.14703440410791763,0.04251513224059402,0.028612630764995827,0.005443634798740758,4.141600279372876,50.0,-1.574362821619539,0.5170558498980833,0.4173585929775062,0.04549705810298413,0.007849172379992622,0.00431201211512349,0.003384515078456002,3.6635709409484267,50.0,-1.3589989567832865,0.3805371296080339,Control_part2,v300.mat
0.49058401229720505,0.10871402347644644,0.035474420149220684,0.020016941669326167,0.0073779039112298155,4.009438614387537,8.0,-2.7545800963940392,0.7261345420757689,0.3797043715915776,0.11492897080268848,0.04274174943225297,0.08424333138365991,0.025465307313390168,4.806536278592776,19.0,-2.5972748671129144,0.6096414342457266,0.4962843639838388,0.09813922088357943,0.031673827288445255,0.015845662605949065,0.007850935329821071,3.867587010490172,7.0,-2.9948435149884087,0.7179381005567589,0.4165180273361942,0.09735674913361253,0.03685872922436362,0.026597236414192704,0.013392604118244587,4.1874125687988935,9.5,-2.884660756088619,0.6811539497224891,0.47493765423654183,0.10045734008654868,0.03252118812268567,0.034943155449495535,0.010719169379011408,4.0314518801517885,9.0,-2.9531114544074724,0.7022941720075625,0.39833453757533877,0.08494041316748643,0.034709978258768044,0.02055095472431261,0.013363385891716508,4.126146468713776,9.5,-2.808743968872782,0.7021242487484863,0.49353940470441904,0.10536710768247809,0.033231401831247766,0.018975652368071107,0.01544770023426194,3.9791511916694193,8.0,-2.874553385909676,0.7157304736137278,0.4040552661350988,0.1009923926282083,0.037440842203106985,0.02098439571779465,0.01333946153317181,4.160281270557056,9.5,-2.9921604851870214,0.6815604868813556,0.47298160530895117,0.13793415762634095,0.03681916323718029,0.022247329413596143,0.007533879984827529,4.084139424194598,8.0,-3.0528115764830828,0.7266435637808137,0.4014545644673285,0.1397015428804338,0.0422067176261296,0.057036325638856314,0.019193661080007668,4.516717829623708,14.0,-2.8688608987941757,0.6734528028136666,0.47440860380782324,0.10777469127352254,0.032690794655202485,0.021256155215025174,0.014329180310426671,4.039874463193431,8.0,-2.9627365724304235,0.7028571647107186,0.3953452737155911,0.10853336208186129,0.03570224271972107,0.04144469019279555,0.01098217905792975,4.405104051876475,12.0,-2.6354526003188337,0.6753202494330757,0.41557636082748045,0.07760412563242441,0.017195884730610768,0.008924506227085929,0.004869375950443486,3.74016468776378,6.0,-3.02929769204495,0.7670481763227115,0.2745205669243244,0.06999277088876894,0.022962560694968624,0.03449867707472434,0.013210131218555283,4.535721311944449,14.0,-2.765684390947137,0.6537722031458935,0.4704999841910039,0.13711857070626796,0.03452427937841447,0.034990978163731326,0.011070522207195715,4.1811670750517855,9.0,-2.9475998654074336,0.6828253801958969,0.38432027683935777,0.12750974659755776,0.03854155622190289,0.03546396362639511,0.01861424491997347,4.437161840341283,12.0,-2.676636298086332,0.6665000239311973,0.5047367962464143,0.11104206965625163,0.03710924902534235,0.018804513123728647,0.009756423855288106,3.9799162376310995,7.5,-2.844167168605848,0.7243459662078608,0.2014112952823452,0.06248026400078099,0.022444121203518515,0.010475449803539514,0.0065693229235616515,4.23601338585444,9.0,-3.1110987391797433,0.6649280075593382,0.482760710294466,0.11909864157641022,0.04730724119661672,0.016611742286214475,0.011813404283128796,4.0307252667121665,8.5,-2.9970960737128682,0.7382834128611336,Control_part2,v129.mat
0.2974518927665888,0.29835056666219384,0.07249160215151769,0.07209039497476658,0.006386439015914137,4.886698478151276,14.0,-2.568431739800177,0.7179367458353212,0.3591413065720675,0.10713196807145026,0.07063459178288088,0.09970730380937948,0.012847345719548015,4.894985970291649,16.5,-2.8531715543372633,0.669238990893691,0.31015500052455447,0.3176741346490798,0.09672313277075117,0.08675933375917663,0.004145513828209444,4.943822330020382,14.5,-2.6022544883235232,0.6963842407990666,0.40861991626287086,0.14716954483057806,0.10663220394042025,0.12169318456573237,0.007853256465762163,4.955419639135844,15.5,-2.812807113498584,0.6882357263141157,0.31301903508891565,0.31283094226320146,0.10106446490182357,0.11061482597412324,0.0074976832570214655,4.961540131202487,14.5,-2.869230557253673,0.6907360045886894,0.4236346560503902,0.15941982358408321,0.10797430769284268,0.12026127011227161,0.009632955686407312,4.91723484574715,15.0,-3.0890211105671694,0.6657140550701072,0.30178931896017275,0.3534777644679839,0.09023360308743136,0.07455690986794038,0.008331628753514168,4.827452171226998,12.5,-2.869307205679832,0.6821325322357058,0.4229477318932385,0.17740899725458434,0.09315264836483873,0.10362056671858529,0.01055952415143263,4.8906145133230225,15.5,-2.667351899336211,0.6760478327740715,0.3040796121722814,0.3501083429905768,0.09041260655746172,0.07460225379221053,0.006875839075707166,4.824295170152542,13.0,-2.8717706572204063,0.6822290953765318,0.41056079978636406,0.1734503230032126,0.08932098801463197,0.12544184597730373,0.01645876468610275,4.977214229247291,16.5,-2.7754484712714556,0.631794752660378,0.28015522824261085,0.3459615275045488,0.08858375031711706,0.08067218785646789,0.005785052569759279,4.886405838140009,13.5,-2.786434262882959,0.6857534119082475,0.41085799613087226,0.11866378504315159,0.08679725505222124,0.11323454805677242,0.010520589187404257,4.874371404157907,16.0,-2.9148950932330773,0.6829054008867161,0.2893552929305775,0.3552296009479755,0.09024782219255456,0.07492001997352694,0.004708854123040377,4.807040471542792,12.5,-2.9167377316823857,0.7072333023325652,0.4300015339439027,0.12495623806971459,0.08137805891042435,0.08288548228627514,0.01048321185440346,4.780276548446581,16.0,-2.513858262421236,0.6958995434740167,0.23544505609808547,0.40283798114045405,0.09746741134435483,0.06939790894942995,0.010981531165074776,4.831001786175875,12.5,-2.8266196425082826,0.6689878243293433,0.3893377285275643,0.12204535241921038,0.09796787678349939,0.11588884959962525,0.01856773570118084,5.017462921440529,18.0,-2.7653788829682746,0.6261859730323385,0.28269734724563184,0.29095423797946823,0.07305014882846922,0.07170361673695323,0.006013393838926233,4.84679320999655,13.0,-2.9383217458051925,0.7077584075300106,0.3795630148324754,0.172078973556544,0.12391374947036096,0.13081958130227883,0.00950657889600428,5.061253095318346,15.5,-2.9753641120652348,0.6604326293663263,0.33565002870797406,0.3278540859622057,0.08193372219669313,0.06992747533413889,0.006463700283004239,4.852826859864485,15.0,-2.4692055952878493,0.690276795772857,Control_part2,v140.mat
0.24903534190917054,0.10497271828824024,0.043379171081567795,0.10092698898098162,0.01899216447225209,5.170887894038138,50.0,-1.7364664518928703,0.5888104858072121,0.26567129255395544,0.12669382106648253,0.055764635145064675,0.06558047909418391,0.010157042633815729,4.8956459821466085,50.0,-1.739447902301119,0.6200272132591178,0.30138658025046267,0.1755693027655476,0.0691586574381221,0.06619250842481862,0.009482187581905086,4.903739677468896,50.0,-1.6727966410355883,0.5919008624271304,0.28928037872363244,0.14543338899946895,0.06319562708933611,0.06752876581395968,0.009727583051442489,4.905843898199702,50.0,-1.6891480541510857,0.6160661957025511,0.32042214231605903,0.18566983607937568,0.07004720031605474,0.05377676092025131,0.007296023851548087,4.7624282177648825,50.0,-1.8447183360852386,0.5948210417094463,0.15524922921347722,0.07571395641456355,0.03516515935169819,0.03972056639097943,0.006449711633756358,5.1804870193208306,50.0,-1.7383551650904054,0.7162209135994808,0.3194409116568012,0.1648895804495996,0.06216958830409347,0.08607546874272728,0.013733572407509607,4.953486238746649,50.0,-1.7138781729875154,0.5928722435881192,0.29773690630388583,0.15583758826155442,0.07115021017343155,0.09880079468715555,0.014928373824461508,5.041044777146811,50.0,-1.7111348351157691,0.5761240173990316,0.38732666871309607,0.18867664138946127,0.06738056296824932,0.11642425082242511,0.01331376148019628,5.067532538024537,50.0,-1.943561189900161,0.6407305432602263,0.2165121364460777,0.11853622257486524,0.0584000605615935,0.12573442553105665,0.023680472560241774,4.905803426634112,50.5,-1.5566792909391778,0.5159815252683815,0.269170463719937,0.08405476175167774,0.03193177901124791,0.045517166695630634,0.010494435969628882,4.72602931851151,50.0,-1.6506455967356455,0.6138536063568916,0.30403915994968567,0.1231741352765627,0.05803747975499382,0.06926537842883197,0.010699514227309312,4.91093007451112,50.0,-1.7567737066382862,0.6356007462385369,0.3650973935603681,0.09619341363558488,0.03190579909580395,0.04557182939014918,0.0070832708011518124,4.647005475067814,25.0,-2.1037839476167086,0.7321036996734622,0.22091875075448997,0.06128795944966314,0.0240980422637579,0.021749601536273592,0.003688614352869926,4.647864496347306,50.0,-1.8295144345844503,0.6924114074483805,0.3015083031896352,0.15664361882685862,0.06333192842786196,0.13817031140492522,0.023799554546505976,5.248410591149089,50.0,-1.6781737674091537,0.572250543303676,0.2135248233096787,0.06556555079602057,0.029045346452498188,0.0412567944537852,0.009598263699040642,4.505626030105114,50.5,-1.5003048285481473,0.585679001385598,0.2998097662530426,0.1552906624270776,0.05666844162888536,0.05013877614641034,0.006517600406581728,4.679752445874695,50.0,-1.7201543676850986,0.5931081972171084,0.24638928138170887,0.13267655398909717,0.04950552670131147,0.04717902336787287,0.007339905495579124,4.678921552833968,50.0,-1.6664286571929545,0.5943289191737617,0.2958564368319554,0.20614711354587195,0.06760506992167276,0.07577743751239131,0.008569063507338916,4.903052667228645,50.0,-1.792726245280988,0.6096284721768411,Control_part2,v310.mat
0.25606083193689566,0.07234071506057542,0.023468018410152152,0.03629592435811508,0.004498885845960748,4.700734914401751,24.0,-2.1207416182686902,0.7285566723719141,0.26491263652718267,0.07956476560621929,0.02290884516734396,0.02577166775194855,0.0029074407875607725,4.494733560600131,11.5,-2.386204124077073,0.7730391907825136,0.29520943984357034,0.10019812639749205,0.0435836398505308,0.06298056661800569,0.006408648390457756,4.933909192295157,50.0,-1.9291820444276684,0.6544830157007295,0.31399878024471,0.08837279953324219,0.0395092960156892,0.057353649359153686,0.004227515345862013,4.813145025493794,26.5,-2.1696304920519816,0.6998021486656791,0.26289587525902847,0.1203752835666828,0.1206530231450104,0.05668505491846413,0.005526625529546031,4.8161802029767795,50.0,-1.8306843464946219,0.6022388663061946,0.2819067942432055,0.14724666279244028,0.21580444444158803,0.08128420127640708,0.006466098233948629,5.105175072973637,25.5,-2.258327550106133,0.6568279419289071,0.24328342052165775,0.11251367742158497,0.20866723016477937,0.07419185397924151,0.007979560660192663,4.9993707944068735,50.0,-1.8689672256496797,0.587374262821232,0.26271133424292425,0.13899042065104544,0.1764481859761332,0.10072713119572602,0.011393744680744309,5.294392504820037,50.0,-1.9492070820503178,0.6200375859538154,0.20623765526129978,0.10501842253073208,0.09779595730528351,0.17935130474877192,0.034647655904909154,5.570146269035896,50.0,-1.5357438216304211,0.5015142904683121,0.2733698772352643,0.17554579590457706,0.10765281056844189,0.17239556752844856,0.03910585686722853,5.572678177120471,26.0,-2.0939107608018728,0.5784551646660985,0.2905241470484255,0.08350933899022847,0.02750573691626441,0.04164915551084508,0.004229441800001044,4.702801371732823,50.0,-2.0089813349155485,0.675249239080898,0.32334372696674296,0.09693690873356076,0.02773142703905908,0.01998060096308677,0.0015516662922409347,4.315729969885537,9.0,-2.5542896914431044,0.8037141432888874,0.2879254951951043,0.12275777183384348,0.12594240040305152,0.06888860934819209,0.00637774598392462,5.019265763782758,21.0,-2.3613781784659627,0.6599375937359144,0.36330353781927993,0.13286421140610669,0.09489575375270999,0.10014003604055818,0.013760175444905452,5.0572454452408335,21.0,-2.411228750203163,0.6601474791295949,0.12489689415904527,0.05339134417698981,0.06625307692301534,0.11656990256483356,0.028244329129824167,4.731377374408929,50.5,-1.5826148652703989,0.424493196429683,0.13976170867368984,0.06279091889989227,0.04684142559213049,0.19751895727507288,0.04623318700306768,6.013300233826903,30.0,-2.1722256401101325,0.47871664144723736,0.28516355450090053,0.1073624338913968,0.040790368458605716,0.038536588275001005,0.0023201426332136255,4.707361957741937,50.0,-1.850575691083888,0.6206134694410623,0.20491630151095522,0.09746145631544298,0.035532506454216135,0.016635296547304612,0.0016635542932443217,4.197971946726535,50.0,-1.8646297832956762,0.5721493411880643,0.3621767936080282,0.1751530350468027,0.16251670490027628,0.0644255439200478,0.00550498932458135,4.934352027831339,15.0,-2.553147277309751,0.6895703296046045,Control_part2,v299.mat
0.27561315245751833,0.10297459008865772,0.05167624320030324,0.11263612356997076,0.0158593499884462,5.2770385611914445,50.0,-1.934546103631309,0.6174301732783589,0.30096576042006035,0.11225350434955136,0.051234807707146904,0.08665716482412324,0.013467876718858771,5.066453226993384,50.0,-1.8436468199659668,0.6341022457201975,0.3687058334665087,0.12170101551614446,0.05007678559751689,0.05902672411826793,0.006765238170154112,4.770340244041242,23.5,-2.2848043998899024,0.6974147706376429,0.2955779288321425,0.10070076406149955,0.03597192851311755,0.03369582152233113,0.0037704977259298065,4.693911987075955,50.0,-2.0788187923861194,0.6999586895082144,0.3043881230303127,0.13162229438383755,0.06025033353285108,0.049186220852639066,0.006154053413867905,4.780107290011458,50.0,-1.924369200199037,0.6467407536666736,0.2613698654791613,0.10884495503659589,0.03889234264587375,0.0339620562630833,0.003774354679091983,4.824478336145416,25.0,-2.1185696108221594,0.7563449092594431,0.2859038883144581,0.12299081347745532,0.052129880986949345,0.04908784537234034,0.006717127838393751,4.852443602851436,50.0,-2.007077348841349,0.6665636209402136,0.2768236235083948,0.10135002932342396,0.03826911968201427,0.030263556349070575,0.003735048400047796,4.706764057686074,50.0,-1.7230754442673475,0.6492126988922011,0.37215828373510224,0.16143625492071975,0.05799932112436699,0.04350713389863273,0.004347018023838925,4.601289516480404,12.0,-2.6841200080084096,0.7215638485439714,0.3066978645467441,0.15361328067056743,0.04965679030506161,0.05401728924479372,0.006541272649110004,4.781150946451333,50.0,-2.041622968278104,0.6468869543004925,0.25124439253011677,0.09232881868596553,0.04707948673046153,0.12607032788871622,0.020554967228908313,5.327729650774529,50.0,-1.6517193801733088,0.5917378265820551,0.2858161455262577,0.10040047438872907,0.03579284155026435,0.039053514855407326,0.004351612152985658,4.769591600139171,50.0,-2.0310186886450783,0.7179856904247797,0.23312542269345388,0.054144363482247194,0.02098893968665094,0.025551089345037137,0.004509389019940509,4.607158376979969,49.5,-1.9723159314214687,0.755704305163938,0.37612437867685944,0.07285695136517027,0.02320457167887131,0.01873472157081821,0.0032563270688333763,4.178145176574681,12.5,-2.1512833994680456,0.7679211108534173,0.25293278621979265,0.0950391271172502,0.042932276675202996,0.08194111419465505,0.01649257040108528,5.122771692604309,50.0,-1.7964066774234289,0.6223042304530468,0.2307530069605084,0.1010736743196976,0.040895366923512755,0.07168268199521353,0.014754629429372767,4.977644243875224,50.0,-1.6325505019844586,0.6038627845625701,0.3516278189481396,0.14703044340284613,0.06423054047983379,0.05475714520381978,0.00502203592630636,4.797720281453398,50.0,-2.091053083355981,0.6722902778496402,0.3328794808840453,0.16705001606698844,0.06248872270669628,0.047639771830557495,0.006406993678450174,4.838691359188916,24.5,-2.2280975508168215,0.6983002426939598,0.2966586860372964,0.16609017985968766,0.07185889608531001,0.057926458112499905,0.007472051907696856,4.949482387399489,50.0,-2.1475369403748155,0.6741188288519533,Control_part2,v309.mat
0.45828563409454826,0.09094137586485618,0.030305538275937165,0.021968121405950735,0.003610512533932135,3.9430262422313396,7.5,-2.8220072351921357,0.7566706722568923,0.3493152849434197,0.10462053294764037,0.04636926684208973,0.06801619183458753,0.01346983878013549,4.767575557382911,16.5,-2.588104612537264,0.694539520677347,0.45523421474813813,0.0970172317579519,0.031851785342311645,0.01972388100502523,0.0023448450325003166,3.9276070650715673,7.5,-2.9181439994389207,0.7754576589931355,0.3743318936096588,0.1562654239150949,0.05573181449423685,0.04805437423251874,0.006176749878165813,4.62520182697343,11.0,-2.9122247284061626,0.724758741655328,0.4542745674560212,0.10749789735827525,0.03562996411168652,0.02607527304408433,0.003165462743678425,4.050830666130331,8.0,-2.9186344239752096,0.7542465427474743,0.3584312891287963,0.1459958240522498,0.0506271618000613,0.04910392530626202,0.007139676791611026,4.673187155512861,12.5,-2.8342762686373697,0.6869765339487732,0.44973857717901267,0.10103139396438124,0.03141974373299222,0.028687403339691674,0.006228475275485598,4.098415385431071,9.0,-2.663348557228491,0.7172716328992926,0.38965598238455124,0.13226290155183953,0.08249647364663212,0.08598579097907567,0.01636325008016253,4.946524930313853,16.0,-2.7144777458541833,0.6493198817229074,0.4461588601833028,0.09036515788267932,0.02990856542416205,0.035355106724179665,0.008462622901379386,4.147296839749794,10.0,-2.5836118934524075,0.7142763801897252,0.34846941124443725,0.1162714876195988,0.0736741043708213,0.12410155604851753,0.032614670075593176,5.236470902361449,22.5,-2.445914690817034,0.6151649195402016,0.4527466241751287,0.0866413466059949,0.027642323757949904,0.021949338519855515,0.0032333071129167913,3.9258018916398205,7.5,-2.7984127592323382,0.7564719635785118,0.3806063339361886,0.10384981004253342,0.038545692079707886,0.04927783185928869,0.00822014803115322,4.514012072240436,12.5,-2.79922472708348,0.6915258019175836,0.45870468118142055,0.0876438459806744,0.025193354125391153,0.016919009475815396,0.0021698744888798745,3.8387513774143676,7.0,-2.8973578362008148,0.766515268586374,0.31741795257970085,0.0939393973626408,0.0339870581944958,0.12103640821291543,0.03631255054823363,5.23605841711469,25.5,-2.322336665068367,0.5734250257497102,0.4616455155168448,0.0811096991539019,0.023985961412344672,0.027192483488493575,0.00637407875414136,3.9593214650975543,8.0,-2.5314432820510415,0.7323639691174415,0.31272704145129926,0.10470555098241274,0.03647525324503055,0.08312542746926853,0.028706031095332468,5.0646642407613465,24.0,-2.4330126812357595,0.5891215354552207,0.4533023434372461,0.08944051855363687,0.029115068194385398,0.02623866768693375,0.004227678748898774,3.9879322650522533,8.0,-2.8714321420737017,0.7261762131125831,0.35598375476573424,0.19901643694439985,0.06848816965288226,0.04866665781790067,0.0058488466162398,4.758671772906954,12.0,-2.712079058704496,0.7279374227477483,0.42002311672410375,0.11516289241308099,0.028741366579265674,0.021218605058760127,0.00231453123877111,4.072643961372221,8.0,-2.7294931239144606,0.7780100456250094,Control_part2,v143.mat
0.32024153915597764,0.13188010243564388,0.07218105367972644,0.15057564555740893,0.021691397281227036,5.354266104153771,29.0,-2.0120580290975103,0.6061447098089205,0.2797265122952532,0.15408963965218836,0.07298374241007953,0.09670585431145903,0.009465285262762873,5.07753598055824,50.0,-1.9823431733394472,0.6340769975272103,0.36501858878344456,0.12184633927041406,0.09307411632409997,0.11889042049806908,0.010207702958869943,5.079017482074228,22.0,-2.4287449125407568,0.6282423889079933,0.2808038543529377,0.13831690461961244,0.06677027669559085,0.08564071835560325,0.006102067894649449,4.965300240584743,50.0,-2.0366950983702905,0.6256237670334024,0.42535852439535604,0.1138655913316445,0.12004671954344791,0.06615086548155327,0.0049913437721252375,4.68067543955632,18.0,-2.4522093278303747,0.6782458442489101,0.33348374972320527,0.09692414692441455,0.07589770355291087,0.05414920460636931,0.004643009345624353,4.746144698026105,50.0,-2.0713329233809343,0.6650481020306858,0.41415193751978685,0.10250491729810186,0.08328195296400415,0.09950051096440023,0.007164838070411159,4.817654212770594,17.0,-2.6507359710244898,0.6644916632276481,0.28652182976136203,0.09811813209649209,0.06949755097216677,0.09664629203037062,0.007392273730812546,4.98195497309458,50.0,-1.9835285084354597,0.6141792342772041,0.31757860434387397,0.16625305144708244,0.09996097478814613,0.12092590362080746,0.01578400234655691,5.252416680535055,35.0,-2.103836861289036,0.6402377016250577,0.3102830868530899,0.1711954785469564,0.0955228567595957,0.11164955689284758,0.008906836917507025,5.159496505766377,49.5,-2.307764603646857,0.6384364310030053,0.5416481028729827,0.10597175601044434,0.05900384667500126,0.07560077273406203,0.008108301812481197,4.38824800465971,17.5,-2.326586676517701,0.669868963407328,0.334131710790076,0.12016397863064697,0.06894950609349447,0.07016428471129611,0.00667780961876073,4.887597968316502,50.0,-2.0138452418893182,0.6492276562361595,0.37198045505588406,0.05794538949373962,0.03505003519355603,0.03864551770921861,0.003385866654455477,4.238708101587688,13.0,-2.8623711735378943,0.6588392954056572,0.28738721929268124,0.06444478882650717,0.03188921276433087,0.044716360972703435,0.0072383910559292155,4.577154933836715,50.0,-1.8843230392385442,0.6389998821589404,0.3449176467052973,0.13672466513134848,0.08902463229895848,0.14837765557332405,0.008406389869352937,5.149973151818341,18.5,-2.577200221241701,0.6588286203664766,0.27132267911591545,0.08913838744088849,0.06279666087336981,0.1320109817541279,0.012260923481729523,5.146436640443613,50.0,-1.9176437409241454,0.584708779919271,0.28963524198664997,0.15323744865521827,0.07524528144346937,0.10489544892967777,0.0049428966392773225,5.044128598782843,50.0,-2.053458904959162,0.6196614801283985,0.26425961580888424,0.13094315249148836,0.10537389660292298,0.06644883328453018,0.00538384965042378,4.86722391293595,50.0,-2.0230294651142984,0.6159713791178075,0.3475509020962174,0.16717011033667756,0.1508027864691486,0.10569561588122244,0.00540614157412416,5.027900494495364,16.5,-2.6099485807107383,0.6773460671423348,Control_part2,v121.mat
0.5670649513424273,0.1287803368710719,0.036355836294530104,0.022752442562751524,0.0037310331787535787,4.040661622429369,8.0,-2.648971966214716,0.7556428179591439,0.43740032247105626,0.11503058382413411,0.033847267760239434,0.06445858031803402,0.022575781528175704,4.583489044669058,17.0,-2.3491044544181263,0.6757831053115118,0.5701700543133993,0.15310108637603542,0.04225520019632965,0.023748165951844195,0.0029989948506943666,4.053926614977359,7.5,-2.9087790058630554,0.7631527945270784,0.4826107597269661,0.16679937553584376,0.04022546615563246,0.02970707837567511,0.004937680653287855,4.248793379155005,8.0,-2.961230802388973,0.7366972972620407,0.567547391640697,0.15417158637334913,0.04367033850604924,0.03287182635821018,0.004872687991930104,4.136643627528822,8.5,-2.7980372720388966,0.7412004600751008,0.4988913523461115,0.19287359435287701,0.04751247135144181,0.03409168002484474,0.004983001279031078,4.285943548237371,8.5,-2.840529127235597,0.7406559383874338,0.5510667633699506,0.15127635448557328,0.04552388195360929,0.027211511411054008,0.004696859966788151,4.095718943215779,8.0,-2.9480876523692237,0.7426170627920456,0.5468146519967891,0.1762035703049332,0.05293519287394489,0.03516745845168413,0.004791950078708217,4.182920616809765,8.5,-3.200297171844336,0.7181809583425678,0.5632777685318785,0.15336901848054071,0.04455586834784275,0.0253851553616979,0.0030957911632171257,4.056640422276966,7.5,-2.9555217454314535,0.7549032741156869,0.5107363838693588,0.16528129178377957,0.0529585620580903,0.06335339323766657,0.011034720816504829,4.387864709662661,11.5,-3.101509553809885,0.6687597872069421,0.5606608299267799,0.12111995335896544,0.036076307646104575,0.030823954106477126,0.008383720525609976,4.139376715005195,9.0,-2.456997866561158,0.7142911137870341,0.4187268233276028,0.10310351578315954,0.036597824694590074,0.0597868534524282,0.013773771545579109,4.550864079940271,15.5,-2.5371232238551724,0.6711457559670149,0.4858955122276259,0.08001402661254084,0.014438639036161344,0.009017204590997675,0.0014178910498367778,3.6534446549655186,5.0,-2.8466280482836326,0.8165666347632794,0.4682658312070511,0.16527201558530705,0.052032503395814896,0.07215034090938052,0.016085228326007072,4.610153963941897,14.5,-2.5448785931236904,0.683581326939833,0.49327856546696486,0.132860756173388,0.03938376247193792,0.06719320878938112,0.01744499169227981,4.531420665483474,17.0,-2.3191539019599965,0.6508959355945867,0.4697880091746874,0.15606653599102382,0.051344026137348814,0.058966179329034966,0.01413863763794596,4.544150800052012,12.5,-2.820213573154523,0.6398238052826877,0.5479070197839446,0.12665749642911583,0.035548782501192824,0.02682748781598617,0.005907518779969881,4.122471624188784,8.5,-2.5742374906547747,0.7362295745663513,0.4908350127822645,0.21853462651483896,0.053755019274227156,0.034672563231779925,0.0045056097736582805,4.325392383133526,8.5,-3.2392710661473103,0.6893434323854564,0.5465374703139221,0.15426875718904598,0.04808982749013841,0.0260059667940912,0.0030149704828332353,4.1185868882854555,8.0,-2.820076788852367,0.7599079390428815,Control_part2,v147.mat
0.23962604655999853,0.12200911003710406,0.03008978277568575,0.03588660584405968,0.008706768569343756,4.5087267289579565,50.0,-1.5965084966305954,0.6014001199428417,0.2343992026356798,0.09344536726979527,0.04085656442980024,0.04721848945794703,0.010054913425494779,4.630927427671773,50.0,-1.594498605145945,0.6188896962312946,0.2552462407324758,0.13397059269257858,0.02872676365603174,0.018943877537882507,0.0034523414484964117,4.322991389110654,50.0,-1.8441748976187677,0.6372469748775071,0.29645209977155373,0.12083405634566287,0.05397455382433521,0.041106270875429785,0.004512450590065155,4.579310735569637,50.0,-1.9912048331619303,0.644949980570314,0.26076972786471764,0.13338377559544173,0.02601142202090484,0.011407665102705074,0.0021454063336318135,4.2104100783895735,50.0,-1.8358851227043884,0.6017806608919956,0.265706206513442,0.08238642539711455,0.06397647562644579,0.023245387439877953,0.004554768233543267,4.218454661792733,50.0,-1.6295207887978542,0.5745856323052668,0.27570202215850914,0.12020892937212742,0.04265251315306205,0.011777891528149531,0.002307851104430923,4.295840580336745,50.0,-1.8206761689298248,0.5963524662243302,0.38727890825208927,0.09938098589397024,0.08911149141804668,0.02916986288209942,0.00349306830152083,4.51377881634172,49.5,-2.210158180780716,0.7065785262843889,0.35087492515541996,0.1390794523802533,0.04209392578205348,0.026248354911724583,0.0027988500012639385,4.450711662842451,50.0,-2.053411271396122,0.6822795827389478,0.4019930195109768,0.10816847059463235,0.049189574631455416,0.04718154801561835,0.007807450698508226,4.5840896965089355,50.0,-2.055511132445736,0.6770063938047657,0.28088803782603544,0.13139204944575147,0.030224295325071343,0.025358164560500895,0.004358708227305569,4.405711929450205,50.0,-2.043883801901197,0.662337218720356,0.32073373151081247,0.08919711331896413,0.0314408919969643,0.038337121229562066,0.0058602849371712385,4.411692547238755,50.0,-1.741254155224078,0.6225987031646505,0.27707481565552056,0.12321192669072017,0.026831091543775037,0.011154000678047732,0.0022235318603319996,4.199540136342199,50.0,-1.8480029691610795,0.604496496442831,0.3138380063534423,0.07600665119815826,0.04269372131957175,0.03120459092141058,0.004977446959654428,4.2694765265002825,50.0,-1.6644536853217782,0.5822630167020807,0.27578955150749745,0.10702482027872234,0.025485236446458528,0.028617851468177156,0.0061189304757392465,4.282785779604413,50.0,-1.7380082716696108,0.5967845672946341,0.3736502321204152,0.09822264431537664,0.04050017994608814,0.10264609937154912,0.023870762412674076,5.005259418974978,35.5,-1.8241543166326628,0.6341718726324269,0.2563116529700956,0.13304273415413725,0.03412267450961171,0.020895910683002766,0.003587548882976504,4.360078008941886,50.0,-1.728505694063139,0.5984801507461373,0.31022134368956494,0.16363151887381464,0.06859592919261366,0.03709751757324525,0.0046731817441373995,4.738731231994159,50.0,-2.0358720709542273,0.6559821472287404,0.2595664199733672,0.10619867562960417,0.03986252223034711,0.013852063756668514,0.001960128748345376,4.139375032981159,50.0,-1.7909682256034871,0.5699109001291761,Control_part2,v118.mat
0.42273492805507906,0.14195952378658447,0.03132617837817005,0.10258863709475947,0.017478233087354914,4.667967989403557,22.0,-2.5889772261131543,0.621570019826739,0.2581748660093679,0.1007248230067157,0.061538718992432684,0.3303530531089796,0.08670883753482352,5.924538057810379,30.0,-1.8773872403122887,0.5035655568876283,0.4579335561520711,0.1486951002675944,0.028624391877593483,0.021953851749500236,0.002918923055774029,4.002728330625888,7.0,-3.2283822799762776,0.7268331053639291,0.43118238073501164,0.19740318586888012,0.07569670853040347,0.09101752146168954,0.019705871936757963,4.855707732188531,16.0,-2.799956659357224,0.628491918339058,0.4241807143377908,0.14562127289481278,0.03183691517000401,0.029836230875130598,0.0040895703431138766,4.1526309112021895,8.0,-3.004510218296826,0.7582917002917731,0.2925613912379258,0.10274158583448496,0.04293646119476243,0.04156377158543506,0.008862418692119362,4.611301303704564,13.0,-2.5259200599004585,0.6973474672837943,0.45312576535141613,0.13598982992208306,0.02648136145258661,0.028783993289055624,0.006637994233223421,4.082917161236066,7.5,-2.982388925691938,0.7099575323242943,0.372239299629226,0.23165331718301924,0.0849778763741472,0.07351299516631045,0.011564414386351932,4.834140297541315,13.0,-2.989155518121158,0.661793892401539,0.39730661924626215,0.14977546600438885,0.036632226638620265,0.09324594702343893,0.024596435061906195,4.779527870310009,19.5,-2.6248843002876487,0.6242721920089457,0.34482771491946884,0.11053701336495321,0.061195953011966585,0.2425368182761477,0.08889516217859686,5.64544407570782,30.0,-2.0933070286965494,0.5065350829086734,0.4537451504246885,0.14860501255716632,0.029375133076856703,0.048598190411874694,0.008507458256309396,4.238564879703889,10.0,-2.761860407084778,0.7106015643762031,0.3926918405999459,0.14110842811201266,0.06791960255450931,0.17952309950264142,0.03499579195493537,5.258777501345324,23.0,-2.3824362957718814,0.6152521719687964,0.4335368859684722,0.10907343542491678,0.01917425633320711,0.018119207257095312,0.0030758407374376147,3.8823193818101265,6.0,-3.095926037283852,0.7457560683962214,0.3417805230827829,0.11651322686193202,0.04193651370146464,0.1442645543980732,0.060496639890592604,5.364128378986848,28.5,-1.8721811746214405,0.6114155931137792,0.42952929022560205,0.12644618283012465,0.023388192194103652,0.05107723974213679,0.013647238083301103,4.320038711505648,12.0,-2.7221681554388493,0.6706456685014539,0.41704307012998876,0.11998713987117529,0.045537642401492946,0.1373848468625609,0.047205026232529736,5.094375092105092,25.0,-2.2639776858541216,0.5896121766395805,0.44601500375423486,0.1612657520485688,0.03835443826282816,0.04529172780363064,0.00920947611940998,4.326434471492246,10.0,-2.895704280799874,0.6866283625818028,0.30449520468547536,0.12755154456784704,0.05435357876462732,0.056436948272357235,0.012511437650577792,4.885385090314272,17.0,-2.5174228690986427,0.6509046302580366,0.4343658112392513,0.1706145491496267,0.044081885510882025,0.029432093591944014,0.003337027036828009,4.231697326854234,8.5,-3.2414540678146615,0.7345236963205652,Control_part2,v131.mat
0.26269869557713654,0.11374034894874396,0.04755434357598479,0.05731847087750754,0.007488813421559875,4.9377697712179645,16.5,-2.648954270288622,0.6944841734777658,0.16871062735638906,0.09396955816977601,0.040543055542724596,0.038235012651199295,0.0059669870646192145,4.837577171669635,50.0,-1.6682890715804006,0.6304220087798506,0.3227645068197265,0.19780381618335036,0.07210234637863863,0.06536969386659386,0.006639900933386013,4.9522976718559235,18.5,-2.475384683899641,0.687159980304098,0.2661001162346099,0.16489225635706292,0.06863418084680552,0.0632235941941772,0.007329579895955575,5.078477385990514,50.0,-2.14379057056365,0.6761818610180321,0.31404812454030684,0.19289207417047316,0.05897111371488803,0.03951998626411344,0.003802808207090905,4.769451759388069,21.0,-2.3111293419774026,0.7110685210176083,0.368174691031628,0.2674797957697606,0.08640382011163722,0.06447161736070343,0.007231222952132963,4.861335694447397,16.5,-2.444905063675375,0.6980183307897226,0.2358966593137718,0.18552837265909045,0.0608391170171611,0.057990202688987205,0.009679133805504987,4.738155896407545,50.0,-1.7024525148382366,0.5778827165938557,0.34886310654681824,0.2641603274341958,0.09541118341075892,0.06816370564323669,0.007098186933839816,4.948352597518799,23.5,-2.292390229593841,0.6749691590084809,0.23506116533054186,0.1171708939059208,0.029900143332227562,0.016644301280919534,0.0024848548474542312,4.438060864808957,50.0,-1.855114501626288,0.639673807266696,0.2048921184048957,0.14413029690762597,0.0593321554948566,0.0595119919000752,0.010018209585268518,4.562830822592693,50.5,-1.529285114173997,0.5294851015834714,0.24299857271284472,0.11611286646673294,0.051548223777318304,0.06210623664416036,0.010175352370726446,4.906040582679385,50.0,-1.6694589408513272,0.5923893515940502,0.22127839116386822,0.10556065388031811,0.04912119652542222,0.049652193943232815,0.006210226907878809,5.085062530349823,50.0,-2.0379956513798607,0.6935230714600478,0.2990582941756621,0.18851181432375314,0.06647126250620732,0.05801846168713874,0.006227633186145645,4.861555538302709,50.0,-1.9750859855279177,0.6490784480693632,0.14187373779378937,0.049704230589634274,0.013315040712169119,0.008661493856926909,0.002961004690981562,3.2417830194094837,50.5,-1.2383267953599406,0.37892388990906734,0.2308851375702276,0.18545470023762037,0.07808311130966705,0.09238191348471524,0.031109822614334936,5.171923540200433,50.0,-1.645471177803141,0.541877819453376,0.12826512332850132,0.109281985986952,0.0445370089343066,0.05652745718564661,0.012682544994614285,4.072247500881574,50.5,-1.729649241241664,0.517757285240303,0.2035857873412566,0.12422007442913854,0.04709863918142482,0.03558985413496238,0.0045155431380432594,4.408578612662323,50.5,-1.6496338287800831,0.5699474841802246,0.370664146754139,0.2861107546052775,0.08940638395455368,0.06059281071611011,0.007549959150061141,4.809675471705391,13.5,-2.5393891406780496,0.6932615852371126,0.2991309249183902,0.24785697767030665,0.0843922690667612,0.07346235637071498,0.011335905700233509,5.037776752774646,50.0,-1.9675123079110581,0.6317751699840519,Control_part2,v305.mat
0.2651680333428099,0.11861135921915648,0.08827894260182227,0.19000409163887955,0.05349153760405701,5.667025769710605,27.0,-2.0657695408567287,0.5914027803258732,0.29579429916805167,0.13639465674118234,0.09210792352859946,0.1820343518552037,0.036295795147740714,5.484034753334409,23.5,-2.557129106810087,0.5758446080358343,0.3970089892630737,0.17304438498591415,0.08159771958970502,0.07992834527513615,0.01381954357857846,4.861789447988089,15.5,-2.7000743933903313,0.6498877709972377,0.3818314991730305,0.17743574499082893,0.11212662249864455,0.10508530820840155,0.018631312942327054,5.015841635064169,16.5,-2.850562240287637,0.6254406954391729,0.3806473463340297,0.17020729452373767,0.0803861396718485,0.1153103497192144,0.02258232545742414,5.013075476832029,16.5,-2.5750691445095635,0.6533181521349075,0.4000858197383145,0.13500943620301434,0.18953868291727202,0.07146538950353376,0.012619547264996782,4.807682139665992,13.0,-2.7178650994610534,0.6641912799857025,0.3870458611527253,0.12752668213932677,0.11254423403547005,0.0948187239539076,0.027121545507724765,5.03994288547831,18.5,-2.6750578208926172,0.6240954156667989,0.42972902314796724,0.12906175533291783,0.08626758014137113,0.06196306957241054,0.010088910840315008,4.69089694782127,12.5,-2.844586923882572,0.6716462858614829,0.37359535734834437,0.1744598364868848,0.10110969940298978,0.1302111034519979,0.021923519284436328,5.158368322936735,20.0,-2.812760686203629,0.6138096758394445,0.3893975307642067,0.1602956138001057,0.11274820475317796,0.13333357313666835,0.029758843171175785,5.101805980560574,17.0,-2.802820288614496,0.6184493191618905,0.32769776078489526,0.11187814459546126,0.07102663323513474,0.1416466925477466,0.028752374345665795,5.27823425227837,22.5,-2.5102204392334824,0.5864009190851743,0.3385885582114474,0.10394189081077365,0.03596294866512335,0.05521458738786093,0.010749506273125655,4.619714226031952,15.0,-2.5155624155786342,0.7433523124737014,0.38561822303381055,0.1256381850882565,0.0736459301224341,0.06853207644056265,0.0130821995654673,4.798018220948686,15.0,-2.5966294606208096,0.6732100824817118,0.3347137851393088,0.07575049176990416,0.03080261882811576,0.03259146357856286,0.007977946139269845,4.397660771782,11.0,-2.4110056616114925,0.7516698180477963,0.3496449867914575,0.12327777190219927,0.09343169908802974,0.09745601260740346,0.02259007627925827,5.102747297964199,19.5,-2.5865913150156343,0.6433893658978685,0.33009695142376844,0.10520973439425108,0.0771567775968988,0.21974077648406745,0.07162283425731303,5.6739117430398744,29.0,-1.8571253021377807,0.5948822127659819,0.31499679312623,0.12770955194039935,0.07969226298611944,0.08938875339104221,0.019566134664277045,5.085649445225937,20.0,-2.546302162838098,0.615533836058998,0.36938094414563427,0.21965885870202664,0.10197442777032528,0.07376431658496108,0.011177758755499988,4.93492051945849,14.0,-2.693926021230907,0.6613760436578076,0.4317912162215086,0.16129867211412793,0.10903582842851514,0.07631758291766796,0.0121833179507634,4.806247393800867,13.5,-2.919349676576243,0.660833490200366,Control_part2,v125.mat
0.22010214932639915,0.11202956308754142,0.051317787241000126,0.034118307152466984,0.005016832314882218,4.680718044201527,50.0,-1.8903947336895162,0.6364801033472347,0.21553228476160302,0.13904284610863268,0.06849511010800836,0.04426841574754282,0.005810134385061766,4.475108270577003,50.0,-1.7412474247235572,0.5818723872483622,0.2388855830577046,0.14010508930735177,0.056203571722466525,0.03505025640260198,0.0059695073778902935,4.777331431733807,50.0,-2.036534158127077,0.6573777634943961,0.2548762958612004,0.1977245909086618,0.08511245044196787,0.041823828588555614,0.0053446796475107436,4.702201085464513,50.0,-1.7737809749732563,0.5619973911672093,0.21103853974156084,0.1595292992419009,0.1423296474306627,0.028938023372484453,0.004324935418931521,4.809959678577775,50.0,-2.147427421757018,0.6585701355169895,0.2441430650265577,0.21213165612407064,0.1344421466700214,0.03432210124407989,0.005366931247584906,4.6643469469920005,50.0,-2.004517291078162,0.5958911976953957,0.21146895287763035,0.1363503021724496,0.06287309642884531,0.03641928905039322,0.005794339102055892,4.700484306709688,50.0,-1.9552252101908125,0.6476603466038944,0.21950243677251413,0.18029571395880073,0.1409818509623871,0.0328803863624783,0.004345608488363607,4.493577538176508,50.0,-2.06132540515338,0.583747450663419,0.2894636669511135,0.16854715852187324,0.05532524830897363,0.04586214754187303,0.004372426301857744,4.8326021551379235,20.0,-2.4919213646442615,0.7086271268432893,0.20660145694450396,0.1488180583426561,0.1102265087434303,0.040247349689134064,0.005445539951777234,4.416468239383489,50.0,-1.8086609664738036,0.5434659740578862,0.19039337569913567,0.0634279447717313,0.022350427779765307,0.02265464771362973,0.0035759898477711353,4.604188324534232,50.0,-1.902987725074004,0.670423165785804,0.2609188835197508,0.13469630674322358,0.07709627633992244,0.06355397738482621,0.007050309796758048,4.751747624395788,50.0,-1.6754459135891815,0.5727161668814937,0.2511033493825242,0.11850524540300916,0.049330037553507906,0.027728473313095647,0.005522933511319048,4.751188895589404,50.0,-2.3109708738892887,0.7096790426414639,0.21131684139401452,0.15389321470082076,0.06258292343012134,0.03552641350810675,0.007704703150883111,4.267346614703975,50.0,-1.8883463821089466,0.542679434467042,0.18315851967006924,0.08507349740931554,0.030152058945061542,0.035546842851013574,0.009105496585973037,4.630866335284937,50.0,-1.9072277135956686,0.6255321900798196,0.25810546542704027,0.13023464167972032,0.0653104826802036,0.053633484481110785,0.012182585060786321,4.581043777240921,50.0,-1.5593003603733377,0.5573274270082325,0.25917728538225965,0.21034150518882677,0.07538317122637177,0.04084740030312095,0.0039614708122560904,4.859670953113103,49.5,-2.3243303229113863,0.6871081746847283,0.25280546327107956,0.25317209139025987,0.1168670243818839,0.04004945465317504,0.004503259120142119,4.79678218919431,50.0,-2.043682885208945,0.5965386990653001,0.25834655266566203,0.18040614780684655,0.08426649408860505,0.03797136070339053,0.004158213274175494,4.860549636446111,50.0,-2.2802570004950793,0.703639880813099,Control_part2,v308.mat
0.20777892478374257,0.07726955381516595,0.04135061789128526,0.047134370772855316,0.009275084511477544,3.9951716149441348,50.5,-1.483452246242241,0.5104523145414843,0.24395351397705806,0.1471921855136621,0.06900625787920345,0.05471786814166408,0.010163382878397234,4.7252675196633085,50.0,-1.5960019710598208,0.5596229964585825,0.18721978022707117,0.05407940814614774,0.028940711580706033,0.020219344214580943,0.004786035161399143,3.391379784894064,50.5,-1.4655022295769156,0.5028886932834806,0.2358717579880767,0.0871503993217391,0.04550608114400591,0.02733574967297731,0.006193423700016997,3.971730381822013,50.5,-1.531738994886181,0.5338846812110419,0.18222307642171487,0.050988696478909454,0.030436764009305676,0.02354805973382196,0.005405504084427868,3.3646566391541626,50.5,-1.4805358550806045,0.5004445314512167,0.2135174100011856,0.05031760548783877,0.04808072990872443,0.0185461747592097,0.00593010232576863,3.6417675383264125,50.5,-1.397165306753897,0.4811339310629962,0.2146185256985787,0.0615193611436982,0.030533723308128615,0.025539132036392284,0.008150593861509282,3.6959264879105875,50.5,-1.2969308389669885,0.477712651208135,0.25009925348323736,0.08576164709040802,0.043542434045320454,0.02217259825618084,0.004899359354173694,3.9870486215980274,50.5,-1.5689094085905562,0.5312667287402348,0.25356619305647243,0.09980199571159806,0.039617680254757995,0.05309177330236506,0.013753415933157733,4.399512553701098,50.0,-1.5351161465369563,0.5653536902250755,0.2795842083648162,0.11394453564905173,0.04104524038304228,0.04932904635208128,0.01160390293543873,4.44586697703612,50.0,-1.6167815309329807,0.5794469653066481,0.2155663031888417,0.050051089142201466,0.021986198953253804,0.021901091339149366,0.005801993535278679,3.5507727882294136,50.5,-1.2803951476649345,0.4454011001113286,0.21977532892128515,0.0748568392022981,0.03888515902088936,0.03538751814352872,0.007042600123245219,4.0116043955885115,50.5,-1.4698330676942604,0.50701154478213,0.19606023825522828,0.04005125894407783,0.017050816579402106,0.02498482362243178,0.006146961539598692,3.3522411324979644,50.5,-1.3465415811078856,0.45479944821857354,0.23265962749674274,0.059896314409389986,0.015709409898071,0.00947570969320363,0.0025956982273240134,4.199087857329828,50.0,-1.724084722335206,0.6044290377159979,0.19691790630077546,0.059901376948819134,0.024233289174997272,0.029236701989889313,0.008888838259867048,3.6741014462498365,50.5,-1.2890896435932024,0.48834319466384235,0.2677650131869995,0.0700462435865938,0.027724476976318437,0.022960606069085954,0.006767237196291705,3.98107746532294,50.5,-1.4146538714807044,0.5129737185641725,0.19370217754758517,0.12853212328587854,0.05371000919110878,0.02594324657449291,0.004530327260355703,4.053263724608112,50.0,-1.5950512717074858,0.5422213157464753,0.24468037849906132,0.08652791068075222,0.07562189038698164,0.022787534474033293,0.005591931315372994,4.113157318147639,50.5,-1.5785708344833063,0.5057760855146902,0.2567834373541465,0.0986557890902128,0.055425564158454496,0.02121429210674954,0.004774021871250041,4.101017290798438,50.5,-1.4863594808696807,0.5042719634644401,Control_part2,v123.mat
0.17611653454144494,0.09436468356781111,0.07178842488360385,0.06366378520305509,0.012445094959209759,4.639635150457736,50.0,-1.5034873047450859,0.5678820932001696,0.19229867660370736,0.10946969674267562,0.07651719026325894,0.11276877167786492,0.023623975490934458,5.621524216269597,38.0,-1.9336614258505318,0.6136814761434399,0.25440528477803964,0.12022006049124712,0.07421909951683997,0.04844049419278318,0.0069176990086756785,4.916837167772824,50.0,-1.9101162770603122,0.6628122910193421,0.25089128472835526,0.1430284599774955,0.10962376658631778,0.06884641754035783,0.009386680013384175,5.103478200179939,15.5,-2.542891105165401,0.7100501675272066,0.2591852229941712,0.171256635663731,0.20375276473872647,0.06366447931073735,0.008350872657778513,5.123084559311382,50.0,-2.002630811409321,0.6408982845841389,0.2629753815681918,0.15567138009821457,0.33347406217061326,0.07722952219436009,0.011015927530299058,5.02959321344233,14.5,-2.5041429372803568,0.6615582062465093,0.2160620570571072,0.15414666946657904,0.15649043278576735,0.06703064977003559,0.012709493049448734,5.098699877898876,50.0,-1.6703287205619541,0.583393353942737,0.2934065917560592,0.1686261078906375,0.18173438999831476,0.07191336707861816,0.00911782610654476,5.1463546852663375,19.5,-2.2931371105023026,0.688482880501499,0.2924639145151738,0.21471470897842093,0.12288624150913673,0.09283045245059218,0.014462272261239383,5.236233600016848,32.0,-2.075597436035403,0.6491775131576967,0.3540047707284406,0.18184679782133586,0.1196867823639423,0.09726380946166344,0.018589471157128126,5.175513870202148,20.5,-2.1400939868145734,0.6785135794996084,0.21814312679949527,0.06611236709206843,0.041164139704915184,0.061258740570717084,0.017694857299338083,4.558987281515683,50.0,-1.2844251176663672,0.5288103484108702,0.26242334926670713,0.10354209151081444,0.054448254629202546,0.057958152924191014,0.008759129552742667,4.9193135659903655,16.0,-2.5047226985394437,0.7297118291511338,0.20909471276314645,0.13002747552020053,0.18031404794466915,0.07188462508290633,0.012526282700822547,5.086024969731714,50.0,-1.6908847641655365,0.5806580184567556,0.2833614104246763,0.11772732151668662,0.12370808848001635,0.10525315575312041,0.03405350283226373,5.445847162577373,46.5,-1.6567257973543836,0.6172479240299993,0.1295243432003991,0.09253104765328093,0.08859143638529253,0.07431995551011228,0.016823179918706577,4.516918837992693,50.0,-1.3488930137696709,0.49561837899882744,0.204891412730752,0.1124282144599646,0.1066981688384653,0.10984114732620721,0.03330034853490786,5.316027548197931,50.0,-1.4641683001222485,0.5416708953948814,0.2798921532608983,0.17711583380990037,0.13977291459165167,0.07265943858822306,0.00950189638274545,5.142224726312181,50.0,-2.010417189844688,0.6405077196452176,0.2591397390573476,0.1747546306465464,0.2781089803472491,0.076702207748762,0.012708540670604096,5.0950325041080955,18.5,-2.339162666286889,0.6478015351406378,0.2377214878798179,0.15586869113214444,0.1486061146316653,0.059798113144032064,0.010090201153208023,4.9740226742199205,50.0,-1.7568223618292984,0.610949177037099,Control_part2,v307.mat
0.15214000485608817,0.05670189901070358,0.030610111854300882,0.037761398690615,0.008028389519405847,3.888867629202055,50.0,-1.276058567472237,0.4702294002246079,0.19458186746186912,0.0694772916130685,0.04786354596065603,0.07455765644833852,0.016596772171326053,4.723272914331541,50.0,-1.3683266877413083,0.5279237688774525,0.21365382834545513,0.1006232176808872,0.060834247154487535,0.03400078286196212,0.004981982572975852,4.152177203591824,50.0,-1.5320899606618041,0.5060981243386637,0.2595481314924413,0.13068985847788472,0.0842333892749316,0.06704146827685473,0.00911704053169008,4.766373086780282,50.0,-1.6457580551512114,0.5714219692273788,0.3614630820474074,0.19084060999625954,0.12394578061615508,0.05253972290540648,0.0071137284385950315,4.902560570645979,50.0,-1.991250698980004,0.6471333598227867,0.24455022925848444,0.12361920398882024,0.08071246862423762,0.06048042230544381,0.009469219314063157,4.576822804989559,50.0,-1.6120748381974128,0.5444653818312459,0.19505923657127944,0.09141648334511299,0.03850244844387012,0.031011892352504063,0.006504294667942486,4.098943010665703,50.0,-1.5850037269719948,0.5684988518177023,0.17701000095451802,0.0874777037106425,0.05420276064276093,0.07173626724653362,0.014684008310554901,4.176364852499855,50.0,-1.5777726218790875,0.4890894455514283,0.267128183362245,0.1612533329930238,0.09378007643735266,0.16899119925486472,0.036026829510927706,5.542420895302593,50.0,-1.727013429562761,0.5325230416252587,0.12019365848973287,0.053429702571884695,0.05149494822116754,0.16762465108100524,0.05529580222823472,4.784488824808467,50.0,-1.1979047867040677,0.3542230263588384,0.2348318841533051,0.06959885445677651,0.02768134137341035,0.025192995989564374,0.003930441772472756,4.505827685490363,50.0,-1.7458726288668878,0.6259432826752827,0.204476872130585,0.07176684413945228,0.03730037238301612,0.03444526304446203,0.004769366065032714,4.64474578368168,50.0,-1.6934148257984325,0.6201581734386933,0.05681345982724424,0.028252542202702995,0.012507956744265514,0.00761155154191467,0.0015402003083954388,2.26792139511974,50.0,-1.4495480178023121,0.41838895263409803,0.18736485045682197,0.057841860786919434,0.031837309112799944,0.04723534852867136,0.010120138177715631,4.495694424548658,50.0,-1.6855852429066784,0.5874209417921028,0.05400864884504377,0.03409869274458969,0.01814321435196704,0.05893373092296874,0.01186692223049796,2.881638185215876,50.0,-1.5645362280782134,0.37396871662545084,0.0977214624747543,0.039135203529435655,0.026927238050339787,0.06393466297126962,0.016454631451248095,3.385073657692871,50.0,-1.3731162014928535,0.39864884786414023,0.02743486903813228,0.011979863475871594,0.005246344097653157,0.002468147158094416,0.0002828029260722612,1.7520426986481523,50.0,-2.484532500579461,0.47354206361099827,0.17548820439557158,0.0950582150861126,0.052905804934010744,0.03812053125440131,0.006095937193936191,4.737729400720085,50.0,-2.3724725300648606,0.597015138585109,0.10934866116637904,0.05451125029644769,0.03169116009671907,0.028765050539539795,0.005649406545994125,3.4287171144878212,50.0,-2.438691965886232,0.464980679401936,Control_part2,v303.mat
0.30194679759265125,0.08403405028115629,0.04363167053732049,0.04260159750648977,0.007381070463434372,4.7007237961739365,17.5,-2.395464336717844,0.7013355632316282,0.31263874266912,0.1031705044698826,0.05594643555993292,0.05122862258942225,0.008785524281702605,4.80476807617034,16.0,-2.5746316771569795,0.6941133523166222,0.531082658996216,0.18390495002706958,0.0668489096282236,0.044414470350433714,0.006270969464613442,4.463317705793823,11.0,-2.559959129729124,0.7110938603396916,0.4963852124697844,0.19199512503637778,0.08208710116525333,0.06257638573719218,0.009081011801638951,4.6289237980889695,12.5,-2.6406135731728915,0.685348893596857,0.49876049330373506,0.20701392248416545,0.06284194274394168,0.0594264627202271,0.010451035984132023,4.593409519755107,16.0,-2.4120851922937714,0.6764296377433691,0.44366610013370605,0.18051848722674163,0.06579938680429291,0.03858620847642882,0.006158039121074166,4.471686047230789,10.0,-2.6890335315359843,0.7480075568931381,0.33323940162666044,0.13189879411757835,0.053492638586782715,0.027265807564198684,0.0076618042777576315,4.388692441619702,50.0,-1.845855283211407,0.6053464488459482,0.36318322913643053,0.14913092717206256,0.05434155690839501,0.015135222755593158,0.003312640480316876,4.290282972715361,50.0,-1.8090279195380428,0.556957802642901,0.42272307568657425,0.16549057977800813,0.07970988809400575,0.05785949523159828,0.018584840621136144,4.713062541493485,13.5,-2.7383216636346903,0.6714965546246823,0.39957954164985166,0.18907744193853473,0.08471543564174831,0.07145022728065435,0.013988690174134424,4.820144494080657,15.5,-2.4892519754227793,0.6817046598117804,0.331628259856797,0.10171275507961267,0.046539112204882535,0.04479853503038863,0.007819977994403664,4.717053528673875,17.5,-2.343054355045778,0.7063765476904871,0.36987900328115925,0.12588969761009683,0.06241102089173772,0.08023527999346311,0.014555287118446867,4.934750483461255,19.0,-2.481376956611395,0.6541507651811331,0.4159945577435465,0.07981378666916676,0.021659113516357284,0.017538208853572854,0.002783235021789952,4.008444212786109,8.0,-2.688991779586847,0.7297735210920544,0.38656940507217885,0.1731764146615074,0.08163984041951775,0.11137845545906158,0.041162991654016955,5.2264168810679905,31.0,-2.056451014435973,0.5855995328161101,0.4146375024837711,0.20440130795192404,0.08652331313532527,0.09231900835670634,0.03844988990739978,5.037393524128702,20.0,-2.1909259992221006,0.679795526488048,0.35823474817394246,0.18406062088116174,0.1026109324360099,0.10830825576010424,0.06860864809147216,5.257857970714223,28.0,-2.489822423862756,0.6031978452816038,0.28653903005705583,0.07925477231612418,0.04129921540066901,0.0238612204103151,0.0033860262802652445,4.569873268732196,29.0,-2.4126046003328567,0.7313012925746293,0.4212392997790174,0.23433369098245715,0.07177281099133888,0.03713211744313769,0.006300256793484415,4.511789537594073,9.5,-2.9489542622825438,0.711010654324248,0.5091723517702019,0.18620345614421607,0.08125390009799306,0.023954964389661264,0.00450672602721743,4.425389429463908,12.0,-2.3473481508251783,0.7226561416923939,Control_part2,v151.mat
0.15954764925831164,0.08169850222176342,0.04563353117293556,0.10099174550731543,0.018485437537185418,5.5248212546699005,23.5,-2.717352034017464,0.5481717022903472,0.25919712401292866,0.15213668583630782,0.09881829659799754,0.15717487693967888,0.03152106431916578,5.499709933893754,23.0,-2.492559507846428,0.6004318308315815,0.17881843158641714,0.11916819687987446,0.048307591601448374,0.03731224993711096,0.00356225834112255,4.861678947978599,12.5,-3.122303632364482,0.6651747789930014,0.29678224198244846,0.2550694640489903,0.13057412258827808,0.09210392408830569,0.011539638053947362,5.13370881935534,16.5,-2.4120385637314836,0.688695963016292,0.17056514479012594,0.07362009253728968,0.03827359468895485,0.046098551685497056,0.006753440937328453,4.9170261218842,16.0,-2.956176969938102,0.630507885105271,0.3640179750330139,0.20298868314092108,0.11722298050703855,0.09745096565693959,0.01033727266627002,5.021947511328273,16.0,-2.9021393540132356,0.64024915149467,0.16596066792865247,0.08671016880412231,0.03787531929155817,0.040099717177352646,0.007840905564018735,4.940890888916665,16.0,-2.785830090572455,0.6727173908096964,0.35752185171173256,0.2341393314714863,0.10829097057634221,0.09293128082412061,0.008522272037503881,4.9554943563843645,14.0,-3.03456184845863,0.6691753582017701,0.1886513872901551,0.10153790230724677,0.057926732099245655,0.0910668608019799,0.02066802867394673,5.41273191853122,23.0,-2.3806713902322683,0.6420833408795785,0.2921712563087833,0.1723376561916875,0.10465228468895973,0.19575039157380028,0.05077327616461773,5.552822331924179,25.0,-2.3914998064725874,0.5766693208322278,0.1869220629796325,0.0845712216271353,0.046055350871366356,0.05686678245977563,0.008719720032939098,5.086930360652009,18.5,-2.8175213823676732,0.6310060320588775,0.32712277230786957,0.18540725846993852,0.10603938627526219,0.13752538059607958,0.01816701062385879,5.265361808224501,19.0,-2.6025908174761403,0.6377133119126364,0.1621233359965557,0.06899324319928862,0.03405690183897269,0.04027765742302833,0.0049882701599079276,4.962367197255076,17.0,-2.3503057536628265,0.772297885586949,0.3170542332763114,0.1429218458157098,0.07657551006317961,0.09789416350848268,0.014640737085482011,5.109956310498415,18.0,-2.6671237991062955,0.6472210984425086,0.17671788919285325,0.08187994473644485,0.04390068099633052,0.056036159513697704,0.010485231649626576,5.1387356961189194,18.5,-2.6493361368696324,0.64273126387701,0.32485945330610677,0.13667284510070218,0.08523531893132552,0.15594316791087734,0.051616011988349086,5.532595089937699,28.0,-2.147579826685839,0.5673033709960662,0.17760086495897484,0.09493377239343814,0.044160113703217374,0.03879679208638519,0.004418411015089826,4.895661030542386,14.0,-2.5813896291234615,0.7611286101943366,0.3240857171641835,0.220002742454462,0.1410300221961848,0.07392975481074365,0.009450964829776538,5.103421625159071,17.5,-2.3360535658478514,0.683912268223219,0.20172876572722329,0.16140857733420805,0.05664932826433945,0.03798648755736876,0.003965671176731277,4.760762853003289,11.5,-2.791355539244362,0.7808407131174024,Control_part2,v133.mat
0.42498228835871477,0.08267236303000797,0.022359233502583772,0.013054203951334303,0.0015604505328417572,3.8418152624726116,6.0,-2.9607874278054225,0.8615518013896807,0.26810860016507054,0.08177398033077028,0.041164882997233955,0.053601547208986085,0.01084755348903347,4.838468475509992,16.0,-2.6622216972980604,0.6742857725364797,0.4077142983630835,0.07797907275595085,0.024528646863447415,0.013041451279354402,0.001216355584052569,3.8622461202644276,6.5,-3.035347050876293,0.8748368990270774,0.311345484744868,0.11074231692911174,0.05222073162626752,0.040130034050872974,0.0065612292707740725,4.655447700956843,11.5,-2.8440043202970995,0.7030365616404148,0.4183997758054048,0.0834883536632615,0.023490457887069664,0.014360328087578913,0.0014103932877487732,3.8829210332248754,6.5,-2.989506307912232,0.8634595942888268,0.3098982814779189,0.09848545899424932,0.0483963449396554,0.038134943736888555,0.0067310057907174715,4.578902844372198,11.5,-2.8486737679831573,0.7098920132152116,0.40270222157935504,0.0815836664708815,0.03187418278504592,0.016543540509234234,0.002350346568634815,4.000177063825992,7.5,-2.8525394597380336,0.8358299489354902,0.27029801704389633,0.12394335144492324,0.1446708391149904,0.20732343124614194,0.05465808588682859,5.760997024792528,28.0,-2.017250464597066,0.555252363083182,0.36270775375360714,0.08058835126851022,0.02701129918992779,0.01947324323642231,0.0027700677238899694,4.08330463543841,7.5,-2.606472568438689,0.8871147869068016,0.18229534821802704,0.09174430901065576,0.11499311826344875,0.3169016820584863,0.10622386692563789,6.1769385489811715,32.0,-1.7633134246443782,0.46688256918733373,0.40139471694024176,0.07656017562477062,0.019821975258846266,0.012378624011665925,0.0014601823065218732,3.83923120482042,6.0,-2.9786725471878386,0.8642432173735993,0.32388614169363955,0.11092011490563691,0.04969792939352987,0.05651884411115824,0.0095015699811361,4.733876817638536,14.5,-2.6774937818343076,0.6958920415786566,0.4006381185854918,0.07197457783195299,0.02031591315874189,0.010924780789128525,0.0011171985237300377,3.799574054260547,6.0,-3.0910188425037526,0.8760003368135529,0.20788415377761138,0.06071093464882278,0.02123585233571037,0.026370352429296334,0.006194231486427019,4.596005457735148,12.0,-2.621080448849675,0.7061113631288425,0.39680007054700456,0.07015053172661113,0.02236661637690085,0.01700685025076153,0.0027784536303177834,3.9124189355925765,6.5,-2.695472537065368,0.8685442044326008,0.21213670801953832,0.0834258189399762,0.07559325170104027,0.29011235312834965,0.08550995263609559,6.060435587402038,31.5,-1.539785809355768,0.5270494463723074,0.4250373273428215,0.08655020096907481,0.02326848394540185,0.013446577990695242,0.0015750547568698797,3.858102113932304,6.5,-2.9731615151276634,0.8387457006481013,0.3462070528048269,0.21612525349452832,0.11163433699156375,0.07118372001015077,0.010566720262669475,4.93537553792356,14.0,-2.6866448014032573,0.6641338876860345,0.40303065410096106,0.07897363433696666,0.03263914348548301,0.017847150157195766,0.002639289046666106,3.9970672336123076,7.5,-2.827307041340401,0.8492298282007505,Control_part2,v149.mat
0.36399331222774983,0.21015570235134154,0.11385048931026583,0.1363606887354286,0.013861902083225386,5.214334922944038,21.0,-2.3295655228521635,0.6283519186446779,0.5259643538859959,0.10935283724375025,0.04238976819262086,0.04474796860937914,0.004852865651814164,4.169610754600491,9.5,-2.8174688168504844,0.7308613257659723,0.37629065609182866,0.2521740604001193,0.1359862299087609,0.09283574691029683,0.007191199959470154,4.930448132263043,14.5,-2.6889644925513845,0.6760450187584204,0.5282968448135753,0.11710919193996461,0.048164595273596,0.037734488670586055,0.0031593675655197124,4.142888828523512,9.0,-2.830997034342864,0.7588288928472727,0.3528331759110093,0.26243940910163066,0.1325050337076913,0.09594575741542333,0.007001275019283497,4.936768595323407,15.5,-2.702128781219264,0.6696264390550054,0.5221096322561791,0.11281565501708732,0.05564842943017243,0.03771526509299646,0.0032307248962879288,4.150057486781166,9.5,-2.8093672877560367,0.7648240442793135,0.35225456733868266,0.24661089046906987,0.1655461286271961,0.09714413987190834,0.0095554736367804,4.986490410098253,14.5,-2.926757806421977,0.6497662582206506,0.50205693396591,0.10303218796560908,0.05241655255167611,0.03762002074439251,0.003207286912275284,4.151362379420953,9.5,-2.9345565450845825,0.7425755665321296,0.557796059806746,0.11230252380644043,0.05575130743973173,0.03239512025219633,0.005575389217261733,3.9449593791581004,9.0,-3.2105559153482996,0.6831074817572329,0.489767932536402,0.1057067108067319,0.04339937389479782,0.040920933423953455,0.0060542126938093075,4.135084045374856,9.5,-2.947936236962279,0.7243664518830294,0.32579817360081886,0.20417858593251523,0.11659695639037136,0.11523374011322052,0.01207415946556125,5.14615097740371,18.5,-2.4206022977729527,0.6684771239155178,0.5236907263811117,0.10834662702816243,0.049111082285056444,0.0438035021934957,0.0037568556080161348,4.162315046379349,9.5,-2.8455872568686966,0.7510187044271287,0.36616023809155324,0.23394544810505652,0.13310740880906047,0.12894920394478343,0.010533426354558265,4.987591128310175,17.0,-2.8838283190417315,0.657411342985762,0.510193780676394,0.09634500037506191,0.04764851878450774,0.07460640593823546,0.009741422070790661,4.382969157478572,15.5,-2.652232064286696,0.687056644624062,0.3316711886876675,0.2160742790518311,0.20807662067243815,0.10817473250352873,0.011885608992434793,5.058091530557206,16.0,-2.7565388079318422,0.6340172607772636,0.49421901480438085,0.0869270111557521,0.0348619157153678,0.09222793843669534,0.01622618403718999,4.446396400549587,17.5,-2.625613838826217,0.6541073322409052,0.37756884209428293,0.26007248056875387,0.1392300605118596,0.0872748843308389,0.005906199322968256,4.861110388296049,13.5,-2.9340977739896155,0.6779822238977156,0.5149368680092151,0.11966394907068652,0.05252412697686386,0.03523737677815094,0.00350924237881976,4.166204638526077,9.0,-2.7622031232736517,0.7577524228452953,0.3444686963652333,0.25643968470012335,0.16315072510550152,0.09708448415641355,0.008557267857607003,4.988025062724103,14.5,-2.7837828686432933,0.657345801776448,ADHD_part1,v39p.mat
0.24606415343474186,0.11824321575919883,0.05268592391306935,0.033220916066664954,0.0032427537606561116,4.750282253963331,11.5,-2.7743938029243282,0.7469350526009153,0.2449927293416304,0.1507896577682009,0.072587581520859,0.04468830617150258,0.005089975143464247,4.904950055009433,13.0,-2.703862968430916,0.7325745519721392,0.33597854878647226,0.299116204683094,0.12962505668546523,0.07121008571549857,0.004788391053493748,4.854637840797178,12.0,-3.0510587024488816,0.6801383139991466,0.34201057559589454,0.266166832352866,0.12802687613180075,0.06747973486230797,0.006271093508699907,4.913851574963028,13.5,-2.6620457271897124,0.6874219890135194,0.3645598094657623,0.28632759563382415,0.13620722076109215,0.05003063652228744,0.0040445940512667065,4.716478410425559,10.5,-3.251272572167047,0.6989789578328753,0.36306177824268715,0.2719374250251271,0.11674287691178321,0.0658073433114996,0.007098766297569115,4.881990435826165,14.0,-2.553945184266669,0.6886907299250344,0.3252469917644896,0.28477905977405527,0.17448095461404767,0.06363529626021411,0.006025074904794227,4.870267242167837,11.5,-3.1605017124975068,0.6802431305413672,0.34706227720399385,0.2682895705632509,0.13394447605388016,0.08043141281732455,0.00814488927551671,5.00094079087483,15.0,-2.5771328857701947,0.6753169602299854,0.3023998199561459,0.21327231428419505,0.11847146725026736,0.06536263227611362,0.007192635669621626,5.003075131829177,50.0,-1.9887595529704587,0.6366100817940802,0.35283943861722367,0.24120850208355105,0.10444037170766064,0.10424689665119856,0.014945095601282758,5.10650545197956,20.0,-2.2738624008658848,0.6433703942784641,0.3253542847436926,0.2659308792475336,0.14527632148572547,0.07557993489738779,0.0070555242933301,5.025138108741627,15.0,-2.488949155162359,0.6930009909717403,0.20233952792402027,0.10201483988074829,0.044123092847201714,0.03200552386109476,0.00396868864714428,4.7947411220638765,13.0,-2.557801855998859,0.7485724904482394,0.27750215277359036,0.18896479471095734,0.11510256077276702,0.04545859000629462,0.004758703434018859,4.903336102331153,11.5,-2.753198912679616,0.734600872905605,0.26310128817580053,0.11221013155558898,0.05739562665820741,0.03365720870531876,0.006014085506773557,4.7763452753293505,12.0,-2.6601999457681336,0.7125776993267435,0.31472549149462686,0.25882332921146073,0.14286141401031197,0.07793893778353818,0.008802161902877716,5.06956893470946,16.0,-2.4620321771328624,0.6802524960415589,0.2910206623593894,0.053157462695708035,0.013865684656059042,0.016505442680900317,0.003815904359525572,4.0708955083895555,7.5,-2.6425560755870365,0.7376604811455859,0.3425560556188643,0.3030321316152932,0.13668515897783529,0.06119591178092404,0.004504408385625837,4.8221559312133975,11.5,-2.874900415256712,0.6945100815654986,0.31652943200921707,0.29125127979403215,0.1410502746457465,0.07003143345475772,0.008559748480220461,5.007095639730604,16.5,-2.4165599559626285,0.6653545941205516,0.3436217057300426,0.2907151416132158,0.15565021229896392,0.07027908182141009,0.006080198173252034,4.869842746830337,12.0,-3.062774259221252,0.6814381172152637,ADHD_part1,v21p.mat
0.37007073065785734,0.11832637703457663,0.06107513736768079,0.08455812500193532,0.01471178883621627,4.869607960619389,17.5,-2.616898615631005,0.680611965729081,0.4284741690664814,0.11996986407012745,0.05641591317031491,0.05284395363904086,0.00929627202856218,4.537882492851998,11.5,-2.789467228550387,0.7145870288762259,0.5136005617888567,0.17604288532523427,0.07781323628716229,0.03974096728520185,0.004981767051926407,4.385746795553194,9.5,-3.0644634763555803,0.71870545326273,0.48194398061035965,0.15924345050877242,0.07206961851330597,0.03744613338938815,0.0045460251176124514,4.398336847345192,9.5,-2.974315305650885,0.7281948173190851,0.5093650980472549,0.18346915224565274,0.08493121612596256,0.03482732629263687,0.004039250104926276,4.35622411046387,9.5,-3.0501791900616926,0.7306763963289251,0.4577775777345191,0.18938951967624357,0.07134962660023172,0.03588509898096955,0.0043213525138619206,4.392728982081353,9.5,-3.1074226173748967,0.7213943641074017,0.4771902300712629,0.2018983449059046,0.09805559627315054,0.05078940060478572,0.008330720188019985,4.606875802485514,11.0,-2.7347407507111114,0.7067561697965702,0.4693306683234297,0.17404209558569728,0.07315332464622404,0.03572872723968197,0.004632694409124035,4.423443269541849,10.0,-2.6663783191599744,0.7509525078221176,0.49205471169698917,0.17872829988980596,0.11199254567256328,0.05927803363752306,0.006858537531529066,4.568239700880495,11.0,-3.2503209178878936,0.6929691157062707,0.45598927410292867,0.1244366891901748,0.0626423419488494,0.03647447816465363,0.004332040873821076,4.347013910739642,9.5,-2.9520350630958787,0.77374881151484,0.49302249839753,0.15395026481295554,0.06467728132937549,0.038436494338709624,0.0057220943170463116,4.345121322140612,9.5,-3.061102451667284,0.7214678850146137,0.4708357108124744,0.16414158586947014,0.08394160178439773,0.047622071771040754,0.006141106344277809,4.507319063643685,10.0,-2.939986281084959,0.7264039059090435,0.5131647855778344,0.13636541662853127,0.0467891779281042,0.026295828175434417,0.0035345191894465937,4.118365349240927,8.0,-2.97392964806623,0.7434567821892784,0.4733670214429904,0.14816396091973222,0.06886223812085684,0.042413844833207426,0.00715845591139734,4.457382367463807,10.0,-2.678717546912214,0.739430772029084,0.43910618356166786,0.17717566791889436,0.10532551887607712,0.07443212490164905,0.014258790035624396,4.792406702602783,13.5,-2.6877511237685487,0.6820491569841713,0.47417263997049164,0.11726187059152955,0.030959278531035767,0.020219475557264173,0.003716060511320593,4.011728385913303,7.0,-3.023123295170449,0.7686601917642039,0.4106545028716356,0.13481511058400739,0.05178743972628799,0.031284062597677416,0.0036411683258010617,4.5179970402601475,16.5,-2.2294324816616777,0.73542774517965,0.5297271201880859,0.16227188214357835,0.05331931934899641,0.02797638407865119,0.0038842831348000215,4.144269989483451,8.0,-3.138115530619977,0.7395050340444194,0.47344177317568126,0.20952668404672736,0.10088790837397489,0.048644180510213436,0.0066902348511032736,4.571729483197904,10.5,-3.0234018975517514,0.6765755388030131,ADHD_part1,v19p.mat
0.3276516020689021,0.09735982369281554,0.03195298602305227,0.018206940191437943,0.0017482827584656426,4.393216913111232,10.5,-2.339509998833643,0.7854350594449416,0.34239546169717794,0.10106727637698296,0.03220936001415615,0.01910580178677465,0.0022550990208304034,4.275403769682614,8.0,-2.80452731897847,0.8016395538859453,0.1715304060602186,0.08180142688444733,0.04270290004483544,0.022365833325303192,0.0035502478497293536,3.764315537047937,50.5,-1.6621559996318818,0.5307357213246595,0.2246379326493398,0.11340495271968713,0.05338705537478246,0.03531218664892147,0.004935020992795613,4.131809154065103,50.0,-1.6737967008280705,0.5491918792881881,0.1493516908906759,0.08792972994346304,0.0626070529538006,0.02046525030255708,0.003342738000082378,3.7787612538467314,50.5,-1.6134703267026487,0.5077057308227745,0.2059767330585547,0.10568425683001084,0.06499905532793983,0.033087554649164096,0.0054406171023371344,4.052143601567804,50.0,-1.6215810310405867,0.5582361207322719,0.29682397769658025,0.08340624369835897,0.024051572369000962,0.01287672981065997,0.00291127463314405,4.098210134289014,50.0,-1.594667813436463,0.5359885291152497,0.2022197848601957,0.10954667496899158,0.05669966366826941,0.037332304081138586,0.006362088755508885,4.148898475015487,50.5,-1.5360662579544666,0.5208820161190487,0.2273529619048148,0.11686611989696603,0.06218244652248208,0.04825672795370116,0.009408308961910234,4.597783943529457,50.0,-1.6165400688887759,0.5904560971193189,0.2430761239959991,0.13572718363474084,0.06283481649105091,0.11064647159580657,0.0343230115894338,5.346846120102745,50.0,-1.7071804141000655,0.5654274330355129,0.2704252499027991,0.07600615050220583,0.03344412052476062,0.025647732106759556,0.003977898310589616,4.588184269628175,50.0,-2.0393414752185364,0.7014521324887741,0.351455177990864,0.12730691885622425,0.05816768424390709,0.037459751208871225,0.005528653327861352,4.662171297279244,50.0,-1.9151948469045939,0.6615932189435725,0.5125927322561195,0.07751322477344177,0.025197768562138317,0.013852886965668216,0.002103138543924761,3.949197787211039,50.0,-1.9895374558413168,0.658429267918496,0.2873269143836631,0.13311728229455463,0.08449492707880334,0.06908754451357217,0.01410363907070387,4.85506363995607,50.0,-1.669649076435058,0.5890674034549334,0.18933178167369388,0.0944545949497741,0.04349640239944344,0.052155844470588096,0.012902211692168274,4.671182520798657,50.0,-1.526915735993559,0.6087227585745578,0.1599190620363336,0.062167266941698066,0.029037174606695804,0.045485808234659704,0.013847394227929672,4.45248547402975,50.0,-1.6504132741358115,0.579904495129892,0.24018356257617576,0.11916953286493201,0.047219494538949004,0.027598415573438832,0.003362165348210156,4.415241097142111,50.0,-1.8347772529745516,0.6076418029135192,0.17980842424240664,0.13744186129690267,0.08176860580646382,0.030765479352169965,0.0060902431857776905,4.254901806117456,50.0,-1.5560939638385711,0.5102154261760826,0.15710172537525025,0.09862995680015807,0.03820865264474145,0.021212712015904914,0.003584754018024274,3.638541250663029,50.5,-1.6308124149093026,0.5324660980729434,ADHD_part1,v12p.mat
0.34581654633049097,0.07592345373253184,0.03674184414883025,0.04326513358818715,0.007902386339526654,4.491039089393678,13.0,-2.7024179472303396,0.6799689132995406,0.3250762681614602,0.1336215111372214,0.10485678694985713,0.13356676898737102,0.0224637655831136,5.332516640544367,22.5,-2.2729566126605496,0.6347978814968764,0.340080780257698,0.08997190522957413,0.07619615083442396,0.046572220941513996,0.007046246986045583,4.639571924188625,12.0,-2.802202019278379,0.7126303871925055,0.3702781208523217,0.188518335074395,0.16392232575293014,0.13847668660125795,0.019204032922687273,5.2385968817820965,19.0,-2.595435999992094,0.6210457640543646,0.3389517509397297,0.08408424463868994,0.09135967629382456,0.04112827736536329,0.005893949176103662,4.5807941775764345,11.0,-2.9467575600276397,0.7158450247674597,0.31104380345568655,0.1678917708370309,0.25832839714960454,0.12813635410050758,0.01771336498133773,5.219712639787914,18.0,-2.7302703110979705,0.6137349028791996,0.3473584873238991,0.09186062964183579,0.10557006327658253,0.047307745190351344,0.008752564951609428,4.653076135205957,11.5,-2.9510048033418577,0.691855906075233,0.30857565607977816,0.13277841446914926,0.13242879401588323,0.08788134971317316,0.014115037921817421,5.1449651960379255,17.0,-2.643111648091758,0.6673297047987192,0.3197581968388604,0.0636808272999058,0.037124176099713406,0.04719807977456369,0.010120761781866279,4.541980536980543,14.5,-2.6229602325366885,0.6920393158287615,0.43696951126729233,0.09073017929821023,0.030228052151075345,0.045533992948315394,0.00986948770267039,4.299567020660972,11.0,-2.5775042657251275,0.7133456884405414,0.2823714771917978,0.06321678992953916,0.04037351648678633,0.027175688124043747,0.004606168858877395,4.382271343007972,10.5,-2.7469836653734725,0.7271388389800298,0.3193084283666062,0.13811819991134247,0.12416745995288724,0.13808757998379198,0.020255853538117614,5.330463319915645,21.0,-2.333098759376066,0.6509760241930009,0.31163682441203555,0.0644494053111686,0.05390852141406078,0.0307022958233871,0.004644871395240836,4.4024601743591925,10.5,-2.784892496980808,0.73899684760881,0.30602435391339144,0.10638320124798582,0.1318423542114826,0.0944474735042051,0.01859506817520006,5.188311405606006,20.5,-2.205600515935891,0.6765534349863584,0.32331765411665675,0.06549173203349704,0.04087120970696921,0.03246661783909097,0.005695057164712679,4.3550183837372245,10.5,-2.9272037333015266,0.7041213446401697,0.29763170850949133,0.13323442480913375,0.15440911739434152,0.2121875360175566,0.058079630060497996,5.7329132069698545,28.5,-1.9901819005575438,0.5480202970324632,0.33274340559474946,0.09959021483128253,0.06328918232111203,0.04685482143868498,0.00669693747461548,4.63679105528219,12.0,-2.8310118229704173,0.7199276795977773,0.3155059694992148,0.17686264177613287,0.25619645116335454,0.12123488093338196,0.020649228269753045,5.21833226130904,18.5,-2.687928074535484,0.5920295280736692,0.35426522793909626,0.0871206452236084,0.07653959183501957,0.048319674981439444,0.00849794433398537,4.622067490599889,12.5,-2.677853576563795,0.7247590012822456,ADHD_part1,v40p.mat
0.25574455807203317,0.08480832445414946,0.0451868805670648,0.15595794637545182,0.0308747826218648,5.547384147066447,43.5,-1.7383633903545002,0.5848036375232873,0.21636808064198815,0.0868849534457647,0.039049969552308626,0.10134168430260918,0.024682123265228523,5.467223278509631,35.5,-1.8395647367978933,0.6117843820351441,0.3290930226063426,0.16784369262417095,0.09581797836282621,0.09071790356823846,0.01134169872923375,5.11457231667574,49.5,-2.0015706265805737,0.6567660280576044,0.29558226215282457,0.17287390068529285,0.10286995260896681,0.10664728805561703,0.00947916374430417,5.201325281550091,49.5,-2.1434078002408343,0.6355449146124097,0.25446994103936527,0.17998399476431243,0.13514617916516444,0.07504708179900899,0.010622366775836306,5.046018363442764,50.0,-1.9218886133123698,0.6434913146415182,0.22366394056047845,0.18179236672242244,0.11884482991441883,0.0768132016148988,0.010974589503605069,5.071065118552165,49.5,-2.150521771179739,0.6306395229345781,0.2281408979685659,0.17341197572378797,0.1703902296926172,0.0835787584958931,0.01322026703771965,5.043288286801889,49.5,-1.9028092418037306,0.6307340880538621,0.23509966344041597,0.157483048533823,0.10789670659590794,0.09325646712983408,0.015593616983405077,5.190957005672284,50.0,-1.9839982724580603,0.6144714199827556,0.23763195619045785,0.15525422450483073,0.10178929836389433,0.12301166912033315,0.030276630348564183,5.527264161617301,49.5,-1.7901487441401644,0.6101097417218518,0.2066811125803702,0.12358574187061847,0.09485788290757366,0.193980758508504,0.056949413742374465,5.8715735043021215,44.0,-1.6979463454559942,0.5136942219503111,0.3040785983192771,0.09343017620165389,0.04317417375104232,0.059890404129705914,0.01597492788794523,4.934792167015054,50.0,-1.6740804086617018,0.6650775965180132,0.3093435560111055,0.14026875679146306,0.07987273425526605,0.11579600333564274,0.015224146946279011,5.261772030110183,29.0,-2.058812991046266,0.6381526289733073,0.25566863045002,0.10744935498421716,0.07039809718773513,0.0834059254077319,0.01939378702641467,5.195368744424174,50.0,-1.8339636397952548,0.6079219727083178,0.25007358977467137,0.06623939221958916,0.03413614036999902,0.06238109032925784,0.018352663849678204,5.09063864902667,50.0,-1.709741964137752,0.6478513582090937,0.25543641696061453,0.14882660351353677,0.10163319026277684,0.10727288892846708,0.01991809618048066,5.266851560970858,50.0,-1.7501691284309326,0.5990535885007322,0.16571272246833524,0.08848012342469991,0.05279258976474216,0.11559550570615608,0.028845094335976297,5.362912492979386,50.0,-1.5544813750298523,0.5342179476639186,0.3524459249429507,0.17910316499082204,0.10734675722161033,0.09365808603329047,0.007958056706122933,5.057240276584043,20.0,-2.3377867370024994,0.6781061180226757,0.19966522006493478,0.18266589397163516,0.15100921370374515,0.07228916333256448,0.011975658297353533,4.9288562291901465,50.0,-1.961749160346089,0.6129847159628508,0.22457889882093182,0.18230761340754503,0.17449936147185266,0.07943937761551514,0.011248221099907882,4.918205121806038,32.0,-1.975504440958558,0.6320718959243568,ADHD_part1,v28p.mat
0.16055319773064092,0.055760232275561775,0.032052150268049355,0.03773197202490492,0.0029043079546618605,4.869487453647065,50.0,-1.9059410058607598,0.6606613274989139,0.13269726546566357,0.03797523594759608,0.019345526980071574,0.019812600951707986,0.004423927807621853,4.526210625045089,50.0,-1.295165748126812,0.5136077543657811,0.2237237620590491,0.10130356577993063,0.09418065525296694,0.08514526253025698,0.004555932515145889,4.669824093545768,50.0,-1.80635812861449,0.5544462660030238,0.21628339800231078,0.08464840491138786,0.05543293298070025,0.07927180843644634,0.005924308223347993,4.947274260483983,50.0,-1.6367171634356383,0.5999569589943646,0.2122791129805464,0.10293887401908021,0.10763211388142216,0.05133356102791224,0.004487800619507055,4.449268350423369,50.0,-1.7309743318878712,0.5481424059678734,0.22933818548004697,0.11226476952984822,0.14110646433745788,0.05439748689748434,0.006751291245532128,4.9693508593065046,50.0,-1.6597553335206106,0.5957090271060896,0.18511769698448888,0.10126582650494263,0.09170028756740176,0.05202117155163725,0.006921945447155245,4.324815922738372,50.0,-1.671073617487023,0.5256620508926118,0.20916313036087775,0.13301152058407995,0.0951744152130414,0.05788178120721845,0.007455404446423223,4.958931228327393,50.0,-1.609873347495215,0.583962133108443,0.12499535673923597,0.06890195059846056,0.10807629849846316,0.17796318415783055,0.054912203695752136,5.632994667702574,50.0,-1.2742877357549636,0.4391378326135713,0.12437816214650857,0.07666948591044584,0.08380506103857478,0.1269133194857142,0.03722243833272593,5.3983393248037075,50.0,-1.1675141288581334,0.4337715477458788,0.20691334580234083,0.09454570591582419,0.06642211745398569,0.1037039864069098,0.010806259879188162,4.70470269080925,50.0,-1.583935788102781,0.5237100380183439,0.24745798565378502,0.08736725074101621,0.062204458103005324,0.07269413083695146,0.011279239838071253,5.092925041732242,50.0,-1.5766507003066679,0.623244724525785,0.19666160622480244,0.06781460306689628,0.12340660213645949,0.042411962846051754,0.005859942299943775,4.4752701278591305,50.0,-1.779959026828816,0.6172933690579445,0.24309859021318644,0.0895834601014246,0.08382912322496489,0.06068408820631088,0.01460269446709911,5.195433028170152,50.0,-1.5661262612176166,0.6866352491234821,0.1686788732131783,0.060843943948590246,0.067468131016609,0.11765776069411878,0.029960153275987333,4.897021956083023,50.0,-1.1880495976638306,0.4642649425946668,0.19888342777905824,0.07635239903389317,0.06537080190584998,0.10745267354583811,0.030896109243301505,5.463632642440512,50.0,-1.3474190049451333,0.5815324509304207,0.23270924056310685,0.12305763909345664,0.09932958901578014,0.08478087427794996,0.004630361186976441,4.793925291185353,50.0,-1.7606591327301386,0.5617893623883604,0.2199658137122566,0.11308195975543071,0.10341478507752801,0.05147919001731137,0.006686794004734802,4.798202269350967,50.0,-1.6636580672988301,0.5667468941860085,0.16408911769197448,0.1013173763243854,0.07781568574557117,0.05106515179994038,0.006356718266296909,4.199045840602135,50.0,-1.7011563005656283,0.5137004048384048,ADHD_part1,v6p.mat
0.28814202228895924,0.11054974844567501,0.04532911302286685,0.05372190013178785,0.006317163544239458,4.786437088357917,14.5,-2.6210460250088397,0.7288130990812519,0.23811652795907126,0.10782262437359155,0.048755240775215605,0.0642886760029132,0.008898511613734705,5.039633027995641,17.5,-2.5033984885610976,0.6970151219216051,0.333064088176798,0.14289337279425351,0.052449673924664944,0.06184940901406838,0.004251762257842858,4.695712608418065,13.0,-2.933020453220437,0.735407393883535,0.33401422424422417,0.1932529414328651,0.08125615508928807,0.08285556564168861,0.004085433576283386,4.818818085068183,14.0,-2.951958021869982,0.7177171614586408,0.3676399561116858,0.15919094452717045,0.08626867445641134,0.08543238190668509,0.005021363950570138,4.851142708687865,15.0,-2.925928616619649,0.6979100087302875,0.37975878584716427,0.18512415208831454,0.10752674249146682,0.10636188433556239,0.006197840683215699,4.912196641960881,15.0,-2.877282874116181,0.6888328745833708,0.37869918195968166,0.13566536324303852,0.08441860473124493,0.09526007569863831,0.007565181915614654,4.84852378383946,15.0,-2.9467962145526676,0.6997832950089322,0.4081407852751171,0.16846673933193032,0.1040295821542816,0.10783250799797046,0.005887187085840435,4.883720021911005,15.5,-2.731435188219249,0.6864370865832335,0.35285733279858844,0.12707868653545634,0.0887416037103447,0.09078090209095695,0.011214281044973662,5.063019860557891,23.5,-2.3077033353392515,0.6727104283597016,0.3542336433971164,0.16882084828524946,0.11921503657348996,0.1353535984142944,0.01103517259775476,5.205257350903214,22.0,-2.1894166500831944,0.663317416685956,0.34203183321573577,0.1300064640347619,0.05442272424856479,0.07159193250291596,0.006421108212358697,4.847127863172795,16.0,-2.4345996229129074,0.7295286080921696,0.3435104302038957,0.1690587621015739,0.0812753990535333,0.13902564320403776,0.01868917061841325,5.214826651709988,20.5,-2.4422064670618466,0.6257967613267299,0.354437940831838,0.12729420403295802,0.05941134977473176,0.07740876377670973,0.005727297763989454,4.780735313559384,14.5,-2.7159714514053044,0.7318428747544646,0.3838890987978969,0.1562463676069714,0.08700310072402438,0.10237705501950643,0.015568762298716815,5.006401027580623,18.0,-2.3870171132657187,0.660072169074171,0.30715935547343215,0.10818850512609997,0.05455453350684091,0.07418912383813916,0.006819635329960477,4.86032680033831,15.5,-2.532478518691726,0.7324619489611082,0.3817572452406448,0.14560149864367178,0.09621660501577492,0.11434515341029981,0.01473147796755712,5.049349369963001,17.0,-2.4908785546313745,0.6795289267957002,0.33546519477774306,0.15554096768708453,0.06125640922772262,0.0667449964701149,0.003979377836658019,4.803961568458032,14.5,-2.6671740135161786,0.7337264780120356,0.3675679251056324,0.20162464162316304,0.1137905070478778,0.1109829520081966,0.006696425445134636,5.0243149927650155,17.0,-2.5604165373713643,0.6744328840595151,0.38177572344429417,0.13527208844618074,0.09338469340794342,0.09062346357208696,0.007130485436768929,4.90819194346053,16.0,-2.589390435808234,0.7045470991263489,ADHD_part1,v20p.mat
0.3366692382965908,0.09249707669277113,0.026584353891090456,0.02428712700999819,0.010968986787748967,4.3778867424995305,9.5,-2.4897274910928098,0.7344265453603467,0.3263880213018513,0.08673043661786228,0.02265855338574318,0.020853440146244275,0.005235083960622998,4.271865217977215,8.0,-2.7077079757113784,0.7625403435433681,0.28566979289941297,0.05886056559476347,0.021070343681400604,0.02832906532705487,0.0049780769829469275,4.3604183294678664,12.5,-2.5106459999600252,0.7411158459225906,0.40835314579159787,0.10954302797051135,0.05259018279584502,0.07733818742710453,0.010169732502332645,4.711906747333283,15.5,-2.528733898231999,0.6995714146625103,0.2909390815506817,0.060839793906265156,0.026295143142637437,0.023362921102751268,0.0045922776033536835,4.283383511357549,10.0,-2.5203199723991125,0.7848167530423068,0.41759776111453983,0.10163538199897465,0.04806696060588561,0.05024949293071933,0.008351694694196339,4.495716863493392,12.5,-2.76244637798625,0.6806252764441645,0.29010156134835885,0.06355155672911447,0.030496872390174033,0.029307865582112437,0.006686747835948946,4.404662989500872,11.5,-2.638870348797015,0.7392668084976226,0.37050333628722304,0.09741949127256742,0.05716754363535682,0.05889577306719937,0.009181923688425334,4.716731418499028,15.0,-2.519106375164508,0.6884470302279119,0.2605992387717058,0.07571483468315855,0.038620920686866705,0.05535684067985596,0.01680525033300986,4.912786637968199,19.0,-2.2252613273533743,0.7277625942995299,0.32069707453054636,0.09208016479629026,0.0528080108213793,0.0920263085280255,0.021399653990184925,5.10958700463287,24.5,-2.071771447975722,0.6638319710158592,0.24849933777930236,0.04891817580270484,0.018355255883136343,0.06820357379358181,0.022736280092589455,5.028125233000379,32.5,-1.8592164555591884,0.6028621547157387,0.4021803286388977,0.1053520913118225,0.04020750452786544,0.0506017491432119,0.008061297065215245,4.463257298076539,12.0,-2.8718477220666583,0.70028289777942,0.31881570865090686,0.06003472185353155,0.01799505400083144,0.021693784282874398,0.00516016378269011,4.1040655870829825,8.5,-2.41258392636771,0.8153601403983187,0.31658918221704535,0.07161432144048319,0.026912658253793895,0.05277000803867253,0.01597266826768377,4.658189571745585,18.5,-2.3464636298028814,0.7057358954228292,0.2836608839983697,0.051495238074677485,0.020684437964138064,0.04743002835236271,0.013926098800477637,4.589516895430781,18.5,-2.1483420595303797,0.7360589373922295,0.35104939678428215,0.0732180643469075,0.03853358079105982,0.08247236340181355,0.023535576493403,4.83715024522528,21.0,-2.5048147606835527,0.6167981250799557,0.3149900203890919,0.0681977694680283,0.024982026587540406,0.03025648773897557,0.004282429996971921,4.280684487632148,10.0,-2.6705288623175965,0.7901980134330937,0.3769485537037371,0.10847644960673929,0.06482414176227898,0.06348667307141478,0.012431418573640576,4.7570747977342736,14.5,-2.5635809752441974,0.6823952960618054,0.29465308173473326,0.06235959791187911,0.027600849788215386,0.029009767554861312,0.005281959086629482,4.330700561887825,11.0,-2.5528129865642217,0.8066057606470133,ADHD_part1,v29p.mat
0.16227713674159724,0.07064792881875072,0.034025260814279736,0.09132915563719789,0.01602801961817466,5.53616643180519,37.5,-2.0118617686619022,0.6099304202892143,0.18793595351372192,0.08175066037564144,0.03484585339209896,0.06490211135860292,0.008144338305704994,5.23119779131911,26.0,-2.248226007463853,0.6781147571806021,0.3409449147894259,0.21360484692927312,0.08446551860549699,0.09882995675905705,0.008249879894097112,5.062328522385282,50.0,-2.107710417566766,0.6466252619795803,0.3211845505354679,0.2129140063372044,0.07828086999167014,0.09698564630703532,0.0066870912275042525,5.045924499892685,50.0,-2.0900481642577473,0.6460355903136452,0.2879920945058403,0.23529567253023187,0.08316402407038861,0.0752980390066343,0.006640831418773272,5.007968067464644,50.0,-1.9236543335099934,0.6272942116304896,0.30993268375807675,0.25165527167603047,0.07937399287357552,0.09186350876793646,0.006359874760731278,5.0512563410347955,20.5,-2.338283438912673,0.6866002087684312,0.2938246608166215,0.2299691389536214,0.095403611885771,0.1014662729004616,0.008758504149149048,5.14531426787792,50.0,-1.9883430019428263,0.6368899469069271,0.27855257817620144,0.25713282912675756,0.08192058328151829,0.12230817067463581,0.008797371404259338,5.16745085589832,50.0,-2.0782346103277254,0.6204850965606101,0.04797497523151736,0.024660643154482197,0.013035867738555659,0.01399806894575017,0.0014856160774694598,2.172507517005446,50.5,-3.7212750274739155,0.3887787695637458,0.32502223066487246,0.181162829340414,0.0698160960982982,0.15592250851979603,0.025240002609762436,5.411916552501025,35.0,-1.8639251439608542,0.6315365382191475,0.3206651817877374,0.18011138281504374,0.07293522724948458,0.10896159578219496,0.013364828861021968,5.1800591548829,50.0,-2.0170192233503723,0.6283665468893529,0.349390677061802,0.20210104689226838,0.10060514118301922,0.13425402720896948,0.010335974316601236,5.115457038315198,17.5,-2.8440045120056756,0.6495806243329311,0.33968260894557967,0.19678721578821107,0.07485278903822074,0.08783628565786411,0.010320180341180039,5.0709150982789515,49.5,-2.111499790601665,0.6589131852696535,0.2961783514441789,0.22238518530479545,0.08287183713524295,0.20066126706748802,0.04050909637711135,5.553517072418475,25.0,-2.254579668199343,0.5491616160719905,0.28491081959208686,0.17222126382949143,0.07941416787714974,0.2335849273586688,0.047283958868924864,5.684959831189589,26.5,-2.030437845217384,0.5825260715272291,0.2515726712042301,0.13991083693802747,0.055867739186340415,0.1542427403926488,0.029026186242117155,5.551341730723284,32.0,-2.1261143945133516,0.5750046378494041,0.3594067448850977,0.22209610643932606,0.08200078644519208,0.0794014335838461,0.0056338112245809206,4.951233967535308,33.5,-2.235294610352488,0.6727654573935961,0.3691885542248617,0.29367914142493234,0.08868820653040865,0.09591388587001777,0.008236053412631039,4.89128342640032,14.5,-2.8620330099256424,0.6530151003413549,0.3626823806742063,0.26595403685346614,0.10123803847327877,0.12692518245605505,0.008405590920911955,5.019951707944645,15.5,-3.0005515174049164,0.6629761841688775,ADHD_part1,v8p.mat
0.25786977644459125,0.08528001226829726,0.027483104704267604,0.025047974945617016,0.004157457071473958,4.489380569105039,10.0,-2.6348374414163556,0.7971074320200906,0.2544852924786243,0.07215764140326546,0.02231274571803514,0.016884538945468708,0.0025241154255508246,4.307838059323477,8.5,-2.4517606799810454,0.8561021871761176,0.36888042891082523,0.1618090570585316,0.05347991913645649,0.053578714546992055,0.007951296173990367,4.67533037611691,12.5,-2.4610968914206293,0.7612519872566363,0.2866362435219048,0.10764695025046664,0.03170697164744376,0.028934341333053764,0.003355884519500553,4.46176194068462,10.5,-2.602037349259021,0.7417501558779431,0.4176565065031582,0.19912873906735998,0.06979747667771931,0.0654105932989134,0.010362597116381645,4.7240320470214225,13.5,-2.420447922912311,0.7339359202764257,0.2638900663444592,0.10724919219233178,0.04340468047894835,0.02960858100524191,0.0038943904201328232,4.576272096604072,11.0,-2.4732378457706212,0.7926130264015592,0.4274572067793506,0.1544794900041071,0.06838987790671948,0.05139572985541544,0.012016360236923429,4.627964536047591,13.0,-2.49507113239134,0.6912424044831864,0.2376532958228361,0.09447514626914083,0.06450545479829173,0.03113349108742695,0.005283330508322614,4.75484464037633,14.5,-2.7119575441048944,0.687139921349398,0.3775171335582619,0.1381092618298453,0.06807417585120942,0.056741204180555414,0.013034477373654884,4.691464988494145,13.5,-2.595630148007123,0.7066142714917044,0.21841580903161756,0.08675012635152206,0.04491082875297603,0.05514718160331936,0.013277650210585216,5.038130191046165,21.5,-2.434224045527922,0.6260609028248624,0.37430568410075793,0.13812930527977288,0.04840274259821503,0.06128269660669244,0.012221788343699181,4.723943987366749,14.5,-2.38759714131902,0.7367679311306184,0.24938365541713411,0.07690621934207954,0.024420144129115008,0.025695340179041366,0.003991106021385181,4.425870052923187,11.0,-2.317218196697782,0.7914648927574465,0.39670357041461807,0.1695865488370565,0.07256781618053808,0.07155650972224406,0.016410261584980896,4.815258377513173,16.0,-2.335766574658929,0.7079779197703944,0.2681338391477166,0.05647466775773857,0.019161519079584802,0.015746661148741906,0.004620412600575146,4.220940981411088,9.0,-2.14009748634347,0.828905995132488,0.3296449190882213,0.15741740644617766,0.07483691036261154,0.1255215584029081,0.04131398932664906,5.273541350426202,24.5,-2.1835707784195244,0.6513285777832996,0.1451513482870943,0.051274652164748524,0.023044526181593857,0.03568367430542823,0.012758431414295479,5.059049824773207,26.0,-2.3822923357455768,0.5889488475716923,0.4371939487376141,0.17351558391992924,0.05135260963035279,0.048571807536994326,0.006628429639627536,4.4845050083884805,10.0,-2.660389159229715,0.7620879168156021,0.27463403883325316,0.12133645791813566,0.04505424910904407,0.033054984160792736,0.004557396623422841,4.611224006679053,11.0,-2.6532667104456067,0.7525062167727543,0.3755838066414206,0.2073504409496707,0.12574862941377496,0.07769392581755212,0.014192343890775158,4.9499680887260435,15.0,-2.4659445258448716,0.6852992096372565,ADHD_part1,v18p.mat
0.39740287705389926,0.11386879813985472,0.033122786774810405,0.037411114530530094,0.006937121538027774,4.535471893116502,21.5,-2.053869248580674,0.7200813495345332,0.3863853270929519,0.11040132015497504,0.02769200198825984,0.024367785684889655,0.005274981599736776,4.428490337626391,49.0,-1.9179842791007373,0.7080640938213896,0.3023839639500737,0.10064277415806988,0.0801819676851034,0.054085284646077626,0.008454073994843323,4.853880983733478,50.0,-1.9977042649223877,0.6528130770427006,0.24476612900407335,0.07801092175267325,0.047588728529618464,0.032374379624911374,0.006057944855777647,4.552825457771856,50.0,-1.8335335478888786,0.6297434239744287,0.3439369124875098,0.16686731082679374,0.08970919576576217,0.03235113015096628,0.004365158915440406,4.718876141252007,15.5,-2.4571244352192427,0.7063092900677164,0.291290694375674,0.10894508525148736,0.04945316502784584,0.027818126833363654,0.004789744888081729,4.644448202063085,50.0,-2.1076921513116944,0.6847457881559218,0.3789740441136501,0.11762163142885992,0.0889111113691552,0.050907234965872426,0.008413971555129787,4.824881887570245,50.0,-2.037092531634398,0.6791668092228231,0.3048651688477258,0.1032673174576756,0.0503088800843438,0.03271454205513252,0.004912369901479836,4.639028860162423,50.0,-1.9345627443223674,0.6580766308446029,0.38457944795503585,0.13655915969438068,0.08705174535658607,0.07068499761193353,0.014829371151280786,4.957029566926501,49.5,-2.0596892873441024,0.6567066281752102,0.32163920341223684,0.12208638595145727,0.05963335731397999,0.05965594882579982,0.013366880042319503,4.919537626355985,50.0,-1.9090619354430844,0.657775029834585,0.2526898285894519,0.08535031757005965,0.061542879689451456,0.05673106539925936,0.011145947539509163,4.772103571956682,50.0,-1.744182578279144,0.6249943904420794,0.2916548366821846,0.07549520817326127,0.029849769918625802,0.0373332445713586,0.007568421672403497,4.624309564839413,50.0,-1.8458890697127588,0.6647613118234328,0.3299679383017566,0.10545145362894173,0.05018863277535307,0.0349873921707679,0.006101297083857213,4.632548217277577,50.0,-1.9773784328520676,0.687189626277442,0.222357097035039,0.06901318425068728,0.02745007835057425,0.07115334704263254,0.017314360915836827,4.807762485742645,50.0,-1.5556725191845329,0.5631799115282557,0.4086928581902204,0.13822794646430994,0.04364493100347246,0.036468968365765096,0.006595749271480033,4.5745733698222715,49.5,-2.1233833572729823,0.7040329425485261,0.3419550574679598,0.09368537424846746,0.021942114461309458,0.018829277542351204,0.0034207394797501132,4.300424820454473,12.0,-2.314868453591389,0.7643872312637793,0.32340004109115006,0.1080289195977923,0.07359608136188518,0.040069515863338095,0.005345101131578772,4.771812435888293,50.0,-2.073844443744747,0.6816075316880137,0.17198083458694718,0.015854247032394967,0.00794606235223588,0.011868347052230345,0.013474506610834186,3.3387140514104185,50.0,-1.1621826249654719,0.41714048958035943,0.16894232929845376,0.013013712579258508,0.005767970248378825,0.009037683617255073,0.010294723276522522,3.3168644668827323,50.0,-1.184001334069422,0.40207652389379334,ADHD_part1,v27p.mat
0.3112230112355812,0.11127670617957908,0.058007704855012554,0.07098646034300651,0.007080459987022642,4.89570361350896,17.0,-2.5206996875607346,0.7133243171751373,0.2652256795267093,0.0778770815257488,0.03727789906192196,0.039887916399319594,0.004481104014379288,4.617396793619607,13.0,-2.4397909105883087,0.7884006476346749,0.3972910382128566,0.182802509427402,0.07892857157956533,0.09254671441847093,0.009098084622794076,4.899439476955387,16.5,-2.5393250079196372,0.6883775418685523,0.3852384428901667,0.18155680370991478,0.07307393785662036,0.08648748662658841,0.006202766758611518,4.781911061510928,15.0,-2.862691579755466,0.6885044480395542,0.3861833680852268,0.194405790340109,0.09615972415317542,0.08730991680257609,0.009162070715730837,4.923033250710818,15.5,-2.664537100443285,0.666847553372379,0.3537613579978376,0.17687769941316883,0.09251408537192697,0.08749105206054145,0.007648142685557385,4.93149366104122,16.0,-2.665070339131304,0.6779118152279154,0.4058718274261975,0.17207021732669409,0.09440487934950535,0.09634000616392545,0.01433753342539275,4.960604925596688,18.0,-2.4606869269000597,0.6625451488856031,0.3396572586968621,0.1703748833139409,0.08930986946565922,0.08492657396777827,0.0068786199922323266,4.9779808788833915,19.0,-2.405873571951868,0.6810894419651481,0.34341676435207596,0.15102079648751102,0.08162527116290902,0.10292987593704729,0.013154172356073147,5.075662539716053,19.5,-2.4132802596044036,0.6520437795062637,0.3537816057080643,0.1566834048442783,0.08132755948820009,0.11004026613885541,0.00892366122715168,5.010136191725005,17.5,-2.623815354088423,0.6645741773810098,0.2571688363886525,0.09867981365324895,0.049962746512144954,0.06865952247542417,0.009384460780700257,5.047814959521078,19.0,-2.198706259265323,0.755483623264909,0.3100680745802504,0.14682654294102035,0.06028231498147883,0.06642670068786174,0.0049200835686464585,4.798219641665513,14.0,-2.846517740852025,0.7198411368091655,0.4177686144582979,0.17490942108309837,0.08888147996234491,0.1094950865032183,0.01459948940091413,4.976877810826647,18.5,-2.40950887284458,0.6581251657172746,0.3350120355141264,0.17623252490227626,0.07189963119929768,0.08694901477980091,0.009223913698924266,4.912547255346997,16.5,-2.6141851197108386,0.673250163477437,0.3464586789559833,0.12357213920484582,0.07843028811094213,0.11994280545678548,0.02193710491594633,5.147799687655371,21.0,-2.4391767377566076,0.6296051839976227,0.3135795584560461,0.13330301682149598,0.0562034982770376,0.09398281471278165,0.013028323705652722,4.973617244485278,18.0,-2.608478997470052,0.6424311678684999,0.4173523241087589,0.21333368034691352,0.07762622853320557,0.091908534264572,0.0077305697105825395,4.823816575997155,15.5,-2.807420426253616,0.666529624144582,0.3585318401311138,0.18334225653029818,0.10542055468299,0.09042344254531767,0.009826250547796402,4.965261404446847,16.0,-2.7161925196622154,0.6643699010142685,0.37574817582025577,0.1490061683287361,0.0875059920074342,0.07183083597656414,0.009105963909164818,4.944122663383907,29.0,-2.1750332468989586,0.6867769415781713,ADHD_part1,v24p.mat
0.3012044182364562,0.10516540991073059,0.03449074729218243,0.030239024814469835,0.0033795273370617568,4.600088622754756,20.0,-2.1862533505536503,0.7173465683678556,0.344499075733396,0.10240417970006731,0.03103141274038974,0.020733042984012913,0.0011351714198422145,4.250823930801179,8.5,-2.7068331560305707,0.787751830210053,0.2527909665184897,0.1446289658838115,0.07458937457568234,0.0808378982196225,0.0039099877188865356,4.959707057673398,50.0,-2.0520772623010846,0.6174407758599725,0.3996005629940615,0.12109679284555672,0.04784059902917758,0.05499058198068796,0.0028127846350407674,4.655907424636668,49.5,-2.1264462181244785,0.6998862892929298,0.25840716653506246,0.11851956261961397,0.09886315180653571,0.046023677670374866,0.0033269175303179467,4.718151389872329,50.0,-2.0090102171621536,0.6238874769727725,0.43510285455630676,0.13432363287210786,0.13084920116638576,0.052159053818148615,0.003347185774177709,4.679377752777441,12.5,-2.4648582127789123,0.7536721536078157,0.23619015102534008,0.10640865683001138,0.06767185202610988,0.05200595193837223,0.00554737853148673,4.633064746498852,50.0,-1.8749180518306179,0.603468672621782,0.4232945828439892,0.12310806557353816,0.06686390761848734,0.04999342748936064,0.00426500818558199,4.63573194062129,18.5,-2.2721742396572955,0.7429249183530797,0.25996583656118877,0.1254694445691753,0.08615577183476968,0.07134278211257122,0.010763853546865048,5.137096499146991,50.0,-1.9570400240059445,0.6448269626663111,0.3798483992455005,0.12674477946538096,0.06819950830052261,0.07444010807006853,0.013914029058301323,4.941991947434143,27.5,-2.0574013882456588,0.6986034994450092,0.2492993018033346,0.09138280504447532,0.042064003020349496,0.07203669007288632,0.007206903213159536,4.880837316136908,50.0,-1.7448032924153027,0.6375354019392567,0.41542398853803675,0.10651188652997405,0.028681182655408817,0.04009940971302323,0.00288406981667933,4.355375863389183,14.5,-2.3976752275318747,0.7362161921129694,0.28613072784158644,0.09359595173180066,0.06756131380317314,0.04471536321129702,0.003028838052160215,4.862233291093159,28.5,-2.2498390243930007,0.7242549040920976,0.40636452278322643,0.09841581732783282,0.039122215083877546,0.04246677059864269,0.00583123470334735,4.471926596317973,16.0,-2.303589003122377,0.7410949004664922,0.21111740562548775,0.07847711258498866,0.04461560117658926,0.06808179222703034,0.011266883784449866,4.998941055037985,50.0,-1.7726304942264417,0.6295688410397041,0.39574658843072524,0.0931571293101267,0.038461551351550806,0.04358458579781466,0.005783516606294891,4.556616984156893,49.5,-2.0242660008157096,0.7060814933809804,0.3153915741475749,0.17221871358225427,0.07856794919263697,0.08551501386240541,0.003515241969580523,5.015178626618531,25.0,-2.329711074144752,0.6680258235041573,0.4210653925426731,0.13991031214149235,0.0812619332029725,0.04739579997571946,0.0036733694452995088,4.687931531977684,31.5,-2.1851173280874687,0.7172223269909772,0.22723495393217702,0.10082880834092885,0.06325212295663507,0.054837670427250206,0.006032223409755982,5.060091247965505,50.0,-2.073099036148722,0.7223247871014749,ADHD_part1,v14p.mat
0.28514740155495294,0.10176270442261524,0.050702334171737785,0.034505673717333825,0.002688075613598634,4.66516649934345,12.5,-2.626858592788328,0.7657951545411761,0.19418958911137016,0.1014709279910474,0.05657354322421748,0.047871786115854534,0.004862339124642835,5.116816215687846,29.0,-2.272564081714655,0.7113770066982885,0.36331278998527144,0.1671819872804491,0.08256381551108445,0.04353021382698089,0.0028331167359922104,4.7476300395997715,17.0,-2.4862495266637517,0.7275396425783507,0.3067965596112202,0.2339678806552488,0.13768675625700527,0.09469608090598357,0.005270224825526689,5.105757161449682,17.5,-2.4546133502501846,0.6801456147349134,0.3494378902491367,0.14948830839544575,0.07855444162991153,0.02793819066452314,0.002350365318717619,4.6657100020569695,22.0,-2.405133719757435,0.7364715781994636,0.29132461741014,0.038860164489570664,0.008000299161553344,0.004557897098609906,0.00075648919213599,3.8099164315814606,50.0,-2.070076265360741,0.6556923759953739,0.3566775174872448,0.14901001260690092,0.08685866645587446,0.0360791399860383,0.003356193158140774,4.7196953167146765,15.5,-2.473797306354948,0.7409891181054894,0.3334989605553351,0.21371524594666574,0.1467915693265059,0.0739777914997371,0.005616223168044274,5.049952781272767,24.0,-2.29311164622868,0.6788730309489333,0.36441086739078904,0.1580477330326156,0.09107782625767716,0.03876898460327316,0.0032262930864047435,4.699792998868062,11.5,-2.63662063637,0.7541553854085328,0.2803396939377336,0.15729022365074652,0.09226220214966419,0.08625320768615098,0.014852295310320795,5.231132847579497,50.0,-2.0787244617601974,0.656488213595281,0.32579300666047,0.12091093984428922,0.06869539412679251,0.04963140578413852,0.004347065025236171,4.816388021216535,17.5,-2.428766473242885,0.7319272146974996,0.3113322779417198,0.20218625759841052,0.11341418111831031,0.1144831933101996,0.010206250661948689,5.234934249346055,21.0,-2.2363284922721984,0.6763914496706097,0.37656567783859446,0.1292345451963233,0.1281127140353608,0.0344529121201447,0.003060568766172647,4.618514975098303,11.0,-2.729763508019896,0.7461689829443381,0.24285920169980446,0.14393594091240325,0.0914358831164531,0.11136426172342521,0.024691072566615457,5.473089231572363,49.5,-1.8865328323181239,0.6320016338743393,0.3129280742969513,0.1172286177260443,0.062436553481931945,0.0868659314763671,0.017330997083972125,5.133621113452854,50.0,-1.9914721556836603,0.6525088094354172,0.26170809184106153,0.15966284224074778,0.07811884846387085,0.15761135487967504,0.03718711102494485,5.563963911096019,50.0,-1.6648085163845419,0.5715907692755694,0.3579099924679355,0.1734717745274805,0.08704383680484581,0.043199568997081265,0.002689044632035738,4.778437635452522,17.0,-2.4033129686654853,0.7349208593524033,0.30727212561812034,0.2160843018873223,0.14214492459074876,0.07121453275469573,0.006197989203280149,5.060336569787781,49.5,-2.118980897464836,0.6630696621827052,0.345615360747074,0.1449302624278777,0.08569499462694669,0.03629858195690733,0.0034735779246328528,4.760219214837147,50.0,-2.18208096436248,0.7031870552886859,ADHD_part1,v15p.mat
0.3353044141829939,0.11771689398308537,0.09179641414461508,0.08706860599211906,0.011671480992698133,5.084109831733702,19.5,-2.3222432053002935,0.6899744247233108,0.2710428290936095,0.09492257388639826,0.07387771465487611,0.09605214001435254,0.017087334516207305,5.297126432643912,22.5,-2.2828556115405236,0.6577152822170839,0.39983780065232843,0.18490893738612657,0.1609373542286898,0.11375601825975479,0.01196134843625122,5.036254430022064,16.0,-2.7848400960298254,0.6343003679394916,0.3784165183823968,0.153735146843304,0.10417816102709268,0.08970207100557338,0.00671972187071852,4.914015381885721,15.5,-2.7041950591422834,0.6944754134674022,0.39366392147435697,0.16854694514740537,0.21799540902648296,0.09044912742627383,0.010164098146276626,4.966660567852432,14.0,-2.8674354765561647,0.6595724030190118,0.2986928583473345,0.15707334399741057,0.2233950374658911,0.07996536211107226,0.007580855574154082,4.99440533706202,14.0,-2.6480772128331864,0.7028819220022338,0.39024975680943697,0.15114067019842475,0.20752402771918782,0.11299329150621716,0.018899504294151378,5.125066424432388,16.5,-2.756328607942331,0.608593463641679,0.3616584144312845,0.17879316686671842,0.2041523142778326,0.11452920203790867,0.01100774574338147,5.106964343358731,15.5,-2.754624618423912,0.6457777673642185,0.36993405281264746,0.16622456936988875,0.19463783301588036,0.12787243867118517,0.020195720665757252,5.192514035076849,17.0,-2.896401921869091,0.5933580008822075,0.35009021953173575,0.16660677842351726,0.1298060086001588,0.1362227033835822,0.023027612382174722,5.245718555039156,19.0,-2.473862802900125,0.6238326744172763,0.3166975244225435,0.12485827344099247,0.11814837493000357,0.13335097932097922,0.026621323019918815,5.414304527335899,27.5,-2.1314747819588553,0.6071502227514067,0.3764448151440286,0.1466960642348171,0.09728647972248144,0.09944978663139564,0.009595242935182038,4.942707161891614,16.0,-2.8444058785282467,0.660111332398055,0.3887712723852741,0.14652450387809737,0.22200187934899196,0.11177659548879322,0.014372701604957275,5.072572257628343,16.0,-2.714946374635447,0.625374375462521,0.14208373098434599,0.034805625308019644,0.02564823991298808,0.055863290402009685,0.014413430143173233,5.308335081322611,26.5,-2.1385755464075618,0.6449130290878623,0.36135073878669527,0.13111070052169266,0.17573688669141266,0.14725421672186897,0.028078933549749416,5.345502956119698,23.5,-2.3119517561082774,0.5821843930952415,0.14726795840444698,0.036661924325935104,0.025822569752832463,0.07036043319569009,0.016311801441693082,5.383475046190654,26.0,-2.010644176738729,0.6616727473880815,0.3855884471434982,0.1950515411716278,0.17316873550822678,0.11172890260422659,0.009780999366663684,5.001094361282032,15.0,-3.0004147445320903,0.6480139720525631,0.3736723174961148,0.16347692157942004,0.23396061483970054,0.0962827879315522,0.011531816527697247,5.012121120082927,14.5,-2.7637786408622493,0.6499287828536586,0.36542899185030264,0.16983549059558772,0.21824747528311755,0.11641802675201507,0.01487429105223527,5.131092124926824,16.0,-2.845451085543149,0.6267685808841914,ADHD_part1,v32p.mat
0.26612260360733236,0.08375508890764748,0.03742153452901684,0.032275799673396305,0.004086604269644952,4.723585977278085,32.5,-2.25950038006379,0.7309651707935143,0.2858304714940011,0.16868785797771274,0.11650544558037665,0.15527433251491496,0.024855559707712863,5.44156655955321,22.0,-2.605313363926584,0.6097547641666066,0.24218031516571953,0.09262937121880652,0.051351836200844624,0.036920152928351505,0.004485022295749578,4.874319306389607,26.5,-2.1151405473800975,0.744137974799176,0.19260811163229077,0.1051560335249213,0.06495400361079652,0.05373935187398747,0.01205078831159822,5.226134852593388,19.0,-1.6872324570909956,0.841869128174016,0.2401553453974647,0.2568021543680848,0.14447565786947178,0.06879395624446057,0.00857295965556518,5.163984061695846,50.0,-1.9080424309292396,0.6151419798453563,0.27258090299851934,0.2837237231755911,0.2047339479280757,0.06766972776222506,0.007317091970427436,5.082190444519839,13.5,-2.5445962461860314,0.6729953650740723,0.21105215219826612,0.19731414199356734,0.15503487986865877,0.08690660751913092,0.013892313931562112,5.247377994325853,50.0,-1.8040771362349328,0.5984690281880849,0.21773056760171255,0.15525780278322632,0.11370502027078622,0.0723367275103571,0.013198122449026146,5.2874001355396825,17.5,-2.2546061463690767,0.7352183091630269,0.12528493225115406,0.09681653187039464,0.06579956045800242,0.05840911121600021,0.01248920723349692,4.089382055267854,50.5,-1.4070509348186213,0.47509672060131725,0.11640230664076268,0.03230245764915112,0.01881812394249946,0.02759192319112532,0.014419284938935446,5.383797128111193,35.0,-1.135209466397272,0.8239385052577827,0.2564822078612344,0.17891848820139358,0.10849692782345388,0.05779423604895111,0.007359595986461973,5.109442685183729,22.5,-2.211935673652752,0.7148357020664122,0.32906787295733053,0.23339852279684425,0.14819394309302283,0.0986681694221313,0.012499763523655028,5.097531632965402,16.0,-2.675522828149242,0.6524094824959255,0.23590697614185552,0.13115024605525613,0.107638187149505,0.08313078348898,0.015551416582403008,5.072790649811281,50.0,-1.74121743656491,0.6003585301254286,0.26808648522023376,0.16837903772323518,0.14214559414337985,0.053307419661106394,0.0085735691722536,4.983180888402894,12.5,-2.7918428466387764,0.6954248329222218,0.2608824445821899,0.08153719456813825,0.04999825282049961,0.05373303453825058,0.010224244921277433,4.908915803504306,50.0,-1.7626889929760734,0.6530957598064764,0.28061523716337367,0.22308963101133733,0.18618074887275912,0.14774340321140642,0.04261320450097433,5.488860686940385,23.0,-2.428058469475258,0.558526771053275,0.09830287111816706,0.03126089746667978,0.019018575599124593,0.030264755347627403,0.022771134643224087,5.639466198051312,39.0,-1.1638427050166547,0.7462765907360873,0.26895130802087236,0.29950352181589657,0.18337711707621118,0.06777752125881903,0.008309730105970078,5.086960049994861,14.5,-2.4659302555187605,0.6660157595792174,0.23520900629936953,0.21784770909389697,0.18738100232644261,0.09051692439075683,0.011344679305382884,5.296385996292788,50.0,-2.0095756139098846,0.6262944664621579,ADHD_part1,v1p.mat
0.3199282521702267,0.07621518071373297,0.04321487539195919,0.029589985916693904,0.004017839193920686,4.480561074240835,11.5,-2.639020964777687,0.7371893556199137,0.3150183078920341,0.08638029032674108,0.054282042200775024,0.08309850380780444,0.019235908179247165,5.035097918759607,21.5,-2.464355652140978,0.6308999289542336,0.3465366239430069,0.10687095842446974,0.07950929642930164,0.038523564048553324,0.004565025087028538,4.633853204602099,14.5,-2.548496351129484,0.7018064598258404,0.3832574920661194,0.1363919085177058,0.10161052355539779,0.1187001428957167,0.02370545079813066,5.142945449229539,22.0,-2.3614233160738065,0.6275411676213105,0.34246720735162084,0.09361929913357699,0.14671393639553815,0.032370763876905885,0.003609675383751041,4.559602438923986,11.5,-2.7018096849185413,0.7026276000807181,0.3646016115029747,0.1176266181760845,0.18395703508037778,0.09773149859184568,0.020105847241710988,4.989743844941558,19.0,-2.584733976584964,0.6201412390481391,0.3670200867542556,0.11099087781548223,0.11682626688793979,0.059664323440180835,0.009218706084169246,4.744576183150562,13.0,-2.8151965062009126,0.6716289922941538,0.35745881501095866,0.13182698698229392,0.17011990234981883,0.1716049938012634,0.03208986277545389,5.362120252237531,23.0,-2.329297727714928,0.5971953447070023,0.1097360149665993,0.04526741296998364,0.08147553860374325,0.23970091271442076,0.07909046832849814,6.2908102845957465,33.0,-1.449599551055751,0.506202563021978,0.19406134141666362,0.07835296387174945,0.11223146380682988,0.34304812899027187,0.10430135957768713,6.1623757158575785,32.0,-1.6328446383270165,0.46772882365348134,0.35763064988027204,0.09890457858866047,0.061711581120005014,0.03577274817071284,0.005035321402941989,4.508873648741464,14.0,-2.480977201255971,0.7145612450090554,0.3886428628984034,0.12672210533056055,0.08379313910130806,0.1391297115038156,0.027271168978889284,5.183356107363698,22.5,-2.4850179974400013,0.5993129302972511,0.3212163325255045,0.08845698231261763,0.1062257115117493,0.04763132420182128,0.005957317787219355,4.705422092437228,13.0,-2.8112273037304396,0.6803209790758521,0.3443246523212794,0.10893065571699685,0.12153333167407616,0.1599533973922231,0.03911759392810966,5.441583941350912,26.5,-2.085410633312917,0.5873389049193054,0.26808926451540077,0.08497872594346283,0.09849319948585061,0.06218011366340877,0.010323691665839022,4.983977312880013,17.5,-2.6566687776756135,0.6404984905031776,0.3350376933431616,0.10556071481585173,0.13010310102704384,0.17374045734633506,0.04453946205701325,5.508022108137675,27.5,-2.0469057886055837,0.5749867240949067,0.38642113238640063,0.12405079015648214,0.08147114494407819,0.043246083789693274,0.004369601103267343,4.5665795622162255,11.5,-2.651330503316665,0.7466107977909362,0.34873675741452453,0.1142677461493777,0.21865071930435834,0.11509059889271298,0.02967370621037796,5.15228354685197,22.0,-2.4618632522997017,0.5839265769031512,0.35389645936412173,0.12046439404454004,0.1343960492267235,0.06686199189769672,0.009465524232038175,4.853127527863897,14.0,-2.845331162245148,0.658998428701334,ADHD_part1,v36p.mat
0.36478089854166623,0.15716364280075656,0.10109728250196397,0.10244851728356553,0.012944821225339423,5.07991531260467,19.0,-2.5222069892653054,0.6666702979063202,0.39307403624055964,0.11938657081869933,0.07224913988632256,0.11653903323339708,0.022512709334488616,5.040844526950501,21.0,-2.473288302443999,0.6250954467738861,0.3683838594105776,0.21180857058819028,0.16253054999631592,0.10641956495481948,0.008972837193062399,5.069361270878676,17.0,-2.772264906972231,0.6577859037028466,0.4373567953270532,0.16549412323214524,0.11356581962648667,0.0849166808442501,0.01324242599569313,4.85108792307568,15.5,-2.8204775833517868,0.6383532590386258,0.3313721118394889,0.20821657211536815,0.2148483290430483,0.08598688809330832,0.008592465370030895,5.012864364366342,14.0,-2.864081501630663,0.6579821225064841,0.37607782736980877,0.16190553087842308,0.14525435938097775,0.09790690150728706,0.01764695786457513,5.056313919769326,18.0,-2.617156324986204,0.6311935897618787,0.33915572506150593,0.16962776917793485,0.2205936415834264,0.09321572049989145,0.01311917974350381,5.063618631649008,16.0,-2.613004090193351,0.648522301784884,0.3077202171531085,0.12183203781618818,0.17386259176573754,0.06935639072675058,0.0111320529997427,4.946900456908499,15.0,-2.6952315436701517,0.6627682744172854,0.26552476877549114,0.11129977442019696,0.0999127411993852,0.05179553115333808,0.007713037221602584,4.904188684068525,14.5,-2.5153131062381298,0.7197636523592978,0.31225950993131946,0.11224954708365945,0.08560651915476845,0.07204432272396885,0.014783532105517097,4.969318761264687,17.5,-2.563353755977582,0.660412399753453,0.4497997250519762,0.1427497612809431,0.1040718024289996,0.09853635774080081,0.01040103611512898,4.8720244346931825,18.5,-2.4201105943062626,0.7111431458478379,0.5044885719039565,0.0760056204656126,0.04071250104585671,0.05108054960594533,0.008393919959514854,4.211493763248921,11.0,-2.7267635235179672,0.6837339715842388,0.3951481947974738,0.15781611143333613,0.15452215990424348,0.09087377226926674,0.011091598902547807,5.003705941563841,16.0,-2.4567071029214476,0.7055466037403653,0.4297166449484752,0.054101171960205564,0.02853341756476267,0.03676094744714788,0.007825902298647389,4.115502590105322,10.5,-2.6839110610782186,0.6657238249852091,0.39716435311972526,0.14143467530104448,0.132840722313059,0.07383675105732243,0.010505764432247449,4.863830750824445,14.5,-2.6191327976156984,0.6806514853201746,0.4006084885156931,0.13661013607599282,0.09519313893301248,0.10685458027064197,0.02535515900616402,5.089130295434784,21.5,-2.419633509107296,0.6111545627244748,0.37964524820525425,0.22616671225246965,0.14624434661039995,0.09301924391682492,0.008340578781888647,4.977126756046256,15.0,-2.824456620310517,0.6655518155719338,0.356971912791116,0.15121981227680867,0.15109619625471657,0.08591521067715926,0.017157857639906987,5.013047996752606,16.5,-2.5509113626789386,0.6892171205501469,0.33520207521831485,0.13974704538270719,0.2590852356768575,0.07363800746915372,0.00794969601760647,4.88161531709866,13.5,-2.618934643929461,0.6965411969577795,ADHD_part1,v33p.mat
0.557802848162176,0.15960127704698146,0.05437229448920103,0.06617421645821378,0.009416725112062178,4.4004985345294125,11.5,-2.7363333254291833,0.701786642274864,0.5387778898828387,0.12099597293492984,0.03373867727951062,0.06348212629757079,0.012508138349129096,4.318735515359871,13.0,-2.5887486998497984,0.6927675903344996,0.40417013160988635,0.30379482150545273,0.08144429260383206,0.0647430385048303,0.004519778698991014,4.632327077248819,10.0,-3.2222101194595565,0.6934815175237157,0.4952692815829199,0.16633360022435628,0.04789695404425114,0.054002493795860695,0.005211247492309188,4.390038629199253,10.0,-2.8528804922316557,0.7385150827925802,0.3935030017140531,0.25252852748966925,0.15101243006011092,0.04658406338707175,0.0042497785128947484,4.667477462730567,10.0,-2.875123510379728,0.7166404025342292,0.360359888253384,0.20849951651662724,0.21673368533934384,0.06934257481579091,0.006998774154147015,4.823691080897398,12.0,-2.7883691508732467,0.6839141412808698,0.4727056354635438,0.17344820540340647,0.09765814340138122,0.041271682613026016,0.00518178373326229,4.441880894363892,10.0,-3.0321663795661293,0.727602251569677,0.39682137433017284,0.21868571299251385,0.13180588408036148,0.08199711899507935,0.01044317185359711,4.900659179050738,14.5,-2.6797690201866793,0.6726680193056291,0.5159655927447481,0.154707297683317,0.06321041375789964,0.04784129216037745,0.005928137547421782,4.329142048347918,9.5,-3.1701545503833404,0.7087000355221559,0.3077589296246657,0.1838787557914981,0.1085760813794621,0.157851528880461,0.036607288162167045,5.447543764307889,24.0,-1.959245566691105,0.6563224447061586,0.4480294740570707,0.2071457957482586,0.10075712834456502,0.06774887463577793,0.007851261735160707,4.7250393198823435,14.0,-2.6055931899061315,0.6955258392227212,0.5042693541690718,0.18331489235733536,0.07394803613215435,0.08831857644571692,0.011844874991397589,4.677468244957691,15.0,-2.6266753202610142,0.663682239084818,0.4302390805089074,0.16115017900671985,0.16877671770133437,0.058605167167634205,0.004931304362693709,4.643258472486703,10.5,-2.904262251366449,0.730940350373741,0.4280105637617586,0.13738686567035358,0.07425066509668395,0.07300828148947458,0.013871662552363268,4.7222436240306305,16.5,-2.420935324678905,0.6834514492852743,0.43408798051844755,0.09050338605036366,0.04691437230932075,0.06501190922623881,0.012013287517457413,4.502092543943187,15.0,-2.3079917638839498,0.7718810599817602,0.23200411135200796,0.09345589525509847,0.056013073013427825,0.14568876828129965,0.0426976243037128,5.664399627797745,28.5,-1.509644677233309,0.7059963034706941,0.4607200433814256,0.25412034769573233,0.07782921446785349,0.06772774733951274,0.00463056930329099,4.574129044629574,10.5,-3.2402690022502547,0.7092255605741989,0.34054355544744963,0.11838982377593703,0.05239118090130488,0.02809609507008755,0.003675778611773022,4.418738523953136,9.5,-2.571780605303471,0.8641767705324763,0.4412063133537246,0.22523413545343335,0.11870521422029114,0.062362935666942294,0.006204152883307966,4.653087027840345,10.5,-3.1097679028538994,0.6978378702814205,ADHD_part1,v30p.mat
0.2883729881588049,0.14504357345359079,0.0682878703184004,0.02430462774578145,0.002475447619746786,4.661619884801785,11.5,-2.6269445601736034,0.750786732058701,0.2378813945353426,0.16947688506646322,0.08612704354090743,0.025372106898696237,0.0022457789867573073,4.758667313734717,11.5,-2.908954445336663,0.728603063255022,0.1631651953832224,0.1775220152280765,0.11982016243104744,0.04218733370672558,0.0026644356233157395,5.0502567699874295,20.0,-2.4921966292055258,0.672945651871288,0.12598492403770128,0.13807475880623543,0.10680617762205505,0.043036462513152504,0.0023731842084787477,5.1487480330848765,17.5,-2.6298175245233946,0.6808979693653412,0.18002094827046353,0.15136759721089732,0.1464588118914987,0.04138818400464127,0.003294015909351813,5.054134061423767,46.0,-2.4421707186912545,0.6631318685532075,0.16834043764698092,0.1644149011973996,0.20448314696625564,0.05578535530008799,0.003659852300513156,5.098084836220544,14.0,-2.7591979761311594,0.6655912699801607,0.13632391617680306,0.12665585355676634,0.2685799098003682,0.04949221174630378,0.0036890613015573815,5.04664574694602,17.0,-2.564296767092152,0.6323088358507354,0.15904114589605886,0.16236891840469253,0.33342480874388875,0.04648632338747667,0.0023493868149721004,4.908257376317257,13.0,-2.646160414372324,0.6576253348294048,0.15101723471308404,0.12403983040335491,0.3952503903432135,0.05872656563638329,0.0030735635532974687,5.024731677311632,25.0,-2.291079758375125,0.6181890315094406,0.1821569524369936,0.19069181250475925,0.39444130669702104,0.06294185128160809,0.004161920901466864,5.025074759290252,13.0,-2.8377437170146367,0.6377534668981917,0.17730972544343165,0.16458826657000775,0.12425438886369579,0.04736300956472323,0.005576929256828158,5.1161714750319405,15.5,-2.6579145626552894,0.6548614599945588,0.3260516133503258,0.14076106846745032,0.10122116644557272,0.041841358848859415,0.0033175337506722666,4.725180839478191,11.5,-2.914070514507786,0.7133048696229963,0.1255016754693427,0.12017740004436203,0.10827893318898389,0.10054775395037864,0.01591822136570469,5.586669808444776,23.5,-2.556045137440747,0.5501358375393615,0.1508116285753868,0.13985780225824107,0.24593421599069767,0.054434368960916975,0.00402303131462079,5.052828140808046,15.0,-2.7026680398152654,0.6301616686030409,0.12947431649186,0.11748265416486303,0.1433777990357545,0.08576445275635278,0.017186043545799293,5.493391500894897,21.0,-2.5651006735441806,0.5456300738821249,0.1600469513000274,0.1597232526945595,0.4279932582241107,0.06723614633782672,0.004243891126111946,4.949615935409857,12.5,-2.8714125188775186,0.6578040102909601,0.14384542203929915,0.2023951693688145,0.13736647346874462,0.048557944277758794,0.0025397604238793304,5.025039350967712,13.0,-2.8910978470854163,0.6719589465560105,0.16996803048693276,0.17778117703805357,0.19209144932658667,0.05821491353735632,0.004288009595504861,5.15207124620297,16.5,-2.6814685795479494,0.637866502160065,0.14717793267070078,0.14306636610860185,0.3183589191599278,0.04319221936414587,0.0026159780044572767,4.906780553666466,14.5,-2.4747308738649516,0.6665750470322125,ADHD_part1,v22p.mat
0.2570904048285145,0.23505629350641394,0.10035530906603517,0.0616980622824721,0.007996290300705887,5.005800059230197,14.5,-2.6215261716530884,0.6801440632472682,0.27339284416150667,0.23947749239449218,0.1269956211265605,0.1287467243041691,0.02661540201191514,5.379276543404418,23.0,-2.316123377593356,0.6044770126072507,0.22923891673456703,0.28939919521441865,0.1060940048505066,0.057014271329680274,0.007656389796643234,4.945634274896816,12.5,-2.6236495503212667,0.6952734043841098,0.2166974281514234,0.3387231269326787,0.1559202173608757,0.11387124281706776,0.01904924817318248,5.216350859553413,18.5,-2.4943300384212077,0.6018232076998822,0.23566831731191157,0.22114998251412493,0.1149002723400627,0.061007422446866806,0.008743698020747398,5.101195360764688,15.0,-2.5329471656775446,0.6962166594061244,0.23987253952113072,0.27040138696826854,0.1601397911414086,0.12905687675081134,0.022824470181808332,5.382525655587797,20.5,-2.3736487369151784,0.6081961817331014,0.24360401620916222,0.16491774433196632,0.1036763947593178,0.09794908913701597,0.026943630505734235,5.398739667535549,22.5,-2.3449771293563044,0.6314660645871044,0.24526253228171468,0.2248239599411619,0.15436395624669041,0.16488734381002507,0.029094679344197502,5.539580332060837,23.0,-2.363650031658273,0.5850604849232558,0.1310880113224223,0.06901700047385187,0.12557781689066116,0.28916908658389523,0.13369715439174717,6.3008357743235734,34.0,-1.7305083066723947,0.42668209082134423,0.1754323803126864,0.1308774880688103,0.14547033583387348,0.31239931510655766,0.07982131782981959,6.097091504070812,30.0,-1.9541670861947356,0.4925516273044114,0.24145978068573523,0.18164392086231046,0.07991323130818308,0.06592482841158165,0.01153963523339107,5.1536446012823225,20.5,-2.353353405817673,0.6722481320496769,0.23689031521773035,0.23802287240153783,0.113515557078576,0.1641221784508114,0.026414271404497057,5.564040798753462,25.5,-2.2915799721007333,0.5928847442278418,0.29332862126454057,0.12324030270475216,0.06568430174774378,0.07399322068648238,0.01553142866802558,5.049039514671324,20.5,-2.3706536408825833,0.6530788860298874,0.2558397169416393,0.22909683407050924,0.12093387152319776,0.15714351148917696,0.03317392116866311,5.574577593455376,27.5,-2.156275827857619,0.5729616035512226,0.20281019964637786,0.09077877891600379,0.07047361108665579,0.1046122220045063,0.02990418479431718,5.570086970798397,28.5,-2.202749624602763,0.5629638231823231,0.2403568526416498,0.21480069503707128,0.13358867944132335,0.1946698707186277,0.044481766986188366,5.725070157167363,28.5,-2.1722776310739333,0.5400029170069458,0.22122905871834486,0.3131778916383937,0.10201647168176865,0.0571430998880304,0.0069278678580946135,4.891360649274756,11.5,-2.7183288091437485,0.7033866991097897,0.23346994166305163,0.26612803731050666,0.14660437598280604,0.14054463642008336,0.03205566400785884,5.4806975092065215,24.5,-2.21335941399862,0.5858819965828459,0.24103886895459475,0.16475869240700458,0.11953983969794849,0.08264648233064541,0.01845655948808756,5.271395532089187,19.0,-2.5553524276793107,0.6347176190616082,ADHD_part1,v31p.mat
0.26219073789010533,0.13686482374821465,0.10700462904648847,0.30850202857471637,0.043348130824049834,5.804110474325424,27.0,-2.408394145056488,0.5329608603024707,0.3103600624479999,0.15902879356078975,0.11450182715952328,0.20533493922251775,0.025186436261468256,5.527253732095878,25.0,-2.4200580957067594,0.5837395418131883,0.31745034805076267,0.18891848831587013,0.1389465671934537,0.21044416904930272,0.01729602815145683,5.455502041718447,24.0,-2.793266747872361,0.5845824863790314,0.2915621640552838,0.1966903539598382,0.1346774653679818,0.22910739202749558,0.0196717853367801,5.524874514275115,24.0,-2.7534444422405944,0.5908890902407229,0.3392977674866653,0.2525728215412077,0.13489347623532946,0.11821851786489883,0.012601531253408947,5.1423044622661,16.5,-2.5717233298389237,0.6440157590907607,0.27711317949357545,0.2525783309700403,0.14260520151849015,0.17023536947920717,0.015507588340400008,5.370133130409092,20.0,-2.9117496761797343,0.6067517653695087,0.269168420734066,0.14530325750683193,0.06841074834830893,0.10635632666460207,0.015594760465432275,5.236444143036406,21.0,-2.3999066540513176,0.6680339976011969,0.3628298544244193,0.20037143883020714,0.11865857372345974,0.16928101035478954,0.019940700171969233,5.266064152081833,19.5,-2.9328722794107533,0.5971371137496162,0.27101258859372407,0.1477968524157544,0.10430769550346339,0.2905062692322697,0.07730475141083165,5.8730000187838245,29.0,-2.24880451791683,0.5095657044001636,0.3353456058068409,0.1717628429167481,0.11129959348970163,0.22034150952651155,0.03754656800216319,5.473356981159582,23.0,-2.7355384485130987,0.5601230205105382,0.28181053442410636,0.11394185298486667,0.06205076946654373,0.16964779556861892,0.01850974442000659,5.45350594130615,26.0,-2.396819529765102,0.5646271174736106,0.28019789686572527,0.1337712672791646,0.08618898310063969,0.25658512767956426,0.02683077862332529,5.6295285039740195,26.0,-2.474592226013632,0.565586088224463,0.25809756319722355,0.15148862451720851,0.11154826333092101,0.3123059050489533,0.05683300310770746,5.874595915799489,28.5,-2.3272530902558355,0.4896720619306032,0.3190607135991887,0.16428857324522125,0.0978933191927535,0.23484975250378218,0.04277948547328426,5.609700196836572,27.0,-2.4628300656375557,0.5327158135296611,0.24924543632879742,0.16200135425487355,0.0944627821000094,0.3297329570292742,0.05462329003179639,5.87000216108025,28.5,-2.2805007336749186,0.48501768838817927,0.3432733861377222,0.19487412984474073,0.09414292382000325,0.19704244494720768,0.03734886240999446,5.417056881969619,24.0,-2.5311656728560457,0.581501815886675,0.3137193777403798,0.1888223367169575,0.1265920928780047,0.18323362200353746,0.017442110058458228,5.430636844169823,23.5,-2.5942400615280947,0.5852067333088534,0.26171140292667205,0.2637713805952256,0.16482954746651945,0.15364553659557462,0.01792262136627433,5.3622591926841014,19.5,-2.892298209281668,0.5962777735345948,0.3396313881872497,0.21794700588039717,0.13792279529789564,0.1651192943848555,0.01770957285271281,5.298441068049483,19.5,-2.876971184131047,0.610543516907549,ADHD_part1,v173.mat
0.3452679832075795,0.15281361516650874,0.0923102181306215,0.07342329803931137,0.006053941269891987,4.926611874460942,14.0,-2.6883116462632928,0.7295208129176571,0.31326558113586034,0.13593308996627596,0.08474224533009617,0.08437962157871,0.008692017581943629,5.0137103535114775,15.0,-2.7577900795648227,0.7123607592202637,0.33332949256280847,0.1890431320221952,0.19636828775442106,0.10550064373640042,0.011711612536029889,5.131855753756699,16.0,-2.578105867755936,0.6607857615785301,0.3210090807440609,0.18002390585977693,0.12687042706043128,0.15298347319238154,0.01684385274803791,5.2896121696561815,18.0,-2.6248949912458923,0.6503085640254667,0.29985995814012456,0.17665497548313247,0.24118788197759225,0.09493840033058998,0.011909082480812672,5.138232101093569,15.0,-2.6318881838148322,0.6639350043043992,0.2910388174191044,0.15792768756839748,0.27851024298678895,0.11451050853342647,0.01766717165319876,5.194556760523277,17.0,-2.7094166537655284,0.6268883426500564,0.3109751261767655,0.16748409034563166,0.19770077736082278,0.14039702393590117,0.02710079325047537,5.347959515109392,19.5,-2.6244326373159947,0.6183962338320923,0.357257516972029,0.17696711666328588,0.15548337438006365,0.13795202105742999,0.022747877390291712,5.242440383316015,19.0,-2.7027638911826353,0.6198592667323932,0.2437584211668991,0.12197378519264229,0.11310323006574195,0.2182214145735102,0.06242461522972408,5.814046383192553,28.0,-2.2285944403732025,0.5318619444049886,0.26226581586486747,0.13439216976696813,0.1165027870522331,0.2729331970000806,0.07548222834692732,5.849977448519157,28.5,-2.1570078129379295,0.5212735849271812,0.3754177323697125,0.1412586008328154,0.10301097956511117,0.059428494910430625,0.008053821669302394,4.764534243343468,12.5,-2.6147944780134367,0.7227059497178345,0.21358407438410923,0.06623229176431089,0.040666411598039506,0.04376281192911513,0.005805255109699353,4.806384059440549,15.5,-2.8256726726279418,0.6729015218869997,0.3541110541790361,0.171545465856427,0.17409304422783192,0.10529504583625177,0.01642641285719655,5.13154881182899,16.0,-2.608505799814674,0.6504804224088617,0.31103459509463816,0.15055960264371235,0.1392433271949399,0.1457621408510355,0.037025465408942165,5.445378999250971,23.5,-2.259770980362351,0.6005525165341287,0.2794065341865882,0.14544572927585186,0.17116637077559785,0.1827967974150058,0.03692484036736939,5.5986281790508325,24.0,-2.276111637695466,0.57574241387965,0.18519248319956827,0.07772166453291893,0.09296889024187716,0.4214231191169163,0.1165275484630412,6.176837927482845,32.0,-1.9202309773599016,0.4066213309079191,0.30829015831524775,0.20395425863870886,0.15447527916307954,0.11881034319492331,0.01086166620547056,5.150969323824269,16.5,-2.861732194039094,0.6721585450205643,0.2986591232804356,0.15844220145790905,0.2513757981529676,0.12057214018748827,0.022708868466683938,5.2452158350528375,18.0,-2.660864101107516,0.6018388042466584,0.33620026715630513,0.15669497637711444,0.17714042990617987,0.12681627478497276,0.022950353695529477,5.245126909790111,18.0,-2.7705811313404762,0.6007805370569554,ADHD_part1,v37p.mat
0.2728322959292335,0.09848797821112251,0.023437697742546493,0.014789972538718386,0.0015404627912294377,4.230451941608893,8.0,-2.631567395373212,0.8247906202460255,0.22687232535206814,0.12653407500059544,0.05623676251341207,0.058231804998893404,0.0077215291314761455,5.108830046752195,35.5,-2.195010655947343,0.6886784255626758,0.2811421361596644,0.07109453777944477,0.022154211545042452,0.019762046110099914,0.0016018962926173741,4.224726983652268,9.0,-2.80954516133538,0.7715654686066797,0.3389410566048794,0.17997718381103914,0.08875851282508787,0.11206392108248694,0.01424726187553567,5.152818292510938,50.0,-1.966392041930206,0.5931326625635638,0.291836326004169,0.06738266984045098,0.02561345960897738,0.019969749317125782,0.0017000545484415512,4.204450176251322,9.5,-2.694527452456487,0.7918346735187657,0.35768848779652607,0.19580336903466325,0.11602845668022904,0.12520043382493246,0.015374055581024356,5.2011555623838355,27.5,-2.201642327704786,0.6047250802595122,0.28667350967995864,0.06125906503523215,0.02155194781198012,0.024125987384028706,0.0032338589034730265,4.268356859253058,11.0,-2.574975273520558,0.7512017927509305,0.3202879960547573,0.17416805107217165,0.10556721062655912,0.13179496627980258,0.01550734192544107,5.2759249605238425,49.5,-1.9745879424064976,0.6073364888727621,0.28509262282626235,0.06140618636688123,0.024170089742199908,0.027313855302200436,0.004742821850169511,4.35696404858189,12.5,-2.511261835377406,0.730668058747587,0.2859937740589802,0.1498499112800202,0.1051574239567102,0.14151437334003847,0.02352120584125355,5.374863519499306,50.0,-1.7768525838609526,0.5778300233700605,0.2843251302693401,0.06124762430948982,0.0182329158075421,0.017514670534094546,0.0016689621490967434,4.139202912585191,9.0,-2.6094524759220286,0.779378942101383,0.32461302941467746,0.16452956978218514,0.08436455403229014,0.1286601417759636,0.0193528410548141,5.251281914695488,50.0,-1.8361540119653899,0.6010850403297623,0.27605575749016686,0.044563690439190985,0.014149745162227246,0.014794441505335106,0.001798237987285658,3.962328652090721,8.0,-2.6243852559372165,0.771414358324952,0.3187799723168816,0.15761283188995975,0.10478823648893634,0.1310530914962863,0.021275118222447723,5.280292163819353,50.0,-1.7549426132754682,0.5790164094540106,0.2729038784364619,0.04990459590549712,0.015382034897400323,0.016481989235658554,0.0022574481174078573,4.07838416972909,9.5,-2.4698676316843686,0.7807056575778811,0.28197036254034563,0.131246823762479,0.09164899448795225,0.13906348401526197,0.025261339126225867,5.320666430310879,50.0,-1.6567813333164865,0.5381297818401061,0.286967208732161,0.0731629053194284,0.02677559640454578,0.020923903229111158,0.0017210187545721558,4.253988473049537,9.5,-2.8068474525070912,0.7770964949220035,0.32959963407663917,0.21979006286018127,0.10904229889588879,0.12110861376001748,0.015604416910594459,5.2095296967426465,35.0,-2.1008100103953735,0.6094757878074097,0.28304900151488893,0.06294038055261388,0.027587825262122927,0.024650207152563063,0.003063272730631132,4.337619630135858,11.5,-2.5974921729144196,0.7548310084269613,ADHD_part1,v25p.mat
0.19201034283401214,0.06814478712524435,0.024894036818280136,0.016030857665722188,0.002347850382107384,4.589660524990528,12.0,-2.47215517687866,0.759232799969801,0.2132958675139811,0.06549109160091048,0.020970116351594095,0.01337652516737047,0.0021415354879219233,4.300001412516498,8.5,-2.6697250192500923,0.8068917597325453,0.3339113169952868,0.139994475646341,0.061922822817261323,0.06334964751821448,0.007426735119591246,4.901410408711007,21.0,-2.196335278630982,0.7032768863072205,0.3319970481447378,0.08283805143594543,0.024333619642381912,0.026181503734449822,0.004116415886753195,4.241924369473639,9.0,-2.604426077553377,0.7774836949019941,0.2989944375181421,0.10468983987960254,0.050777754882032906,0.04584767699236695,0.00652382973903694,4.774999620824956,15.0,-2.3651255975382717,0.7450037037163885,0.316278719058138,0.0774224826639727,0.022054407608876874,0.023336329292437754,0.004262884911589927,4.194059504716388,8.5,-2.5763201694045224,0.7973005565922432,0.3406206910902341,0.13481002149028637,0.08719299771050501,0.08387590311950677,0.014221988937254192,5.020401286071033,17.0,-2.0853251744319343,0.7599632548782982,0.3309676735172074,0.08728126107463784,0.02708813525090522,0.031173196916220454,0.0048627384914327505,4.251144364258206,9.5,-2.7386074449471702,0.7505276561917843,0.17974277721238635,0.05957536288930622,0.022219615887517433,0.0167019960968679,0.002709494804263452,4.525989722994195,10.0,-2.2414856239568586,0.9083395062596679,0.3153718873027267,0.09118311265519607,0.027342360917983026,0.07077461600126121,0.016418290166454463,4.720668724450379,19.5,-2.495021002169164,0.6555011829632973,0.30091139815083123,0.10073869531723284,0.05088588930252177,0.07757561254547374,0.02091331768097693,5.110229802304536,50.0,-1.635306356959635,0.6327991369939772,0.3614194070859917,0.081690611165968,0.021850388616249116,0.027507397350559078,0.00538503416894988,4.159044174291679,8.5,-2.6295958821160395,0.7674475768403347,0.34578489536092094,0.10201367267402375,0.054391667837688465,0.05591920255658934,0.01070625270847395,4.763920186037299,18.5,-2.2721569244630833,0.6700818546325618,0.3434567080980434,0.07554668145200019,0.019768160764461112,0.033844081658233806,0.010120524796102624,4.310140336423237,12.0,-2.058983623351979,0.7974204911780239,0.25929424619172536,0.10301942102314314,0.0742784402119943,0.20426314257276187,0.04746187234674752,5.741725019378537,29.0,-2.0523809488149505,0.526621974466671,0.2925350849237931,0.06944127639477085,0.017100249522931894,0.09534420645029404,0.02660943187907612,4.942865331042193,25.0,-2.2447200485252155,0.5501723690961127,0.25879773484635205,0.07070566276173694,0.026738018640657214,0.0259342352489103,0.003298104892837874,4.445566065527763,11.0,-2.54301775438737,0.7779542051815854,0.3243401405028234,0.09061459532160612,0.03130940177763645,0.033564434935057154,0.007517643014227448,4.425933146906845,11.5,-2.5454797366900674,0.72811490323175,0.3077219668679426,0.11475664601593669,0.07916404767288988,0.07718963203461383,0.01019788738068905,4.9975428813160025,17.5,-2.2143424727221213,0.7244616517488673,ADHD_part1,v38p.mat
0.26550607219681155,0.07466044123785452,0.021812216199320132,0.013235077540895566,0.0017036510028526004,4.208023547735009,7.5,-2.855396546566682,0.7996885236424867,0.27109083180175125,0.07959681156784079,0.020740362437481938,0.01441054760732989,0.00231482467484165,4.21812281395657,7.5,-2.8302666606787077,0.8030202386024075,0.401208871749318,0.12422710250010502,0.09822703729587534,0.04671102777631418,0.007521182386594472,4.751616768366314,14.5,-2.3472352486937194,0.7132607863473047,0.36890867242906367,0.13040378299462282,0.21976364404435353,0.06687351925534583,0.010015407063539775,4.900305724062631,16.0,-2.35952884909886,0.6704002995306835,0.2728596230160625,0.11912946205334796,0.3951453316212206,0.0697346390886922,0.009867498016035292,4.882427333419568,13.0,-2.6157394248078445,0.6504272885820612,0.27472770444925043,0.14443640221895415,0.36924749242192356,0.07453794039959208,0.010288891257134565,4.932705257850225,13.5,-2.645126526401764,0.6339409244845191,0.307093865055673,0.16352119247307034,0.24508491851298822,0.10203476897065371,0.021969043314640273,5.203825565660833,16.5,-2.484303852835193,0.6399613584263442,0.302357065971612,0.18170888998656992,0.15623338848667367,0.10566874262960452,0.016384178581518253,5.2085233608186625,17.0,-2.4360422531502373,0.6583072786746932,0.22698306330776702,0.09913045818269119,0.11972497727643809,0.24548033048618914,0.09307226716229927,6.03765413221241,32.0,-1.6413241324080268,0.5179859494127972,0.2339837513707737,0.12868305788462658,0.13130715055470327,0.20971536867842283,0.0737992453476071,5.911693169713191,31.5,-1.7882032774876326,0.5381889848190473,0.37357879001588923,0.1040729764041395,0.07056837738476093,0.04787443235245875,0.008844452043812113,4.78032786134944,20.0,-2.169130971790146,0.7143837819282342,0.3660113308950321,0.10931629283411742,0.15071001424341074,0.06620403427528028,0.011644096149327356,4.864248760597916,14.0,-2.538522276797716,0.6924175765899572,0.2789453816740389,0.08287533735564728,0.14034107482760733,0.2039585587218331,0.044139383613436396,5.66278385767238,26.0,-2.166766885871722,0.5480516922244261,0.28914156896379656,0.08282057533863652,0.26796644927966723,0.05390619362769227,0.012972106878452403,4.852328661322158,15.5,-2.4087146599906806,0.6517669948193101,0.331261682933887,0.097461983428106,0.09910796964747715,0.11194270435843039,0.03498554209352532,5.321395862310257,26.0,-1.9393727448781166,0.6253319781194742,0.30702846435653314,0.15510907762925297,0.136893953353987,0.14698034475208782,0.05046475270565016,5.558508145183556,27.5,-2.105340996338512,0.5674798339473607,0.41764107819320223,0.13085548986080092,0.11970130405206475,0.05013888691253638,0.007328314778147824,4.715404898162177,12.5,-2.4843152489004336,0.7132155917648567,0.27661692995366893,0.15132410236404764,0.31685090226981677,0.08529602603592815,0.01252075679557712,5.123984605427446,16.0,-2.454453693144919,0.6464337086099523,0.3282386510596338,0.1739527144903115,0.16999933163218323,0.10244185170589046,0.01717020660468977,5.212956206663802,17.5,-2.3777819751535776,0.6553889929613144,ADHD_part1,v3p.mat
0.2792710058730669,0.10754164532916458,0.04543750719563976,0.04644448657965898,0.008546245860250995,4.764220655789169,14.5,-2.6668727860860737,0.6868477624010776,0.2633716874908869,0.07978236415222678,0.02938258827595929,0.03191312811644343,0.005880788568435148,4.571052090255796,12.5,-2.6017844752658195,0.7137937185976542,0.24244933961081766,0.20521391729707722,0.07436710317903489,0.033692064311597374,0.004142130425783268,4.693750456007231,10.0,-3.2442955362268617,0.6495273714821135,0.27322801892568416,0.16595310155558096,0.06289442548790382,0.037371522848532804,0.006940804808162515,4.732272196141157,11.5,-2.8605773028285864,0.6636724931538748,0.2415113431856123,0.2054693203510846,0.0785414565894745,0.03336312401560242,0.003736415002817029,4.683660638012244,10.0,-3.299508834598698,0.6593094056646072,0.2733069781389687,0.17401049992588052,0.05531133103118303,0.02915504669958198,0.004261165440531413,4.610464537668347,10.0,-2.9976278141789074,0.6616739297424661,0.2393858945737717,0.1692844006480847,0.06895014255287153,0.04001769735236596,0.007035651908620369,4.791336619847437,11.5,-3.1001018153312603,0.6268196307686553,0.27473854810460396,0.1438892764087527,0.0514269039231722,0.030911311959784762,0.004640102959616756,4.61814976432097,10.5,-2.9270962271275045,0.6601094626928379,0.3883762109367492,0.24793787362734102,0.11170538889118366,0.08081834241393006,0.013606056702707117,4.874320105107232,13.5,-2.8323727757842527,0.6563842408031915,0.37754008116174287,0.18988137641375188,0.08017280583312,0.0724762131996536,0.013062287664117532,4.848316391476122,15.5,-2.6195126354256533,0.6688925462753151,0.3579327971585982,0.18167525532938128,0.08878463278610658,0.06145292724899965,0.0099870804450841,4.830980970083519,13.5,-2.665766108417493,0.6730018548744736,0.37889483923807654,0.1810789839447185,0.07250893237935538,0.06385683445153179,0.012722853533954057,4.780860870300987,14.5,-2.576303095576024,0.6665584892468175,0.3744824592609312,0.2668208430680248,0.1077836302155546,0.06181953456965366,0.00850478338629106,4.755158489685766,11.0,-2.7204069982320944,0.6980659565934976,0.3733010984868885,0.1953411024981601,0.0853867527266343,0.06119202333283383,0.01425092973308604,4.7872162707338815,14.0,-2.199805198130096,0.7579722424242649,0.35553072706133637,0.25416889054246206,0.09797400704322888,0.06677206138347415,0.010146933876571862,4.797464046632056,12.5,-2.817298298431746,0.6494501903991792,0.3589749517345616,0.17579665269033815,0.07360792828862919,0.08455514170876255,0.020375525298356914,4.961079397212637,19.5,-2.293785875405014,0.661582359312631,0.33391251752488965,0.32098255549155275,0.12610538563158075,0.05112673026534705,0.006200288766011391,4.72380035798769,10.0,-3.1593358167922605,0.6750103371753546,0.35329580059296994,0.2872098574056685,0.09793906537298178,0.049820760981670986,0.00842907065310417,4.759601401747687,11.0,-2.6756599139132136,0.6888765055050607,0.38902866147596005,0.2650294874726757,0.12767871246250548,0.06404066382565927,0.009155906225574478,4.790758856633242,11.0,-2.9300880599566237,0.6773663749265142,ADHD_part1,v34p.mat
0.21115589361040782,0.0805943553274987,0.03948365814047508,0.034841761763580954,0.004514507942056167,4.883719623322047,50.0,-2.0944953737372285,0.6880355323283585,0.19805875406118228,0.08608020766529945,0.04471256662029056,0.03904663531459179,0.0053259853895354795,4.992943104038382,29.5,-2.2457493216084674,0.709567524102314,0.3358458725436926,0.13816469699202208,0.09611282118312997,0.06462758510667016,0.00978374614417442,4.959308575019263,50.0,-1.9004999960532027,0.6312295999218175,0.359620663155846,0.16630884664810613,0.12924652124814978,0.08569242896550239,0.01056517287799969,5.0879524065465,49.5,-2.1075395691412213,0.6557724190255791,0.28358409238017307,0.1129899283500814,0.17399361254705495,0.05592065231204239,0.006502263429961495,4.945248926064546,50.0,-2.1058563626783315,0.6695145661638854,0.27869750151008227,0.13136938391947922,0.3011764660416337,0.08409365041032756,0.012239198383770352,5.115001012066544,31.0,-2.0993210959693203,0.6317462407668863,0.28913743044401574,0.19993298962248285,0.11657526406375161,0.09239656443588065,0.010857593450128655,5.19779185649248,50.0,-2.0475566526528515,0.6413227902605401,0.31966371992890014,0.15866624088974152,0.13577743605510043,0.08310905043804562,0.010476761163298851,5.149871851699039,49.5,-2.078153751731295,0.6678008947911817,0.25942466711440265,0.17317813070559834,0.09616559409587268,0.14474267839836832,0.03346885799256398,5.578170512463382,49.5,-1.9213266737737498,0.5827940791117181,0.3329849340863445,0.1867636975084856,0.11563683770137381,0.1458752426643666,0.03252949483924774,5.360072834112637,22.0,-2.3806045270846945,0.6086012378019747,0.36419944301815016,0.07957425596676038,0.046707378630914106,0.06944657025771278,0.016476204012867618,4.85834423466964,50.0,-1.8454391325599102,0.6364286679283473,0.364670592392105,0.13022362374441065,0.08857937899974284,0.08821597035607623,0.014768857023863493,5.017389631276126,18.5,-2.3071055087308023,0.7017145320428282,0.30802956121275227,0.12992760466431627,0.1321152154391694,0.0920525728183932,0.019912069681257052,5.26463419435807,49.5,-2.0846485702809945,0.6369177122276913,0.2971546685743064,0.120110954294395,0.19299820322391814,0.12717271227535548,0.0473054351880198,5.505410925950807,33.5,-1.7485695745091758,0.6014309912441751,0.2574659529355817,0.12133496702313999,0.08728437247259797,0.09007754506023875,0.020135905136554718,5.247649121718693,50.0,-1.8131239624665252,0.627565263391584,0.2865498762972793,0.10273588746939227,0.1348900031397727,0.1339318919927984,0.04206863535594874,5.5840904279313195,38.5,-1.7110745213019534,0.619030163723465,0.3621654005155803,0.19991544999843605,0.10770253423996498,0.07692419009036594,0.006750322889626088,4.969665509826914,16.5,-2.573942779102028,0.6987484826548065,0.32174154626234425,0.13681571054551764,0.21178888737230314,0.07923357297559534,0.012963571036472804,5.112376340455613,49.5,-2.0281928496691037,0.6356666545951895,0.29634053367113333,0.18264864709223458,0.1440962753161352,0.09821989788052084,0.01041179986993711,5.208163578849032,50.0,-2.1647879555275806,0.6484057549460638,ADHD_part1,v10p.mat
0.2882595144918987,0.2826785385523204,0.10419032434647352,0.12131718241097598,0.020918492297653652,5.155125896230959,16.5,-2.5282053675837908,0.6150855988730599,0.3768122196440834,0.24449694302966044,0.08497308950456381,0.08129434627535607,0.00997386036496988,4.8382705415695755,13.5,-2.619246252439835,0.6841603609130249,0.2707634418900711,0.31424291632653545,0.10719343963927096,0.1082436317347519,0.020133953929681796,5.077076114553002,16.0,-2.696816330097883,0.6080568803608286,0.3950745157686486,0.2691698478855442,0.08081790222438524,0.06330542004244068,0.006168035037457335,4.683808333647096,12.0,-2.8795565915202364,0.6946878295006473,0.27194005007727945,0.3389108577561025,0.10014725240584542,0.09236153415349027,0.019299499231061244,4.942044417677598,15.0,-2.7481390152844503,0.6094017806379395,0.33875549800210875,0.31780408787612985,0.09157871339143434,0.059360592336105834,0.0074147913482508175,4.714784037701618,11.5,-2.7790832719708973,0.6760353284630172,0.2610663128204236,0.3252514189538553,0.10646900112853576,0.10901762692780462,0.03135256826195083,5.047613294655994,18.0,-2.5588445330805065,0.5855976455720575,0.34544566488248946,0.2928211082972402,0.1053067859775905,0.06265905185358442,0.007736514254883886,4.732911735475379,12.0,-2.7703663603535373,0.6801068374005548,0.27938833135604957,0.2851583368811565,0.12222270904877328,0.12636129935099016,0.025618161051448176,5.148781212096259,18.0,-2.6503692458279002,0.5904596202081198,0.3783946227047141,0.25204144746316387,0.11313692465278055,0.09131823054640553,0.012106441653530026,4.879843312289282,14.5,-2.851448916375849,0.6412507564108322,0.26551621604079295,0.25784198941628117,0.10672039421670064,0.1277538328799821,0.029185777115295942,5.345523776209639,22.0,-2.24072099644238,0.6002914830563192,0.3547944295359273,0.23685022552337864,0.09258406957675669,0.09355171652506035,0.011266290939600148,4.936115765864537,15.0,-2.5321364276324863,0.6929755318950195,0.26546773287999414,0.32300393790164206,0.09875194823606301,0.10767637669299218,0.022793443311270378,5.087151677800341,17.5,-2.556618052305797,0.5849007982320891,0.33992441190089906,0.2580432830460553,0.08514629699123326,0.0788460249539086,0.01803658009337357,4.989558354202855,19.0,-2.064994863449044,0.6965958633331448,0.30288025125840207,0.2975052512532319,0.08446086430408574,0.10278801402850628,0.023357683646853436,5.021334458604974,17.5,-2.352304155581316,0.6133658724115314,0.4140130351497574,0.18479216660604605,0.05399906335093735,0.044907827950854726,0.010301011483020834,4.572396437988286,12.0,-2.2614178841264456,0.7402633220680797,0.2741697682321057,0.32715179975092845,0.10688060277523785,0.10378953197724317,0.018197577985848375,5.020759016453237,15.0,-2.7835747994893336,0.612742854952359,0.3328126424558514,0.33365292719572626,0.09636388210399097,0.054581047321337194,0.008675141068142612,4.665209607183957,11.0,-2.848499060726553,0.6647062187030621,0.2737701973367804,0.3069095632523285,0.10712391686986653,0.10837637850238854,0.026513256562235292,5.047392239547473,17.5,-2.520090156201768,0.6006252444051818,ADHD_part1,v35p.mat
0.32255882912763423,0.10987645952687031,0.03927430492498171,0.03223480761852247,0.004049314579825013,4.644844462887548,50.0,-2.0527856220729515,0.7105214345602993,0.382015097969272,0.0964034767500534,0.0397280647530862,0.03403353347310655,0.004348186863056835,4.472500532120136,16.0,-2.406740751340284,0.7381177649274601,0.2733218397124413,0.13095864015531655,0.04613777276399597,0.031562231585613075,0.004156897645872915,4.5380537728109855,50.0,-1.9044838581443304,0.6160913257794125,0.34503287641870944,0.14263172595364196,0.07070808308733625,0.048691414290591366,0.006408620367685832,4.781922876299438,50.0,-1.9622750824021886,0.6773897583167021,0.23858785116220063,0.1096527742818634,0.06053380392104938,0.03205569644217777,0.00532029224513006,4.541830750923266,50.0,-1.893002957205299,0.6306218055748734,0.3158158608682393,0.12086081204385106,0.10400180971896866,0.04660344393732055,0.006768426128044778,4.7735600813327075,50.0,-1.8829858456643722,0.6463405098582113,0.29059545260257913,0.11062125347707384,0.06970935300146461,0.04447777570302808,0.007664953126746351,4.664138450641309,50.0,-1.7129033956095678,0.633490753503031,0.32649302744179576,0.14518074043155393,0.1273791839955376,0.06314724883852284,0.007463294596329242,5.035981975724343,49.5,-2.1147547578794184,0.7079504408130615,0.2332730096330122,0.09257995178375608,0.061287292723199494,0.13976332836263075,0.04405618389206013,5.453712345010602,50.0,-1.5389808165215242,0.5208366660155057,0.2734004409613702,0.06906998347450626,0.0694286447464822,0.19215201322888592,0.06804052176311547,5.752616208305941,50.0,-1.499406036213946,0.5067176519161048,0.22182854727414486,0.10586190245581976,0.033642370645379956,0.02546201505416733,0.005533688693418253,4.315750012571506,50.0,-1.5703252159780707,0.5657489564449878,0.31749703732485124,0.09970159503987075,0.04205910925183287,0.044166617716156466,0.007805570709963075,4.757824904743174,50.0,-1.9140380969170983,0.6840334633781332,0.2616452474130907,0.10327777650633485,0.044709096366636586,0.07063830170561264,0.01173193238528596,4.928078493012495,50.0,-1.72689989159323,0.6225473434917677,0.5432096145820207,0.08348260867785312,0.04668077638677426,0.06973788087013072,0.021224676642235044,4.426954120383457,48.5,-1.9505193308721842,0.6125975769376525,0.2075719873427686,0.07717901144290008,0.02773455863080868,0.029721990775305965,0.006465235452585133,4.349415618562322,50.0,-1.6575725710921632,0.6333452438837368,0.2954236898146879,0.055003701563728274,0.03774107286856951,0.04440412938650785,0.013557346536433302,4.324260444343387,50.0,-1.6199071643691345,0.6030111929296093,0.2609023942153831,0.15006457539569515,0.05728154372706594,0.0355901809707001,0.00362372751061402,4.586685172131189,50.0,-1.9570548307174074,0.6419086942575787,0.30886329327465734,0.11188167988432372,0.0906209099563606,0.04818723325241791,0.007695537631439074,4.692949509660929,50.0,-1.8790859036846672,0.6460025267931866,0.2746408764446323,0.1171845193571721,0.06024574652299815,0.03667575115028403,0.006039208334861962,4.573476585704819,50.0,-1.8024846806924288,0.6187313323589791,Control_part1,v48p.mat
0.21048379649411453,0.07086869956833067,0.02689221339220929,0.019407449460917322,0.0031687238842724686,4.619476151906745,50.0,-1.9399802710003977,0.7032819455729227,0.17758822326958618,0.06658061067280305,0.015357706942099753,0.010004721761588046,0.003529753347870998,3.9439340600964927,50.5,-1.3807063271982016,0.44271627116551227,0.285173533645064,0.18523069469436607,0.054152422484589055,0.03581814850551693,0.00639925264887939,4.752825378666228,50.0,-1.8849019374948979,0.6325681105413987,0.3183321960093531,0.23551101483477346,0.07917259924323898,0.053948306890421474,0.008497921859946283,4.898484251434037,50.0,-2.1151858294068617,0.6481565127433719,0.2800418049981295,0.20776336924200448,0.05747338137577725,0.03099796884916307,0.006670208886416325,4.765891572982011,50.0,-1.8651031276007421,0.674709885451052,0.295017922581412,0.23140518402388138,0.07733176635689396,0.04972043957825018,0.009400682674689161,4.899649147309423,50.0,-1.9052519733717594,0.6360185581115941,0.2793488066152765,0.12099335722617163,0.041487125793917216,0.041497665931144324,0.012812729602118267,4.721656932139202,50.0,-1.6616642586937749,0.6417275670843736,0.33064666615939414,0.24033846880574183,0.07150065401676864,0.0680881985390031,0.01148817354938811,4.974500203951616,50.0,-2.0071058511036903,0.6563832978432862,0.27393875013073,0.0729244541602639,0.031606285956221135,0.05085319949938107,0.013842172165264281,4.883344785882025,50.0,-1.7026543169598767,0.6468204614452042,0.22466099370291115,0.09187616622774103,0.053460543795844744,0.14861062098003763,0.05195844459965764,5.401639476188384,50.0,-1.3692271062451442,0.5037791051555143,0.28484403483203447,0.1187852348782338,0.03820185722767025,0.035777438306276416,0.008685925190578965,4.605462225449993,50.0,-1.5874166268496122,0.6025859221276444,0.26313977141980693,0.13031671250803295,0.04392151254161959,0.04576909458875707,0.008891438636784429,4.754000642357674,50.0,-1.6413904725025892,0.6317882771537922,0.2491666920369095,0.1426632187793846,0.04174533723457465,0.042278947115432806,0.010592086692306947,4.8647468943894605,50.0,-1.7871782619715335,0.625891890533801,0.2680726675321801,0.14765918231931885,0.05203760534470246,0.05553464717041886,0.01763103014330496,4.834274662911028,50.0,-1.541267927894387,0.5881166551064345,0.2250878334793381,0.11648616441304627,0.035026937299867715,0.06244000034975492,0.01677894932984229,4.7827181472980165,50.0,-1.4818661556184378,0.5808318956424421,0.26364719195324776,0.16112236717603823,0.055932697838463025,0.06276381735374544,0.015931679230498173,4.906626698346406,50.0,-1.7309637724341191,0.6319356579197104,0.3126306685260876,0.2047680873454163,0.05934922755916127,0.03291989629151427,0.005536798976686145,4.7205913461426325,50.0,-2.1397246074902814,0.6485826895504192,0.26552424681705583,0.1997218183301347,0.07114300842826153,0.04751992535003299,0.010868045522637966,4.795985538190152,50.0,-1.752579601183862,0.5956338928652741,0.3498664584179508,0.16611849316658697,0.0648167805304835,0.053902126178862066,0.008182781453103577,4.855363514950369,50.0,-2.095897429441852,0.6784564614840374,Control_part1,v46p.mat
0.10813938194057521,0.05469572904590423,0.02263984694286101,0.020519771251286997,0.0017363895899842967,4.870959798499624,15.0,-2.314708951252825,0.7873443486635386,0.09574925648064425,0.04030930621839933,0.029577607864393715,0.021375387312627937,0.0019624355138384117,5.002173234324495,22.5,-2.3818205052570343,0.7347887462904993,0.09899982046765018,0.046998939948073845,0.030412861976025225,0.019681649006943885,0.0021364139566375875,4.962902264964753,17.0,-2.4165345385861343,0.7418744815943455,0.12437587100251887,0.05704234375103569,0.03337955621477351,0.016719875332117266,0.0011740615071684547,4.770796303373095,12.0,-2.623757254699464,0.7818996055624386,0.14915259876723344,0.06098300118249901,0.02690425487895775,0.02066651372752082,0.0023083113625204264,4.767319165195695,20.5,-2.318879835186084,0.7481207845754824,0.18212062095986706,0.10371581968913586,0.04888741808307226,0.022944393395305383,0.002505974101045048,4.780453777685117,15.5,-2.4775643595523533,0.7380357308366781,0.14386079618424377,0.07362560125879809,0.04562517062143748,0.021776161341640506,0.002918190792843392,4.888284444456848,16.0,-2.3316775236296485,0.7600832049505282,0.20951715567418644,0.11540874001142837,0.07509181067597225,0.0318443696952796,0.0019875581906011416,4.727494857030181,10.5,-2.916556826108196,0.7870512748314181,0.13376632463903138,0.06009023226288945,0.03718746247185026,0.027614291047673014,0.0021955646377067647,4.958830700838313,16.0,-2.4627702795972244,0.7520981726048189,0.23590179536675132,0.10104303539480976,0.05623987680984106,0.04168984607325162,0.003822237793692545,4.8629672879752235,16.5,-2.5295577007806993,0.7300060185362214,0.11292040074794638,0.04973034721463999,0.02556125685921298,0.022789564086113476,0.0020190691064480744,4.963011257533162,23.5,-2.1983317067974473,0.7548978664505336,0.13218741790027347,0.05415667642300588,0.03502403139451141,0.025247038835798305,0.0021241121323520274,4.942783640958399,25.0,-2.4088430583355995,0.7322890450610353,0.1958718097777772,0.08340062993437979,0.05927165349315183,0.023648211552919907,0.002835100325775199,4.792557534472265,16.5,-2.4106596287102753,0.7369586055114108,0.17253568257618979,0.08492083787643287,0.03934453585764606,0.020852587986147718,0.0024978246087386737,4.761116892879965,50.0,-2.384183968930038,0.7166041636771964,0.1029787883046094,0.047601155626547584,0.026773080501739266,0.01820594394873758,0.0025822513374660666,4.957654125516622,16.0,-2.4796714426885855,0.7287254519675037,0.13671056135990378,0.08665414356013115,0.018784630780311368,0.008503357340596606,0.0010046526747848467,4.453221147768849,50.0,-2.242724396690774,0.7068228954849793,0.09852156458629717,0.06180714446342815,0.029455807923789507,0.015791397604969223,0.0012164270557843903,4.871526454190431,50.0,-2.1725469820119714,0.7197975171190392,0.16083662826916464,0.11753523998957342,0.06248387473841556,0.03030949942459576,0.0026502691556350897,4.973564843089577,20.5,-2.3981553152324326,0.7303597863402245,0.15413146764643465,0.08058218118304436,0.05395042016692743,0.026381491017250253,0.0027481101238180615,4.88306188269926,50.0,-2.318078559015884,0.7043602301202581,Control_part1,v107.mat
0.3274160458060239,0.12946335406432316,0.10136998957098702,0.10080927471680805,0.0110257843299782,5.153794068972122,49.5,-2.030776553110499,0.6635597254263694,0.37313557609414594,0.13299518274314864,0.1029956776771993,0.08394483057809628,0.006085305539174525,4.900965623375389,15.5,-2.6887242383253582,0.7068722823436335,0.27999629484039024,0.18492095558291352,0.1506709894195296,0.1510180186611173,0.004805851425992136,5.285684934434352,25.5,-2.2820459808342,0.6448287428765278,0.3086276204452941,0.15718883027789046,0.12360671727851645,0.11247026127901019,0.003903400675392073,5.081622804707034,15.5,-3.0336770509227873,0.7045301939275007,0.2766052633941326,0.18873488150152,0.22929151788745372,0.11218638496968637,0.0036935782302615046,5.037883280347009,17.0,-2.4530276986952293,0.6737929758772742,0.30568237868764875,0.20332968215512634,0.16977389889121375,0.10385975003004028,0.0053092585705726515,5.036137701791283,14.5,-2.8950487175811443,0.6920951727061924,0.3215316734720526,0.17509840815495276,0.1554932281828162,0.11215323644306913,0.010133312989077515,5.182701546966026,18.5,-2.300647878400942,0.6638694891729267,0.3274103547263983,0.1801371457437127,0.14640427931550284,0.09211464201773152,0.00614660717734779,5.024234843962895,14.5,-2.776533402932965,0.7211287226548583,0.35672762106730516,0.15061616941720357,0.12548092928844648,0.08560271829950147,0.010866965160840606,5.083067492223768,24.5,-2.1732945862931476,0.6740302443503193,0.33127249364477673,0.11616753780700664,0.09110216494320925,0.07484928031964459,0.012377642191268242,5.004008107432781,16.0,-2.241132496314605,0.7657285471024815,0.2816787399529505,0.11467445859863737,0.07818689781147486,0.07613988988996681,0.006360147531185961,5.000751759388994,50.0,-1.9530994665629593,0.6557333247118884,0.3963849919842398,0.12190901348576652,0.07779221406165052,0.07517153512834307,0.00574355192292778,4.773740594524581,15.0,-2.6280466454368105,0.7104560120572938,0.2818724696150165,0.14669086214314095,0.1282440069414883,0.10324258138259552,0.0063373730789786425,5.184421077046286,50.0,-2.0982898226034608,0.6749793889276499,0.32061870899080885,0.14680084347544048,0.10785093376580866,0.11661742070865741,0.010691689336516035,5.172282667307159,17.5,-2.4977319850278987,0.6775187192097888,0.2125307099531201,0.11127422281864174,0.09872774508324196,0.10403608144072601,0.010981723295159085,5.31478952568411,50.0,-2.033050964647802,0.6244764379402631,0.3321829371490524,0.10744023800743321,0.0954176529377661,0.11143220008929709,0.016579183598352924,5.222827687048672,22.0,-2.180214934399233,0.6895766960579666,0.27033418951925253,0.20171558512151305,0.17277656108439773,0.14536657473289077,0.0036111467571314252,5.234381636509568,19.5,-2.509787360231453,0.6530172284956266,0.2553269559457936,0.19115435966181293,0.23662402126303553,0.0949417536852019,0.004075039354613375,4.882641809576137,14.0,-2.8926023711327,0.69897600230752,0.3177381917689841,0.1774075401020635,0.17729957491567658,0.10274133353691758,0.004929236655632507,5.113707312561178,16.0,-2.5186805397308007,0.691359182288114,Control_part1,v55p.mat
0.43998551159100896,0.09327939585696493,0.035698871750340866,0.0342576182052342,0.003708706337019683,4.194286531169364,9.0,-2.7271718346671916,0.8061165085712656,0.47619783494989787,0.15952296749372863,0.05907170343201341,0.06593793078197246,0.008792501523127017,4.542160005543144,11.5,-2.813430444924682,0.715935959502023,0.32922090458277364,0.1129882295562857,0.04096047263449533,0.034131273641080824,0.0035630540265116383,4.484127941077363,10.0,-2.6687595148890937,0.7881614331244109,0.38538380885966517,0.2073402927511013,0.06911664858362271,0.08638293679919291,0.009590544007740833,4.802933401795953,15.0,-2.8002524933143094,0.6789825670802387,0.3173629935885275,0.1571911074277899,0.043291698802220745,0.028638828543063967,0.0026655828427694286,4.423871138123378,9.0,-2.7806227191033743,0.7879168408031246,0.2955365215778467,0.23501172600907458,0.05894020136317553,0.042031499074421844,0.004557340054970857,4.572661822117693,9.5,-2.8699456027997154,0.7580507938955039,0.3228986957113621,0.19812671220751765,0.04556038597466493,0.026665711648826942,0.0031017349749328893,4.380829447409592,8.5,-2.9226988469510524,0.8097781828879551,0.30299951892201116,0.29213222230432645,0.08669106851998316,0.04005770244104968,0.003789401096239793,4.4367705230668575,9.0,-2.9478013616719254,0.7265796340870398,0.3331674886657048,0.1691468748967339,0.05032059100575625,0.032223240237472674,0.004498820813062851,4.468109942976529,9.0,-2.7330842776413364,0.8148527972573418,0.30358652933054797,0.1973498172924819,0.0660107566882354,0.042860601165930774,0.006881271872306322,4.575295205348566,10.0,-2.5365032525975955,0.7378903736060247,0.35961788833509284,0.09696163618474511,0.032872360554249185,0.028222692554124525,0.0035274595341995407,4.313171352215668,9.5,-2.4220710095719156,0.8329732665541116,0.4002865786727749,0.12760905635294317,0.049346389242600416,0.062393662669059935,0.011898747166126052,4.714949010754585,18.0,-2.286873427166666,0.7071675239624877,0.3095695634560862,0.10956901618784323,0.036562138192354446,0.025976936574348873,0.004338048099643898,4.472222443363391,10.0,-2.4319167108452207,0.8016890852005522,0.3728188463452533,0.16208004308014967,0.04975163103366957,0.06667655094742707,0.020625721044883655,4.795237363089855,16.5,-2.067408153493068,0.7652935925448737,0.3286756091678878,0.12340784336816005,0.03400625127086228,0.02893217723000112,0.003598632058884296,4.350045031685158,8.5,-2.649637016784327,0.8412051475683588,0.39342798430674203,0.1467390341925835,0.041080827409886445,0.04710288103902803,0.010459228916565392,4.533231579490212,11.5,-2.490870988896719,0.7318057645311471,0.3367150575667101,0.12260674209452802,0.04294447739174401,0.03408285106671343,0.002920259899747551,4.462820448478529,9.5,-2.7629947082481032,0.791145989193053,0.30776406164678405,0.28989881662736805,0.07538281321585422,0.049455893322308236,0.005880889236342644,4.58281084199488,10.5,-2.6283933733408045,0.6981430046745617,0.31316822767785574,0.16605921903032894,0.05026229536388146,0.030118573434688312,0.004923547390562933,4.495542795841783,9.0,-2.7731833221042206,0.7977043411711706,Control_part1,v60p.mat
0.28443294481501347,0.10541712281099698,0.05139062467858602,0.047104868188225235,0.005639266597798654,4.834431515454649,50.0,-1.949312743181719,0.6819441905840112,0.3092338817603591,0.1339798316912743,0.07091532580620297,0.06580116137515873,0.008541219890490661,4.9357844781368625,18.0,-2.4344173259627793,0.6866468107809491,0.3165096613925789,0.13486255956501222,0.10083128957903531,0.06652430561557526,0.006730274913285608,4.831002162548609,50.0,-1.9105470662049548,0.6178104040590017,0.3821295939730189,0.18415589192815987,0.12617178721992783,0.08876425037012382,0.00789222718218254,4.972278410429732,20.5,-2.313766452094046,0.6730468693436877,0.25205961151773876,0.1040978372985154,0.31623334674784875,0.04976569030655474,0.005561475389229524,4.619554462186144,50.0,-1.9772217720336789,0.6158653460711878,0.3539532883118816,0.1636496014043317,0.20074095717274856,0.07530197004016474,0.008004502482504373,4.957625961632793,26.5,-2.170831764639861,0.6458611187039404,0.2826738254308163,0.12140109616468861,0.10481407372824654,0.07859722769448117,0.01377354424674986,4.938778824385496,50.0,-1.7428546665610891,0.5959080531178104,0.3582278335032352,0.19003149069903852,0.14450072184095378,0.09526755382083522,0.010190510123750643,5.097068724896681,32.0,-2.32685340497901,0.6391270252362249,0.2352154597826629,0.09579215183985554,0.07365894037428201,0.1392941736575396,0.04062535045123653,5.429447816745152,50.0,-1.4758472552098967,0.5475254840864018,0.31237458949402563,0.1864057477086707,0.11440762047016417,0.16915454310866868,0.04063257461337102,5.537511812951415,28.5,-2.0624374264184,0.5720972125211959,0.24394315789325483,0.08275644566504922,0.05023713499189146,0.07323669185820854,0.01486885386215527,4.5458498205646185,50.5,-1.5492364232531644,0.5519346761461703,0.37448016175993193,0.13818121725962262,0.06466229153267669,0.06197069633201582,0.0073694824980167556,4.816440524646384,21.5,-2.280686448608145,0.6885232902071288,0.25633417953677623,0.05681312561657001,0.04106474375234024,0.028059798932117203,0.005075194801996873,4.590523076430156,50.0,-1.8943310997092102,0.6880833436928773,0.34652548271365874,0.12704493172854378,0.12565869998556617,0.10835769690523281,0.025385813287807035,5.254038412380145,41.0,-1.8577457837786577,0.6248004401321536,0.19414553805080764,0.057086403213154634,0.04345001373771308,0.09457078181947016,0.026460160347753763,4.660466647424107,50.5,-1.3119717506845803,0.5076989279225167,0.36329790879485624,0.12448796532217682,0.0941998171819921,0.12794554262152283,0.029204196829271382,5.2293814758648125,50.0,-1.7085165879434232,0.571204152830466,0.31003060580734215,0.1458884131119812,0.09827818228409382,0.0589144728744395,0.005206665861828418,4.777767216411036,50.0,-1.932040575306761,0.623640463593512,0.04519147351215498,0.006358552196892648,0.0020567132737639372,0.0022302779023891856,0.00275276047558584,1.888242797125143,50.5,-0.9007463403349897,0.2024537343996471,0.3292823172266452,0.11826244618226266,0.1456743568754318,0.062456500643269526,0.007324331997345566,4.874189876542294,50.0,-1.937338492499109,0.6371485651037995,Control_part1,v57p.mat
0.26626584111312024,0.08728792589256892,0.04046391064982804,0.03774296292232528,0.0056443066810784835,4.782798863107546,18.5,-2.3557067571988326,0.7255459051398698,0.28327892392015264,0.09495117412865628,0.044682098237663136,0.05064126319755892,0.008976130035593813,4.9064142182000126,25.5,-2.2364634967197485,0.6796767487933,0.3809302716804599,0.1576930503980669,0.08186085804028209,0.0762373034410695,0.012157764780943311,4.927760525525745,19.0,-2.301912205148617,0.6878780943059155,0.3966486171376631,0.16807085862463114,0.11211301173712858,0.09618922128296738,0.013959036380109782,5.045499119109799,25.0,-2.251760382833002,0.6272764816981933,0.3098873317072672,0.19098162312364206,0.1742436068306555,0.08839645304422328,0.013860190665581838,5.136307105209166,16.0,-2.587620367683273,0.6710325311636228,0.29092950887709035,0.14600442524012247,0.24210418918433138,0.07507504456512118,0.010632572062212308,5.143071315045906,20.5,-2.2810161125721233,0.6626467528293071,0.3267985247793909,0.143850203132803,0.13109410312388423,0.15049653250386483,0.04176083281100122,5.497366613761791,27.0,-2.1251036335740885,0.5686676035111249,0.27370537529603267,0.1198846115819532,0.1543719970168984,0.07145914503140599,0.009563847226269908,5.171179861836325,21.5,-2.6033230355961305,0.6182590037915952,0.24033652369245526,0.17820511159065502,0.13909706862155502,0.17450014336684494,0.0423415028228191,5.632540333867058,26.5,-2.059442094243883,0.5606711846288961,0.3143805688440181,0.16917821751431245,0.12622965894271593,0.14224188191180567,0.031074131812873843,5.38156565575343,25.5,-2.1127861582422995,0.5992362765975506,0.36876371179600975,0.15443517287085323,0.08470709980638302,0.11686086679750984,0.023497611789507714,5.20945352308659,27.5,-2.0688272164270867,0.6127481062846244,0.3873596501295544,0.11428136135057147,0.059132260526695214,0.09474243527879835,0.018034611072315212,5.053857001674288,31.0,-2.0127458658285793,0.6449086283272614,0.2055602561307625,0.08420930357510625,0.07179122488597978,0.3524337192638142,0.0939948801585592,6.115150121973409,32.0,-1.781696437704744,0.44716616203978954,0.15397926848588536,0.05832888286861782,0.06825860165457104,0.36846404447446907,0.13770771549958227,6.306221651181262,37.5,-1.2630970958765113,0.38331966148581154,0.2580039662959308,0.16066686839296296,0.10745212158890598,0.14363116772502676,0.041684317051893675,5.615412226145126,35.0,-1.6868719337459164,0.6119350372257011,0.3430744064192627,0.1433265940406502,0.12175552151074011,0.09840172694997074,0.02546723465447712,5.2490023997989175,41.5,-2.110402976084284,0.5872497628038892,0.3856655043301338,0.18348728005180476,0.09326590332569547,0.08114182153487477,0.010723820175322538,4.982995909314697,21.5,-2.33077669657012,0.6752311466353997,0.3291407193619908,0.18485924534122813,0.17455759867231715,0.07725072877500148,0.014662942763520762,5.111502212659738,26.5,-2.1456392091493144,0.6366852879339875,0.29772336036540303,0.16967872705919804,0.2792270782421409,0.10766318246646267,0.014729221230185854,5.1996456390438635,16.5,-2.5922702963847364,0.613651958615497,Control_part1,v45p.mat
0.1983373749214823,0.09925096017506602,0.035126508740623556,0.028817759146371916,0.0051237019714773825,4.479348655397214,50.0,-1.9363014830703482,0.6291752018193362,0.1447714689038193,0.049997931685951215,0.02274059759253793,0.015129425812485232,0.002614113796300468,4.6501591873651344,17.0,-3.0256152291814176,0.5936630793561506,0.24458522219198575,0.1031566134736089,0.034805651919891586,0.021153044249746233,0.004221092180542632,4.570276304331109,50.0,-2.1414557026147873,0.6596899171449411,0.14787457641474974,0.045516387907878826,0.019139807268920797,0.00977183181309483,0.0019461184196731616,4.4295919990677515,11.5,-3.03017963851191,0.6125420886701904,0.23490617874797914,0.11228974524575928,0.04062275744725908,0.0180461989863379,0.0036290013961784453,4.575206247536655,50.0,-2.1279562155625893,0.6754090591035911,0.14935177336871572,0.039836315510380214,0.017802210138328632,0.013382686105627147,0.002294940266469107,4.492916459290111,23.5,-2.8158800835317996,0.6253739792916657,0.13652921004113827,0.02881361907171877,0.010829877323173344,0.00964721992868398,0.0018265732848035275,4.052486656284739,50.0,-2.0728396303894807,0.6340406841520162,0.15195822837620918,0.042783667017708644,0.016193208337563707,0.013475357380653835,0.002043246260465435,4.370359454645215,11.0,-3.0688394195949837,0.6137414748721217,0.1781871505640787,0.055056731446400275,0.01937137364121847,0.01844484892785789,0.0026404143988183514,4.518760985031836,50.0,-2.4649638012404704,0.6388102286237576,0.3457229592443325,0.18122451929319008,0.07290135951511008,0.05491693794121523,0.007656308538566096,4.8353313444801795,16.0,-2.5180785985160385,0.6976157081015198,0.2671520900192511,0.10221433088277891,0.049787049059416104,0.07123582784109621,0.012422949016057814,5.018726205891459,50.0,-1.9280574168465758,0.6296569030333538,0.37840688218203083,0.1368118724162065,0.07259686925363362,0.0520642042476075,0.009007172364273768,4.825185011841856,25.5,-2.3448341501500707,0.66750264258218,0.3089426443298736,0.06419475864541321,0.01948426987884021,0.02078628123538208,0.00483287115873201,4.306179733180105,50.0,-1.8575759477722003,0.6680618359510229,0.3153423159268068,0.10000954061068079,0.049847626670070484,0.029776346215750833,0.007342619666929942,4.676370145484608,50.0,-1.854035604174743,0.6740394388900901,0.34070193966523304,0.0931480358380545,0.033932928592177586,0.03411667324490878,0.005865050331075108,4.521323284886695,50.0,-2.091878928603557,0.6961026257738593,0.35755882207077105,0.16590394823651086,0.06372959002209996,0.08390797112260939,0.020533285602314565,4.976320569733589,19.0,-2.4899932320926594,0.6164221177976947,0.15411417173736702,0.06693344263820036,0.02747832129094729,0.016338976684732227,0.003369949322578758,3.5707266191409897,50.0,-1.645352138977242,0.5365555225050407,0.358559033565214,0.15874090113200906,0.08018280711779423,0.038722471249325575,0.008472245145539056,4.812522967608974,21.5,-2.335099560627588,0.6744308380223858,0.22872425399234028,0.08164415479855257,0.038082337183229724,0.023200048229101076,0.00406744962933482,4.330779153942111,50.0,-2.0056600447169743,0.6327945051290844,Control_part1,v114.mat
0.38614490421976344,0.08233766067921382,0.040005213488332046,0.022750646309503804,0.004011594234951231,4.277268621962746,10.5,-2.3292701265558793,0.7757814502551832,0.2633393740802282,0.09574107032162485,0.06079056420428755,0.04525447508079675,0.009053821476015533,4.7728929802493045,15.5,-2.4515507301688197,0.720186866457723,0.3830803327682728,0.07615789198918238,0.08228022974343595,0.0174529368198501,0.002339851513676688,4.246606776460073,10.0,-2.4596845398937965,0.7795845783811146,0.28811936966730206,0.09958783278994157,0.045677851472423064,0.03101954236487664,0.004501635228946641,4.54884901024541,11.0,-2.5855422612646297,0.74677127167103,0.3510304452734839,0.06638481749473846,0.09308832310263143,0.018612998559980574,0.002773313595509022,4.2788557666181175,10.0,-2.4369776281862507,0.7742589459393805,0.2555508992912745,0.08437968571480095,0.03693571476553463,0.022888718038374493,0.0034613344470294845,4.48805098203241,10.0,-2.574885899465414,0.7481314258141554,0.42112065820541683,0.059328456766942914,0.024636047421732032,0.01991262368259502,0.004721962054300189,3.902081811370154,8.5,-2.4458350413866,0.7737833483459147,0.25760635628090467,0.0712695323213091,0.09606100058881038,0.02536603972264457,0.0028488061915173998,4.551850794766125,10.5,-2.5615855217909886,0.7501770288223129,0.35696235771002127,0.15699652014932705,0.07305827613484316,0.03554435061319868,0.005064289050037155,4.665262172182172,13.0,-2.5425381788379973,0.7300643923909531,0.32443032026398455,0.15409583480682706,0.059909863248899034,0.03956755007017514,0.005869259130015119,4.611511650463298,10.5,-2.724492197419047,0.7597183203990083,0.3734436791803229,0.0777832715188314,0.035252914205438045,0.02310673687403576,0.0032911236337989664,4.256841913470679,11.5,-2.492407610117929,0.7385124193312408,0.30493350496896127,0.07596640936104446,0.04264513480800376,0.03048512680450427,0.004601923857213068,4.48342859402437,12.5,-2.56460748373235,0.7165527462333623,0.32146055372374677,0.048943475919511086,0.025015714527660486,0.008610388509721833,0.0011764710115771664,3.885894021559265,7.5,-2.625886430992023,0.8191057812516247,0.2654586730706375,0.06914248676406051,0.0634088671897065,0.02545731068648624,0.0048467434303824915,4.542072735868565,10.5,-2.54471986527798,0.7331058077008921,0.4837055784963006,0.08565034691938378,0.047104673094532,0.041847422557326305,0.009336018066003197,4.297822832314115,11.5,-2.3027205448021544,0.75604296327665,0.40777341948500545,0.06844521528022765,0.035636358102177385,0.02348175163846283,0.004780099487199255,4.049653470572424,9.5,-2.6455853987320355,0.7461429269539605,0.3639395779509712,0.09843834340076962,0.05036070584427859,0.024948333879230948,0.0029883771747291725,4.4907813905686425,50.0,-2.2472997311663487,0.7230816983712591,0.261417544360352,0.10718858746077292,0.09050685454180898,0.024321043556396752,0.003163079923318398,4.642929927807842,10.0,-2.6333150080478114,0.7526148376971472,0.3607682270018774,0.0867801323422882,0.09667522354254603,0.024156187610280752,0.002840870644504913,4.434192555204195,11.0,-2.5574232195047357,0.7306563172271541,Control_part1,v108.mat
0.3587652455604075,0.0681308284465424,0.01792841701700491,0.02608897141594988,0.00478210734184251,4.228962882559825,50.0,-1.4983991198674949,0.5669182755419966,0.4655384599475234,0.09277375895690608,0.022470622639166233,0.027385898865425626,0.0028501027343554933,3.997175591300283,7.0,-2.9822550714659846,0.7651205125007372,0.3100378816498848,0.2487460617521755,0.08144507929453171,0.1469626640727275,0.007629899991066878,5.2374954790458474,23.0,-2.3386780221866905,0.6363687275928065,0.4440179100663161,0.17706679562530406,0.04764717471632709,0.08950263080779698,0.0049596538796146785,4.661057955673508,16.0,-2.862560396853817,0.6881929182028106,0.31556621048106426,0.2724202386144795,0.11642347432929899,0.09594262800045356,0.008438817077226834,5.1202019670853405,22.0,-2.2470832046507923,0.6494773846668781,0.4665309194119579,0.18516569495598356,0.0861417287194018,0.06490169059870678,0.006113789912098301,4.634271425942546,12.5,-2.739109566867604,0.7151901596107099,0.35871897640799616,0.23947435029836456,0.11924229415967458,0.1034435939212304,0.013347023033582059,5.065667978476837,16.0,-2.5998532261376073,0.6581625128940237,0.5192787565516516,0.14418938592225772,0.07109606137570859,0.06139143277045995,0.00634802831024834,4.465119699037875,12.0,-2.7695833014980478,0.7070753521722086,0.24431449131778826,0.12548682962641663,0.11328020571261724,0.2248801936962043,0.0930049869435764,6.0061320653716495,34.5,-1.6561763540054026,0.5102456658477617,0.42991265138504625,0.09893845775659249,0.06461433682989787,0.11795612860906698,0.03233467531562641,5.027902649058226,23.5,-2.2580522417618485,0.6170872194530335,0.3560965701931959,0.15606185150845936,0.06755442808972179,0.08128755013016256,0.011194715781678053,4.939172869982327,18.0,-2.2929933501027815,0.71253857344676,0.499246024476523,0.0952127854105318,0.028998630916490076,0.03939729293646933,0.004647721123787009,4.077123213573424,8.5,-2.656551100055083,0.7460663754947147,0.35089056845472083,0.17782452985878838,0.1035756356471584,0.10671433478351824,0.02145319393969866,5.21382097746695,23.0,-2.01014902223847,0.667714458847144,0.456796286880892,0.10214703001545791,0.039260585239946716,0.04220499623709767,0.009100855940627976,4.337017037962331,11.0,-2.4862326626691558,0.7211047967543344,0.2716688916134439,0.13626930854367883,0.09417673229226459,0.10575724709439249,0.027269605142632568,5.290675754316551,50.0,-1.6338550817186657,0.5728118059029439,0.45342383112303186,0.09771023441206891,0.04687391205372064,0.0935790586205147,0.026819500266088467,4.812606657255255,22.0,-2.2012397199437355,0.6495502037158543,0.33451249810605904,0.2749111915582468,0.07914566643385591,0.11862459292910897,0.00701579684412176,5.065021267407113,19.5,-2.4546225330333558,0.6672725214947888,0.4926951814369076,0.18109182961066816,0.06468355084935204,0.05763071472744756,0.006083717024116992,4.547642960480743,12.5,-2.5743015245528897,0.725685611555742,0.22185528959594208,0.11613439770416525,0.1011049563748261,0.19906075650572586,0.0706473440536936,5.962042014288546,34.5,-1.863592800783472,0.5151866807405168,Control_part1,v59p.mat
0.4251412007558241,0.08128168509809433,0.048169123233114175,0.08782829903990988,0.01431335505889033,4.810299993119563,25.0,-2.079433036618027,0.6722788110638334,0.29781304738542125,0.11857501755875458,0.08058327329467882,0.1434350010431192,0.02134086441457138,5.460949632640028,27.5,-2.061209391761112,0.6307790900119128,0.3986490780698275,0.11549893475342744,0.0710554419249455,0.10255778720853614,0.009793042552518534,5.002775076489266,26.5,-2.1914548097616677,0.660573055805552,0.3122623755630175,0.17934724207781028,0.13370586578355242,0.16513694273071003,0.016218790004782675,5.415442138899964,24.0,-2.3958543507881727,0.5875306811603165,0.36658657574927966,0.087049889965389,0.07956199076145531,0.06681077037744061,0.008724520868286319,4.837018183902596,20.0,-2.448323862114568,0.6848971865980304,0.35761580946275595,0.15994132137414316,0.1179189955247249,0.13727781650867213,0.021219231951991553,5.332689546047309,36.0,-2.06940918226674,0.5899745569917136,0.3752106609917351,0.09804564927208641,0.10190114422312088,0.09960327168054876,0.02057392319156146,4.964304319062994,18.5,-2.7419920385719765,0.6089478798068703,0.3455753136924108,0.16670195444142294,0.1774115887066004,0.14406343147782988,0.022292892946392265,5.342885550698425,20.5,-2.370014205369609,0.6246233735252067,0.39116743978298896,0.12734433426251457,0.11729742456941998,0.12571593316355412,0.024608842118939055,5.159359894662984,21.5,-2.380095506209843,0.6220148071288627,0.2750529344674981,0.16738148268578068,0.15602243559309867,0.1791514503177413,0.03762665128042163,5.637951079014806,27.5,-2.0900141830466645,0.5937442495337694,0.2848204659161609,0.04469249327711892,0.018869418110495542,0.03256238707554414,0.0044134103431940075,4.435775165663086,22.5,-2.0888235936498654,0.736904570850532,0.32303501229160075,0.1314760890242344,0.07735955274539784,0.22200225330069318,0.024270391296939503,5.536150059394308,50.0,-1.8210661831521235,0.557561845808172,0.44636658891532005,0.06176122957264885,0.05055257093567966,0.12526633446119959,0.02267286295131246,4.906585997737718,29.0,-1.9116464310196981,0.6152210495611179,0.3109970534492378,0.09292362669595593,0.12759390231396017,0.1330132167861869,0.02849348242548625,5.465525122776268,33.5,-1.8928686159692143,0.6197875940318218,0.45542885915114073,0.061356800119972396,0.047809965200359815,0.17385716195929585,0.04119955027903714,5.069571531057407,30.0,-1.8910600909970292,0.5603929048191196,0.1638214001940173,0.06288141242589676,0.09318978326386201,0.4010576121081945,0.11554090641994472,6.246245100995862,35.0,-1.5298179518116086,0.41595708776979623,0.3945859597851492,0.1294987662717407,0.07821497157024254,0.09253908400262632,0.008423805533077998,4.965928190148061,23.0,-2.368208465694792,0.6642110585791692,0.2908844128094044,0.1454636939819152,0.1051986806911257,0.11402805981696854,0.017138142807094355,5.352821037918524,27.0,-2.250356658850826,0.6240849858775268,0.4056403738179691,0.12391325479978718,0.12147910260595901,0.11085915434639,0.017110469550612524,5.016889611197592,17.0,-2.6889638431379614,0.6659005981583113,Control_part1,v51p.mat
0.6118583640183516,0.07091864055161519,0.014578645871666669,0.020408717215723304,0.0006632489845055191,3.4888048018221225,4.5,-3.3332089781008207,0.8045416813908611,0.5822930329096359,0.06322991138151568,0.044272790940075635,0.06532902024917576,0.00235469794321478,3.919898470091577,10.5,-3.1811050430654846,0.7361403631063578,0.601856135816179,0.07157844106136887,0.014397572153932255,0.01935542038405375,0.0006050341062003787,3.493636112196941,4.5,-3.3869827654291953,0.8005823654086234,0.607207598269412,0.06076975455436276,0.03912945049214643,0.031250988980806665,0.0013407779720576646,3.6511587034090924,7.5,-3.1211562199052363,0.7841561459560245,0.62994914596885,0.07085045389102018,0.011354650443914713,0.009319052813393682,0.0005952587824501333,3.3561965613912976,4.5,-3.3754969928033853,0.8213362569181923,0.6169842802467432,0.06144000552537287,0.0383585944849455,0.025951450098157566,0.0013120123053708716,3.581293328130074,7.0,-3.1282517975250945,0.7928648513124761,0.6274286037983781,0.07274711263613294,0.01732299430419348,0.0193084360562011,0.0011853015440143832,3.504099685978156,5.0,-3.2713323374603624,0.8014298042969992,0.6190640052438605,0.05577884338636465,0.04529735949797447,0.033382038120892014,0.0014494175999335975,3.648947654545472,8.0,-3.154653050844678,0.7828336665704074,0.6038156813152639,0.08181037684032941,0.02725822880745958,0.02883024287058785,0.001241975144641052,3.7492379209764746,6.5,-2.869735067387641,0.8014277330037889,0.6043400937196958,0.06825216898980667,0.044217202131223717,0.03373625990718794,0.0018957199530135731,3.7574460739225812,8.5,-3.1713088185740412,0.7590440060618194,0.5607446235426323,0.0715321652744521,0.013528868833796538,0.03084864292027362,0.0010752428287379785,3.6283527546798515,5.5,-3.3031773763157433,0.7730971835861609,0.6027363165341271,0.059809793691875765,0.03522658585401651,0.05814381431986852,0.001888474289049783,3.8016651334395455,10.0,-2.9571000724148515,0.7325101675850879,0.6471235500887335,0.06970380747327608,0.011137193426431952,0.008984952718035769,0.0007049628635754426,3.3154413528383255,4.0,-3.3072963034260447,0.8340587371253858,0.6031273629173344,0.057232280204272276,0.0354413899714522,0.026301846943705173,0.002443310274435595,3.5819682764063696,7.0,-2.8507845588563807,0.7778896222358094,0.6224831168947863,0.07281635662542853,0.018580071437844695,0.029751305448598494,0.003097749584577438,3.6466639013162148,5.5,-2.7440033603543905,0.7954727920104626,0.5453823395775996,0.07481731743749677,0.05712472704574095,0.0820787099389792,0.01645268489764809,4.374239730423629,16.5,-2.1102667682896965,0.7723069208531723,0.5911633228690412,0.07383899635413428,0.020490941460375563,0.02691851032150443,0.0009270485823885447,3.65056345210566,5.5,-2.954019977220794,0.8121607689020356,0.5986751985569583,0.06841975078663526,0.04450607747001621,0.03547245903104132,0.0016347194622161785,3.767301464294345,8.5,-2.872262179212473,0.7764408789713899,0.6172665995064416,0.06731529931580717,0.019926784348301814,0.021247391022435846,0.0007716225397750214,3.610682089831597,6.0,-2.6525391692340805,0.780839916419306,Control_part1,v109.mat
0.22986383173274932,0.07099697245712323,0.0569150616922283,0.11502175878099019,0.016759888014312788,5.45337151935045,44.5,-1.9944633971236545,0.6140606534203421,0.24165344660720367,0.07698405030171826,0.06101566642706384,0.13192432848406596,0.020694048949682218,5.492355475319282,25.0,-2.252968548169108,0.6064331753545629,0.2822026199139262,0.15755885511158335,0.17522377067002953,0.13005767556529818,0.00828947270446611,5.362563800361667,27.5,-2.339697101383612,0.6428514787993491,0.1453498182596936,0.07669499535033207,0.07157309393891849,0.06205441715580698,0.0042911844595487515,5.216033103493321,16.0,-3.3427199426630674,0.5542123663117381,0.2892087158919297,0.1625677851907381,0.2639105399978591,0.12134934618793178,0.008240025790208428,5.227750104595935,16.0,-2.5520486151105044,0.6733787998937917,0.13405349353789692,0.06211503495510451,0.07374844807116987,0.058498596767071705,0.0042804307948984864,5.205066007280459,16.0,-3.9346071680196726,0.46773006703334485,0.25394291761070154,0.17178622638861926,0.20817277786833588,0.1404314797904846,0.014921180134085093,5.445159939733525,26.0,-2.1242381260096495,0.6280746548349837,0.1217621482137597,0.06552231803442472,0.06991757387669044,0.0633706947682368,0.004315355959631998,5.282292493714623,16.5,-3.9010270802297615,0.46351107599934105,0.12615697230709413,0.07262483246616355,0.06887731757234583,0.0684047419318383,0.020634927973489967,5.609924990722724,30.5,-2.45881461783324,0.5099585858066732,0.25783828108933116,0.1466915229076261,0.1327814141339231,0.13436019695379542,0.02090486954734396,5.454923923364712,20.0,-2.4235282051338736,0.6311351266109727,0.2533818030597628,0.046209255164300425,0.0437271589987555,0.040009254048714395,0.004931284802248161,4.689998984526953,49.5,-2.2199492147218933,0.6693786129527473,0.31066503475085416,0.14172989456244972,0.1307928244942967,0.16471910107813392,0.01801100542222812,5.435733068322793,24.0,-2.1212690108448,0.6408779357456545,0.2991961763624919,0.10413557847880614,0.16691205438897008,0.15024861564186384,0.01553802040908258,5.386931835935221,49.5,-1.9145236152963208,0.6249111966719301,0.29756181853678504,0.12107169439892237,0.1267458817162553,0.16433904922835674,0.01841951192991606,5.442775713598014,24.5,-2.145807767924421,0.6296340882095877,0.27418713593271427,0.1398490847750588,0.1776484081207246,0.17184432003022146,0.027524910072509973,5.57119200234868,23.5,-2.11427016033041,0.6157542622228616,0.2735348831568757,0.12358765820084315,0.1506967060722734,0.19487756656451408,0.02888183114996167,5.619135092123604,27.5,-1.9824666552944723,0.6027016875937211,0.2743086534299868,0.1787926369161736,0.17853227304101765,0.13002013989484096,0.0076924002957814205,5.345329596123577,31.5,-2.2530797134408918,0.636545419971662,0.31065359653270436,0.1597244464998544,0.1984374438149745,0.16025513727312357,0.01524258590930671,5.340992440034639,17.0,-2.5555330729529455,0.6298248753467887,0.2663401533186378,0.15751206037095464,0.198956057734401,0.14831083737915468,0.012457669650412884,5.420999956005418,23.0,-2.1857319997786258,0.6408918390280238,Control_part1,v44p.mat
0.17757222979035334,0.08852782704476475,0.03288438902720712,0.04721726953824624,0.009581435514638519,4.768649235751269,50.5,-1.5353985558636736,0.6129305713499589,0.21957814080707666,0.09533184048779886,0.033402418205427956,0.05337297855101276,0.010306189632979497,4.988044305584111,50.0,-1.670031433828366,0.6585731061588105,0.22188710186987437,0.14457356062503463,0.04037681857086953,0.028984523047992945,0.00592915504632872,4.28095452136044,50.5,-1.5997526758666973,0.5600934791225154,0.20816702375825472,0.2870414959304473,0.0793818699668165,0.04787127740693357,0.006322137172749284,4.841161042364338,50.0,-1.7572025647305187,0.581842638968086,0.22783968685781847,0.2770407772200631,0.07078798160478199,0.03692001405295103,0.0068035115350311435,4.70154104356527,50.0,-1.9063106865393011,0.593535073735047,0.222177157361899,0.33866903173737034,0.10306207872405149,0.039844840480235254,0.005559925041891221,4.77689023321492,50.0,-2.16774521471019,0.6479404359309673,0.22198134625565755,0.18156446073688387,0.051161068227954465,0.08545117824915205,0.024298864479580903,4.97957175568992,50.0,-1.5364923943422144,0.524079841567846,0.30090767638419746,0.2578523322482398,0.0540108171162326,0.04827591494014603,0.007990777398468797,4.781748850068112,50.0,-1.9496752551922663,0.6438149181134167,0.11388115172335427,0.07760470879222453,0.08528177223320162,0.293156545871925,0.09561724575479535,6.162572411367373,50.0,-1.0815207801911497,0.36273645718614045,0.11815610483270779,0.054714580031548554,0.015733848592281992,0.024658050541499887,0.007345110125043235,3.2004271352684013,50.5,-1.1860114392350687,0.4052455193187592,0.1027440644435321,0.10306363305990499,0.04145557942239155,0.05110167268439587,0.010444573737952321,3.7375233993924937,50.5,-1.6360020198555985,0.4446542077146143,0.2438165041197063,0.19202050038325494,0.0664473051567699,0.0637385086658436,0.011726647833290759,4.957695575957185,50.0,-1.7498396062744592,0.6196440572997877,0.1400801106261157,0.12678852687597228,0.05234223179177502,0.03217745976071923,0.007288456117639211,3.93138263891822,50.5,-1.545188037465758,0.4868816269161381,0.21071093256586154,0.2449370329078963,0.07526104084682803,0.03885768805812964,0.008187738488629121,4.814022762277922,50.0,-1.8495768033739344,0.6350833667753583,0.2709262721504757,0.19356876701456976,0.04870752167537527,0.06641850767448339,0.014577334392922492,4.911744338691012,50.0,-1.6372752519883857,0.5786835673684798,0.2601873660110363,0.2694224272377569,0.06783775259268982,0.05614832920562506,0.014272825400442668,4.9104467202034225,50.0,-1.74540453406465,0.6071240342687355,0.23694255600986264,0.23599813481234072,0.060667565029582614,0.038423697695648226,0.006331008625017203,4.591814870297075,50.0,-1.764577093571834,0.5882719091736218,0.21627526310714856,0.3188653560815061,0.08738552499464983,0.040992103355252774,0.006782642856155356,4.801643074943782,50.0,-2.0333855323314984,0.6371859905685295,0.30563939774609966,0.28097770773783876,0.06468048928927442,0.04338689646572121,0.005517346712663654,4.711233807267319,50.0,-2.0072213968164268,0.6419903991381946,Control_part1,v43p.mat
0.22203079900626826,0.07616157746861764,0.02723226902612917,0.019327705870086184,0.0016779984777755882,4.642866728376337,27.5,-2.1863958743562075,0.7389928464761004,0.2375912558539992,0.08523344540561908,0.029882608131510884,0.024613154132914154,0.0029247877090696995,4.645059106937116,13.0,-2.4107386162550677,0.7679909039150128,0.3296763524116158,0.15947284589462665,0.059046473935186104,0.06479804979778953,0.005210106253592884,4.9258204156395955,50.0,-1.9103779856885452,0.6570198917808386,0.32539823323433226,0.1346223863084505,0.04940019223421791,0.04451138615707683,0.0049115020208992805,4.736928231775884,14.5,-2.5293769367457424,0.7326465785358249,0.37891843597694513,0.1864113110314112,0.06940569474657243,0.06579828640405401,0.006385229784858308,4.854013893828586,50.0,-1.9938062424552974,0.6471245288568163,0.27239709887091124,0.1407240967132366,0.0727153148175508,0.06190783854486234,0.007941855165978659,5.091909421254261,28.0,-2.306778786294498,0.688742904578014,0.29936473175553124,0.17232194929795383,0.06748614996171873,0.07051048395271044,0.011378279624950683,4.8973625392257665,50.0,-1.7374995789105032,0.6009969513289257,0.25607865396457374,0.14947710748443463,0.08005408056366414,0.06996892316455094,0.007714326803909892,5.058630594415608,15.5,-2.8598888363587096,0.6635785684181843,0.2874834108997669,0.17331438271912747,0.10618346635128466,0.11223422954644913,0.016742320622441784,5.302660605278058,50.0,-1.8966553205304224,0.6383898466407321,0.23781276330257864,0.1278833082742672,0.09273588415445445,0.1010791655165686,0.017741105873528392,5.407509357842564,25.0,-2.3313642046814693,0.6234779691424877,0.24762701550493363,0.11806525156137923,0.04771242839230716,0.0649909469208207,0.007978853184424782,4.902796752200121,50.0,-1.583988161402097,0.600117902305605,0.27089852658529784,0.09711106881713144,0.042319651316945636,0.04880478102991089,0.007055758382343091,4.927680227975364,28.5,-2.1833500909855013,0.7222332430305893,0.2511932136168329,0.08541976727607206,0.04245883609913354,0.10164527866727774,0.02252039368917463,5.0471467717490075,50.0,-1.4500087217141504,0.5519106867322687,0.24009622705778602,0.08132075114280778,0.04208707031421585,0.11305244242883113,0.02675746276113335,5.469876077431465,30.5,-1.975871337945114,0.6017894290711805,0.18249908007227372,0.06658139679852088,0.04721622483154405,0.19648191843521767,0.05526587956270182,5.706640771309901,50.0,-1.142555900955348,0.4936120729951369,0.21923081146534,0.08637380125626318,0.04761788032151734,0.1087204638752218,0.032525189032362706,5.562992769408384,29.0,-1.8139800128125843,0.6478654808203994,0.3248779125623723,0.18355276515438504,0.06157488574740728,0.057450135750621696,0.005528003583351865,4.839770958745795,50.0,-1.8345115795405205,0.6173444201204781,0.3001184431147613,0.1442744321533606,0.06645932437242963,0.06551288297446964,0.01046909018709548,5.044807365458822,24.5,-2.3978749682126224,0.6615955535734648,0.30411993665698517,0.17756696086810886,0.10011985806117399,0.0860763133184611,0.008590747031201683,5.132239500714042,50.0,-2.008019873434242,0.655596271818399,Control_part1,v50p.mat
0.21013804318397927,0.10881049678847854,0.03465971850108289,0.0781499134505836,0.01549807663301654,5.094410980201649,50.0,-1.7702973495764847,0.6050598057075998,0.2464868000109262,0.07311816726363284,0.019343214244422972,0.03226315831523008,0.006070890428087486,4.637408755780242,16.0,-2.226267684143051,0.7562474595485534,0.2805916031883222,0.24119923883305128,0.08926044722940098,0.06386514937282821,0.0074811639825499735,4.949395111343575,50.0,-1.9263382957929518,0.638083410387203,0.24440512307215279,0.08296786846194903,0.02150990832395316,0.020019885909759685,0.0025597169210457523,4.465039629931268,9.5,-2.341889658660721,0.8313232643373916,0.2699636795412686,0.22978042071198537,0.14277766075780218,0.04880365404476181,0.005607584162146667,4.944519906607145,50.0,-2.042102612674061,0.6367892836141812,0.2292236500863737,0.07641060459861684,0.038432923621523236,0.018055985577921346,0.0020915450892244982,4.55165801644665,10.0,-2.4055866106524704,0.8254037586462866,0.29460234030241217,0.1965306300646318,0.10592475687722694,0.08187270330572294,0.012988042762226405,5.071202275033777,50.0,-1.9353035434013657,0.6214457406317124,0.2414352275084638,0.06565053374823025,0.02717973366265946,0.016487592690756902,0.00239242708595341,4.373871425201919,9.5,-2.390873109343533,0.8496913417729917,0.1665350730574492,0.12173514981857102,0.09692222555012996,0.23534841235592135,0.07474098719928675,5.936733918994951,50.0,-1.414009167012469,0.45497854479001176,0.23600226489289947,0.05888393872683046,0.019177167607717056,0.02102153793337925,0.004906009748517067,4.46312560013053,12.5,-2.2250282421173653,0.7910809824414377,0.30597684517633295,0.1556839000476791,0.05502356724726429,0.05230551389052937,0.00872444252928879,4.833129044221572,50.0,-1.8433724644444578,0.645826813909276,0.23845626576236897,0.06866934004980593,0.017394908408335196,0.016139330127425827,0.0023014566835880624,4.366564059309669,9.0,-2.3479711263645955,0.8335911034172704,0.25462117680395613,0.15957394138260958,0.06570337632173955,0.049454654818524665,0.008343330018877958,4.670733627811418,50.0,-1.7326003960734606,0.619668669537353,0.24712087404698665,0.05197040524799128,0.014201164350119182,0.011413786028127046,0.002237247758454944,4.155626439408965,8.5,-2.2289451853027673,0.8282940511905932,0.1917599683900557,0.1380410323668661,0.04961516285780684,0.05860608514034651,0.013621886605307778,4.417500752108297,50.0,-1.5976440750281693,0.5468134003526182,0.24911625287325956,0.05253579525671957,0.014070495292085242,0.011126944223172374,0.0022519756405004125,4.134087905540243,8.5,-2.210391973730905,0.8331683791551722,0.31165242856566805,0.2451721334671925,0.0636887543124844,0.05747264478677287,0.00631556623660643,4.881424446582208,50.0,-1.9865424941062737,0.6546699284792308,0.2455123726411529,0.08216558906430642,0.028585534117559874,0.01822098634795614,0.002281676585360828,4.47314198754394,9.5,-2.324229655956042,0.8465198934552257,0.30136499142829665,0.09029407953195269,0.033902712017663324,0.04384099279134037,0.01759391657944372,4.671468633825476,50.0,-1.4692856478048362,0.5852678186261424,Control_part1,v54p.mat
0.2389166232010154,0.07483980615111369,0.11100733980477144,0.08458455001649459,0.006841520353682687,5.044655788126019,50.0,-1.9409365362652127,0.6364643094563316,0.24781554222107482,0.061295169117246875,0.11048239062523915,0.11058607753592158,0.013047643664644913,5.337766580163566,49.5,-2.073089563008605,0.6089953277207929,0.22132283596770813,0.10798191751566982,0.14688051529529342,0.18911273266742604,0.006386877110792399,5.327044564664432,50.0,-1.8477471653334128,0.5659790491084249,0.2665981887554145,0.12041139884188341,0.146430719463164,0.27515580479153146,0.005945154422689831,5.492359986781156,20.5,-2.318132343599834,0.6207892602978875,0.2578432447082821,0.14019322523407562,0.30121161044885847,0.13791646122673576,0.006114250042113454,5.274401897675703,18.0,-2.4061072834402513,0.6517543561453616,0.2525938659896913,0.12043024827672116,0.28461936502287827,0.15623744912259338,0.006631016768326105,5.325312539694778,20.5,-2.1909593290262426,0.6410530933382863,0.28455725677454646,0.11171862820847184,0.20449641524741008,0.1325217946298627,0.009433540659375357,5.269831626768873,50.0,-1.9610219681125765,0.5963707544148396,0.29689389897973173,0.11294749932047149,0.2773711195253536,0.15591869857706817,0.006711294246274104,5.212613838282346,17.0,-2.592033534540327,0.6593165197873543,0.24558359821166814,0.09863574456519103,0.1871665468577969,0.11339039948499649,0.009614380526119308,5.1636325081791625,50.0,-1.7582887110484955,0.5759004039742854,0.31398604870264135,0.12137770267926652,0.1821337416241157,0.15876402572366285,0.013157133129697763,5.343707922424172,29.5,-2.100461504821189,0.6256943069384617,0.16958543920124947,0.055366600009514724,0.06817133634032893,0.07257160701880228,0.006650713450335761,4.248142408520011,50.5,-1.6680577710731368,0.5671302880142923,0.294020900552548,0.08329453728988562,0.11236107154565096,0.15863747721952096,0.016650334327363403,5.281655601783967,50.0,-1.7308505622023362,0.569267889134196,0.24352942777216208,0.05583147233411225,0.11196815631232086,0.0766604356657849,0.006316348750903377,4.390994864278324,50.5,-1.7936591808264608,0.5528231254766072,0.21791235062017456,0.07130177544826626,0.1846465132306968,0.1605933002667887,0.010820751101709738,5.20600659892232,50.0,-1.708375777788606,0.5428678952666175,0.1714132071427532,0.06886718699491007,0.13396726555940808,0.10055929117833746,0.008814044791975825,4.699863522099114,50.5,-1.6807187618993369,0.5504281991010749,0.29342271065875863,0.09758927070185923,0.17726027471974132,0.11648910162228353,0.013261182113859042,5.231655472447737,50.0,-1.8181579397478607,0.6054015677283447,0.2689645230676494,0.11672920413895028,0.1767403734905009,0.15526707517314917,0.005397007962726629,5.296309733681575,50.0,-2.036209832509906,0.6256495621622384,0.30563088118308934,0.12749756484951041,0.2237234738565382,0.18433048522343604,0.007990335638255193,5.307188642416801,18.0,-2.698790067911868,0.6322707907558911,0.22525618234486683,0.08381210967763945,0.21724169553938694,0.10607608162824239,0.006427169801691144,5.020204162298164,50.0,-1.806909215919885,0.5542059395497694,Control_part1,v58p.mat
0.7554355239082267,0.03215837898696431,0.011791377854031008,0.01240488161435199,0.0029195985405480606,2.8597408923783,6.0,-2.1105983066555627,0.6985722065187634,0.36298418746486205,0.13259770858914438,0.04935696814795108,0.05677604499671452,0.009850266282920465,4.747439058599178,16.0,-2.376954807590456,0.7141325805918586,0.7832714878877529,0.021185318790801787,0.007220535255095006,0.004506524985813738,0.0008216407841556358,2.599934074519109,4.0,-2.125322506751646,0.6888116886297793,0.4281580902960119,0.13175446113509037,0.05038830503009127,0.044598741115825735,0.00789623031942885,4.541331370908102,13.5,-2.3816483695000397,0.721763857587979,0.80903860887348,0.023073858922785278,0.008188712797392746,0.006101451486998985,0.0010131565854290935,2.4770336892528912,3.0,-2.4805958497768033,0.7502586448699601,0.4293589012097591,0.13802022708536107,0.05239356551941303,0.03800443169702722,0.007076572153330548,4.510670945165175,12.5,-2.377927471231148,0.725898000921792,0.7973131220571725,0.02606767439240337,0.009962701331417917,0.006478172024284126,0.0012428592107673027,2.577689797116684,3.5,-2.367989662057909,0.7419119606358917,0.393611378066455,0.11231553707539856,0.06016614400496762,0.03488363801382163,0.00588559532074911,4.481151523244693,10.5,-2.7029523080055275,0.7300078646525515,0.7849099317950199,0.043855338334713743,0.018830850237491908,0.013348128429560954,0.0014625721398102073,2.8112655596345832,4.5,-2.507461343161038,0.7651591656201329,0.39732953358668643,0.1322950235127469,0.06383967287649421,0.09627285115600635,0.021176433316289,4.952333938698243,18.5,-2.4960437568839393,0.6329467266642909,0.8104913530535047,0.02787051846411977,0.007214433639704401,0.006572266674948583,0.0011230143153823052,2.5088674965244904,3.0,-2.5375325112775737,0.7648102050422337,0.2622261075244295,0.06755692510011232,0.022291442606988385,0.02381556513290755,0.003395842433166199,4.401440958791249,13.0,-2.5528850278290136,0.7252059670480893,0.8108462580442662,0.023718373532605197,0.008062254035914884,0.004491545323890772,0.0008630014610360573,2.4440082713221725,3.0,-2.650929960090849,0.7700504347178225,0.39416965936582915,0.10393753645028798,0.049900213143292654,0.0440996983166052,0.007541798656110057,4.579514124845498,16.5,-2.2110088458298827,0.7263611856607619,0.8238602980092344,0.027782890985502882,0.008814318862784656,0.009132312855480867,0.0013482432363816665,2.4760683586214856,3.0,-2.760190360840683,0.7527531087643888,0.43338308838993533,0.11677310616289546,0.048091637156119554,0.05246882900070889,0.01164536866641947,4.560572867327194,13.5,-2.4844708860295777,0.6941430115917266,0.7680927447627113,0.03377974668110393,0.011848750417725927,0.0075526624417100825,0.0009716777267170452,2.7633975991845334,4.5,-2.2851178273655934,0.7316408767970487,0.4058765152224055,0.16979358408266493,0.06645637700410495,0.043017457027555,0.008252910549285543,4.646583520498674,12.0,-2.5094591824228387,0.7103714807889677,0.7897830803443331,0.02552839495885582,0.013561776254733232,0.005884273598728823,0.0008866155197302211,2.6402528470998003,4.0,-2.210722662034463,0.7043734078195993,Control_part1,v116.mat
0.2538247038074402,0.08798676319728674,0.0376468610062382,0.09163363963962833,0.018606179325928313,5.126501830304952,50.0,-1.5957724872840897,0.5959553427218918,0.31472688397037857,0.11361569727667388,0.05794260654806034,0.12325317293454735,0.023683457873757748,5.249924097240308,32.0,-2.1311284526649574,0.6023571906573469,0.3079725614931352,0.12119494111657975,0.055778451024211084,0.06192568507330745,0.01094905145470259,4.763024699929014,50.0,-1.5719695266524363,0.6021135680079263,0.3437370939162476,0.15187268279802849,0.07683010235352249,0.08090890237757284,0.01404349216652699,5.047206493191167,49.5,-1.9810831076740845,0.6571143983489622,0.33452110473663754,0.11572525710745814,0.050543181873397215,0.05680304176944469,0.008415648416869752,4.810862432952587,50.0,-1.7621322963684705,0.6422867351083792,0.3534410815362996,0.2219082226687811,0.1077395110913241,0.08947877145435933,0.013395251641322827,5.080761073173964,19.0,-2.3304973946177174,0.6593775947661471,0.36341122068013015,0.14811614228354836,0.07352617299024398,0.07599915155878469,0.013694894232559597,5.007146147194918,50.0,-1.8853413513936785,0.6446538406659785,0.36735788095626154,0.19291350554252137,0.09992221216956641,0.10693951285282967,0.014444600089613156,5.137006559917634,23.0,-2.16171966470756,0.6627854264067518,0.3711985633750891,0.1624548634437639,0.08456120314114879,0.08291744982045314,0.011712082837068503,5.014474500682387,38.0,-2.0577158260945807,0.663022719640778,0.33174696190379316,0.1962262621994158,0.10513847045210041,0.15633153866681793,0.03282287920629311,5.3649890137766,22.0,-2.2793639523718157,0.6083745354432801,0.32280371276560194,0.10283853367116749,0.037537302825761044,0.05399768988410219,0.01064584359922188,4.669518951308101,50.0,-1.5193119653574487,0.5827851966915314,0.31216654288565093,0.10669653231665964,0.045689423495622064,0.08380225012563648,0.013875773880135873,5.03011364368795,49.5,-2.108137713601506,0.645390286986111,0.3135747846773515,0.06480222226966423,0.025301151005654977,0.024235767750483115,0.004463063910204059,4.417157780049298,50.0,-1.9271692138346062,0.704122358911428,0.35886106740228707,0.12044016298746447,0.06239687516726301,0.07202680154706062,0.014425465031134291,4.900808195639943,50.0,-1.7511421591939262,0.6482840343216981,0.3571956756017884,0.1294920528968506,0.06353167781128835,0.0909042099020155,0.012143186963371336,5.046722197580773,50.0,-1.858531714456184,0.6408173538020083,0.3944566372579475,0.14886839539152222,0.09930509031146514,0.11672825418141401,0.020683548389356557,5.146578757139232,23.5,-2.143125772186706,0.6322141747062056,0.2384916056139644,0.09617068205747353,0.04155829063199954,0.05783037491400674,0.009905542395740414,4.768104757707995,50.0,-1.7476950866735756,0.6290752107040034,0.3407473979015997,0.24465951657895446,0.11358561176386547,0.08484517819710725,0.010730456247370268,5.070831643955472,21.5,-2.340408457268542,0.6491641555782449,0.36419967157959127,0.15549308446172733,0.0718718031869413,0.07011662030795339,0.00960845476244106,4.9651976657599315,50.0,-1.7732517786749322,0.646819020891289,Control_part1,v113.mat
0.5527970087518428,0.10994457162998178,0.02457972809647636,0.030760428294931554,0.0063842338431589875,4.167504142783705,35.0,-1.9955973826703512,0.6938659743686622,0.6492156204547918,0.06205230498988728,0.01421353005888687,0.01653268261088635,0.003113454228289359,3.509339211600907,50.0,-1.9324797916499774,0.6329770957148833,0.5823882825047227,0.0932274667493381,0.017441847304009654,0.016000252655860293,0.002547792357992765,3.871146189361409,11.5,-2.1147624226734854,0.7167665634246865,0.7538080346649756,0.05360993948717711,0.013142988595877012,0.016026834549003666,0.0019867714888692598,3.0916821859165977,4.5,-2.5906257410718507,0.7350784022214203,0.5758446086076874,0.09455118444270161,0.016574969767282427,0.012878768137335307,0.0025174898957985637,3.859262601938624,11.0,-2.128603409846696,0.7102772112901752,0.7554565996094359,0.049523429294878844,0.011769114828061972,0.012227432897748964,0.001764550121736818,3.0305255526995687,4.5,-2.5645225883598566,0.7363555477784021,0.5954801638375176,0.09540096425744643,0.019854575154718775,0.01663887823453518,0.0037760168053655955,3.8672390326701587,9.0,-2.3292927963653214,0.7248003978152094,0.7774757453662506,0.05639008140445419,0.01612178023102793,0.012566706884229376,0.0015467659967203567,3.0164969057898228,4.5,-2.632765949186547,0.763629566349031,0.597094048230208,0.1044849368688069,0.031416777044456556,0.027242725207275463,0.005043113037484449,4.01927004634774,9.5,-2.3051042435276137,0.724105142299281,0.7598959475711505,0.06372601177845352,0.017727083589587404,0.028112200512577717,0.005201954426719324,3.187443609995794,5.0,-2.8554845578305925,0.7095477564020485,0.5822159752222146,0.10639485109485329,0.023644507973050923,0.025349532212970528,0.004449092783517,4.006782199683614,10.5,-2.2823099096005324,0.7154452271707215,0.7730261104436132,0.05121203872187311,0.01525811132133271,0.025805056421406052,0.0037251764580042597,3.1098534310827746,5.0,-2.6337951983645307,0.7090100816409171,0.5781714702901016,0.08741138154698176,0.01530786293951455,0.016552993556766676,0.0034418666494864226,3.885835311849693,21.0,-2.0405852668672817,0.6979036295254841,0.7845889226669345,0.04335604411699652,0.010802943743827731,0.012991227536459942,0.0025618479029572857,2.9109101499728682,4.0,-2.488261414885438,0.752860272713977,0.6003044906384158,0.10973309680548571,0.025795945518023906,0.02766559211456493,0.0045310158232918386,3.9879780408034833,9.0,-2.3466146344719285,0.740195939581646,0.7731445124600436,0.0529049512206049,0.016747752207010427,0.0180473898039329,0.0028608018291015,3.110626013447328,4.5,-2.6023187231733975,0.7340844580498809,0.5950989309472631,0.11321166488832235,0.02299899435755243,0.018113203127446607,0.002049996952313665,3.83730264957596,7.0,-2.566225893560975,0.759650586490382,0.7407632955699747,0.06133798281100102,0.015235554873560495,0.01387338099715477,0.0017818185446421264,3.1161969892395027,5.0,-2.668785969652684,0.7521618007174395,0.5835181966638961,0.09958042152801268,0.02499784743396692,0.015343159246102403,0.002384271973607166,3.901796677015412,10.0,-2.17773302243027,0.7395482017286164,Control_part1,v110.mat
0.3138315830767857,0.1034643267574545,0.10003696217954944,0.03649843036414349,0.00424551675548617,4.765194783118927,50.0,-1.940346986584728,0.6577045124103882,0.31827613449978387,0.09216589304451506,0.08334464797163334,0.04086832893441422,0.00512525277319361,4.801545225427896,50.0,-2.098369453451652,0.6970782330625781,0.3725938522423463,0.10883531254418219,0.10183337083880321,0.03118680739065764,0.0040161983853738365,4.673419523271361,50.0,-1.9454967276955435,0.6711384315401825,0.3696828998427664,0.16472504153863077,0.1584851424209705,0.05730765379629119,0.00540960783411587,4.899189405887781,19.5,-2.4422950022575125,0.6839004982561302,0.2931162408060873,0.13748549283104994,0.2655883498756671,0.045321306585917334,0.0043047398537021655,4.832627173913019,50.0,-2.0339543292751006,0.6150182354859615,0.28222613581402084,0.15314274172648817,0.27673485922455715,0.05529009198303773,0.00548369870244204,4.967500261083156,20.5,-2.3091577195340944,0.6745263973141447,0.26262054604687923,0.12385970959283021,0.19996804177480798,0.0720718223723007,0.009964542983617713,5.059648385018129,50.0,-1.8172823248630083,0.6095295292447058,0.3756562262967306,0.17156748255517648,0.17482561145630804,0.07290153904482274,0.005969793901230902,4.939213939491277,14.0,-2.5753987236406903,0.707238909806696,0.33848061479699665,0.15078155478741656,0.11666140518389914,0.0904657671583194,0.013637908798482841,5.082961203618832,50.0,-1.936992897217327,0.6377056930810691,0.3445743946500704,0.16289931794788579,0.11007096332148258,0.1133539045627903,0.022693043611786264,5.258986936890771,25.5,-2.263754753698706,0.6123793285905468,0.3798945155537123,0.07251572217591713,0.023577634357297133,0.012441795838016714,0.001963937311553712,4.128513173976638,49.5,-2.056258745887313,0.7134909128478144,0.386071528311543,0.0951652590723776,0.08833031586525937,0.04156528807736405,0.007073063936531206,4.716201458941527,43.0,-2.191236339975359,0.7043815465708986,0.29297473657033024,0.09281180889419209,0.12991981806278421,0.05164922615704686,0.008072443990907409,4.696645747442209,50.0,-1.7622099527873079,0.5981621952462959,0.3379772557658829,0.12528711987044824,0.1694213912122144,0.08017180661139131,0.016641554624321556,5.143692746892598,49.5,-2.0610179104555884,0.6401867106073759,0.2815509563792686,0.08376535558211072,0.10708229215578954,0.04675450191884858,0.007999884250255596,4.616454658635858,50.0,-1.692942674886234,0.5930617237809617,0.30538655771538126,0.07820692326280293,0.059045306678774626,0.061193996999062805,0.015203783690892455,4.964614170242834,35.5,-2.045679826288871,0.6640316666786743,0.26087279614811454,0.15898134010817422,0.17858635988965657,0.048063530521352565,0.004131806320849761,4.897533421095716,50.0,-1.9899784541090149,0.6320827036327631,0.2788328833049398,0.15360211310095867,0.29973348300935343,0.05939323581416212,0.00595639475459867,4.934613387364879,14.5,-2.4972074110696263,0.6762572169383698,0.3012724041717296,0.15221054862407915,0.20234450334885298,0.06324322714986698,0.005256321602121233,5.056683047918218,49.5,-2.214791779172418,0.665122695409513,Control_part1,v52p.mat
0.3086190319884348,0.0670781216992014,0.016013640861295458,0.014231821413996145,0.0025692587186822687,4.272052742393332,38.0,-2.137252903374927,0.7300920543148643,0.2832311711790627,0.08108024127352628,0.019310094746238574,0.02068841197903712,0.003708479824197541,4.428873093475098,12.5,-2.309140243609261,0.7464257145972876,0.40273946096161006,0.18082650658775304,0.057647329012235515,0.04031614335645899,0.004779342429809763,4.661018826532687,50.0,-1.9825664853921152,0.6526294669609543,0.40239487496278203,0.18025493608554158,0.06606162764430348,0.04264953868452844,0.004705473585120583,4.691668388148262,45.5,-2.1241160024011476,0.6913683961927339,0.3599414994515782,0.20588381301284836,0.06961835121189233,0.03265416287174702,0.004615346274733937,4.649311969314124,50.0,-1.9467063798004156,0.6306387136176548,0.3846954929727203,0.19173309470775501,0.07932436804384252,0.044072795838724345,0.005594941217309917,4.74237914250962,24.0,-2.3425887451474545,0.6833067401265656,0.38672765955740224,0.17053177259683466,0.08019842174552873,0.06447104571651632,0.009737764710487264,4.8349846183611165,50.0,-1.9570144100022548,0.6432604988614021,0.4052716319922696,0.18446843490300685,0.07826587484610074,0.05670879113780311,0.006363511761804212,4.759097777237418,23.0,-2.2471336248250373,0.6921985521162837,0.29273815980223705,0.10011310371862718,0.0641605073074484,0.1523094656687609,0.03830081032210281,5.443956387833838,50.0,-1.5193992560186491,0.5662871380725292,0.2961393041006322,0.09018358569809264,0.06369677024841408,0.1455795059803978,0.037631247609366716,5.506581508969246,50.0,-1.546694800030935,0.5622383698070397,0.27559928259522254,0.07812460784479955,0.02501675857906697,0.047864643172761685,0.0113459580281116,4.601245671959861,50.0,-1.60316619845644,0.6114547537935304,0.32158405003968316,0.09298367374839939,0.024067957996684163,0.027467939004622396,0.004576453321150486,4.480287331762518,29.0,-2.1162502815464346,0.7155961843539238,0.25260737698181,0.1202684472579923,0.0381667934948039,0.09183387314122497,0.017573139614084608,4.632378139789749,50.5,-1.5586544015256814,0.48328553680754993,0.2928709885763282,0.058530680182398986,0.023702695903000077,0.06135775183550376,0.007221821888175355,4.673749812223123,50.0,-2.0388309509635123,0.6225117597856464,0.24603338184627438,0.08396360940092787,0.03577141548273438,0.10967220866001201,0.02434631302920641,4.68421139028238,50.5,-1.3601279893830636,0.46658352424236404,0.25339407102038036,0.0851866317391044,0.038817287885291325,0.11073975032465744,0.022268261642296963,5.141717186598498,50.0,-1.5496977894127586,0.5479367877220052,0.4232037038507694,0.17427169790725922,0.05117368473624253,0.03149639608876028,0.0035583343237750673,4.5635082181731725,50.0,-2.0542323049478437,0.6615165403065721,0.36092657615438484,0.21338280455280964,0.0953469056183421,0.042162425607102975,0.005945603677995298,4.774329582192544,19.5,-2.341364245046947,0.6747947282012644,0.3642962147249825,0.1547786207933055,0.05875776730043531,0.038050435008811466,0.004443098952305365,4.677221711399904,50.0,-2.12685541940171,0.6824132467457917,Control_part1,v56p.mat
0.15927297418836162,0.044265483411333434,0.019911051405149892,0.017900899661362244,0.003061209325787336,4.688646943235061,23.5,-1.903972315763622,0.7864334649008994,0.13583953918066546,0.04125144215472574,0.01897189146469814,0.021572696396272475,0.004986977602368882,4.809864438680658,16.0,-1.908008657012435,0.8478760961707725,0.16569965261755026,0.05089741876229874,0.025238085588367574,0.015606334718183358,0.0019037829269231035,4.593985554640565,18.0,-2.0851936171481578,0.7930142173863186,0.12122302026468329,0.05278492650718533,0.02878021196357066,0.020049143987957867,0.0036243335061538883,4.919419592651297,14.0,-1.9159041333965445,0.8385618529608713,0.15756575025563635,0.052827792482522125,0.091728228159003,0.016046212585410998,0.0023806172619753913,4.656588986601317,11.5,-2.081495306117477,0.7842622250601774,0.09884578906274546,0.04878184038004127,0.10046746506669256,0.01967356583837698,0.004099967448985517,4.830173048905687,12.0,-1.7630053506938048,0.8311991375131579,0.15525630179711425,0.048862729767488615,0.04318154984903199,0.016029826579522493,0.002889179380942486,4.7114806767846815,16.0,-1.9486640791536582,0.7994709729941274,0.1266595669005607,0.059142588543915936,0.05637585347444334,0.016685707768316366,0.004506413253425728,4.852343844936166,11.0,-1.8510245618599401,0.8773326174733068,0.14883969695564567,0.04380075516367929,0.02530824231364595,0.036067421079467386,0.012355916360734517,5.13847277620678,27.5,-1.6486009432283661,0.7591426591697917,0.10948828937320253,0.044850548566928834,0.025753883837497507,0.024748795592327604,0.007752193411050775,5.172192066234425,22.0,-1.6784706838362187,0.818549062963123,0.14885249377049026,0.03114329782407022,0.015508865430366827,0.013329660012924911,0.0032997854157211393,4.549240107303578,49.5,-1.768790306070313,0.7709779918258055,0.10228918354208956,0.029929483659271262,0.014073208194596287,0.014210965969792148,0.005141256873079389,4.827923784057825,17.5,-1.6346716995095467,0.8557418096448761,0.16261042305312834,0.040962185462123886,0.03807314187178496,0.012363751109131332,0.0025554553582588196,4.550791070903533,12.5,-1.9783283419025899,0.8037978542389257,0.08683346378334843,0.026804321509295022,0.02503960520812746,0.015837569849452747,0.005534982691288594,5.100592801792855,22.5,-1.5667329385843627,0.8276678137174805,0.13902149097687713,0.0284795607365568,0.014911451763351128,0.012648724108801154,0.004219750487050288,4.60376989604648,34.0,-1.5825869756406377,0.7821310271472671,0.0891715609578015,0.020913955878187132,0.012320489435775087,0.019041980304789572,0.0063840374456306005,5.017749276524643,23.5,-1.5634774897119308,0.8405782886632496,0.16672225188477452,0.05724533607101696,0.032129257354666284,0.018235836131831794,0.0032025935628731575,4.764272817103887,22.5,-1.7639584723500856,0.7778745809115931,0.12948276806652848,0.06283331049877819,0.056976714965111294,0.020617747788530188,0.005393223349297577,4.937010177692438,13.0,-1.8987678639676795,0.8240498638386436,0.16127926781399135,0.058546535014350934,0.05571574984374893,0.017481471606196626,0.0030433408207751617,4.779553228530546,18.5,-1.9020878236178858,0.7826640443075447,Control_part1,v53p.mat
0.22998886696467802,0.16193158369405464,0.07041700074016961,0.0700852700873622,0.009271508616293117,5.1759700090368685,23.0,-2.2200992379890683,0.6773932389544481,0.24029069480986084,0.12181007656835928,0.04390137153307222,0.06793084129741865,0.011582122070185696,5.150934283176518,33.0,-2.1224991489081377,0.6722548614852902,0.27955924038454816,0.2852334512061956,0.12043033954956014,0.0817559204965221,0.0061948934939532576,5.021311597633314,18.0,-2.396728606749927,0.6723426569725912,0.33200583632197866,0.17913976255623576,0.05828385686055322,0.054667677982455774,0.005389254650598718,4.839902998349386,20.0,-2.4956411277033723,0.6995103034595114,0.17930830207461174,0.3233558146913317,0.18211991075876036,0.05690641638283316,0.005207429911128617,4.787393203332602,14.0,-2.433290195620703,0.663224641600344,0.28153104288077824,0.20032964963185862,0.07396893564827518,0.0362849406324634,0.0040885858430952365,4.728962939755497,16.0,-2.3810955384767554,0.7145333366574141,0.044357371313385636,0.09277602155858589,0.044083377360787615,0.01792436553193701,0.005232386010618337,4.919244980200249,15.5,-1.6379930429074523,0.7016322193902937,0.2908604790756186,0.2272449325508469,0.0702968702149319,0.03640356450824912,0.003826059626086524,4.6959810335193195,15.5,-2.4215175949693633,0.7201964314918765,0.26037324612893076,0.2627129465773382,0.13304894721231675,0.12081600607755258,0.017810384397141027,5.318816555672755,22.0,-2.1506035709878257,0.6355484109466483,0.2756127660990149,0.12461065705257243,0.05567962314297638,0.08404976833791905,0.02420637795365278,5.269124524985956,32.0,-2.0022393459726016,0.6510065166139101,0.2603283880050141,0.21147139583933616,0.12277249821491708,0.08720081430215802,0.009289620726908204,5.143105476977166,50.0,-2.066564202780971,0.6323907505303887,0.29883159544077686,0.10957790712651662,0.052638815464195486,0.05473710173014,0.0072329489545673396,4.913136599455866,49.5,-2.117609102970109,0.6890637973485584,0.22096194962542415,0.13202671507564975,0.04335202738325712,0.02865895742739673,0.003305187871524462,4.791352387431322,12.0,-2.618609534683133,0.7455730550082524,0.26522382194764,0.07908178524735122,0.028074906950073326,0.03467279861803503,0.006465287505616591,4.708032713963464,50.0,-2.0437700592566745,0.7066368846762012,0.21906639676058026,0.24190926136853266,0.09645270974495646,0.09358834639077823,0.018946822425426713,5.245966828373464,50.0,-1.688099660645526,0.5746387498861496,0.2707503934613191,0.10592023273011866,0.043200929228621565,0.05192871173677255,0.014614959863663311,5.0050561801850835,50.0,-1.9524819763628862,0.6599374821251218,0.27276368052073463,0.29540832411864526,0.12056775222104278,0.07730828323492876,0.00586494433303614,4.986312617103185,16.0,-2.4241465217194174,0.6804102140209509,0.1424815277329362,0.10177473203558932,0.04611031992966936,0.016841142663238284,0.0041486313776432325,4.750273670015772,13.0,-1.7183464046773949,0.7679283263843039,0.17647138753217345,0.3347487799248533,0.1784960232948026,0.05323286546542363,0.005786796645500416,4.699408998996296,13.0,-2.395650853534328,0.6595339825557078,Control_part1,v49p.mat
0.32733256073297196,0.08289965618316532,0.023994651498749082,0.022670263369422988,0.003957688468831895,4.386421444781326,18.5,-2.275375226054631,0.734031732812216,0.27857690738685054,0.08379871363531531,0.029664196111750033,0.03086580342321835,0.00692397143743753,4.607502252108214,14.5,-2.361001792009122,0.715433915894162,0.3202738284805772,0.08161065946652275,0.025587077700117047,0.01580543132555201,0.003054579054482354,4.315675025535963,23.5,-2.3052624433498723,0.730836369964603,0.32247842416743844,0.09599140924121659,0.03853947986123495,0.026872994637612054,0.006090407558438611,4.533171548418894,12.0,-2.3658542227451003,0.7252035409832722,0.32245620185549206,0.07386788751234978,0.03188078734493961,0.013466214283798243,0.002798540289053407,4.24386311560174,11.5,-2.3560987628327057,0.742938848559875,0.3128892716284804,0.05032893417004475,0.03252883763602153,0.019480549169531146,0.0055799346592049544,4.273461395247343,11.5,-2.4926398320289156,0.6980658305150276,0.36231139538723134,0.07077829295737062,0.020358995688516672,0.0171436457722547,0.004525953026553642,4.212465286071015,50.0,-2.2204859519523747,0.6818327807989106,0.28556217191072186,0.09855925185273197,0.022892607504519123,0.0183112022761711,0.003654064887275051,4.359810586474579,9.5,-2.502589965720144,0.745624633344754,0.3273138760823422,0.12577083101506076,0.030521089424963822,0.025245172775383212,0.005161832904709478,4.484009809636845,23.0,-2.2117168874645516,0.7346344323005403,0.2635808428309135,0.1029342561531759,0.043287489869336684,0.1364563584363663,0.04792760839382463,5.501384105321193,29.5,-2.013894037657674,0.5540208442094525,0.34513414637287304,0.06809073969131649,0.021192432480168708,0.023288801717871753,0.004338061121226505,4.298709407243156,23.0,-2.3188751468894804,0.7057771326423689,0.3228673114201173,0.07260729070778746,0.02908589536948195,0.03641024916607116,0.006291877990311753,4.551699891248343,25.0,-2.184137785382181,0.7164250847053206,0.3574249056640569,0.0617708961584925,0.014454433938648405,0.012900950195972111,0.0023792275184323585,4.001348121967574,17.0,-2.2527094038937596,0.7429474215743505,0.327056534589147,0.06377334605549849,0.020663098448859094,0.02846090933189489,0.007492908701491223,4.413716308552044,32.5,-2.0890800207028146,0.7027519813049965,0.3225659758388813,0.08024762816175728,0.02075513596115416,0.024168494485816042,0.005372687912378584,4.400441083273756,50.0,-2.0998366923051317,0.6975273789281561,0.2687670482045706,0.09383417642622564,0.023966308092944054,0.06338299325384636,0.019561472976723216,4.960109181406775,25.0,-1.8443661678458332,0.6989110270166792,0.3079035742464671,0.08044977908921196,0.02302441401922169,0.01717549635629805,0.0032224487066734066,4.348113506301405,50.0,-1.9511308116693389,0.68998574548645,0.3266322877054006,0.09949813999741713,0.05095684078794907,0.026682741316051844,0.007600018252480643,4.59136995928906,16.5,-2.3617026163165384,0.69427853660466,0.2990385432833965,0.10130374315874907,0.02396197906952829,0.014929685890832548,0.002742360587175179,4.359846528658478,50.0,-2.1789773936128407,0.7091364579550038,Control_part1,v115.mat
0.1813599665954575,0.06815159273637278,0.03421752341781207,0.02667159890973698,0.0037724084941840063,4.665050487413012,50.0,-1.9604396063947773,0.6728109872577586,0.2571221292189961,0.08297638212226872,0.041851910530687,0.03684926886237996,0.005819471804602178,4.753734644546489,17.0,-2.3826452896204793,0.7164859983548513,0.20399062279094468,0.11520597259426014,0.09015738398167572,0.030001506513523096,0.003838196508245972,4.642779248126789,50.0,-2.2410986725515984,0.6302113491661521,0.4071985461318679,0.2052324031443016,0.10029834038043832,0.06977432259405976,0.006927748283695956,4.862010589487672,16.0,-2.3931084390425688,0.7089876871280192,0.2428069481072968,0.11402759753779805,0.09636584909058143,0.030114170273083427,0.004050399657888598,4.674551490609514,50.0,-2.1126103183549647,0.6842652714010722,0.37982343161374255,0.19508114027627704,0.19171679465941535,0.07337130636285569,0.008841275759553653,4.887147141352568,13.5,-2.6561786099633222,0.6627497041568755,0.25107014394674876,0.10222753934414713,0.05705708451557496,0.03546353603067961,0.008942507588817481,4.648980601946031,50.0,-1.91811880683364,0.6477279852789115,0.3651478018848743,0.16134550780031673,0.14718619176424455,0.11945537473377006,0.03468003532461278,5.281367526967062,24.0,-2.35285270923634,0.5729066269376633,0.221512623859041,0.08715838285978632,0.04033512599148356,0.05440746302436655,0.015296162013845248,4.8982487520636555,50.0,-1.74232436802601,0.6008798830405212,0.3273463942768213,0.0870440459020444,0.08283068209680727,0.2182234146167318,0.10212773974170558,5.762867571354782,33.0,-1.8295523409921026,0.47825361353456763,0.16207951515862218,0.09081099885707575,0.03368569328974141,0.030125398184774083,0.004605648656862377,4.314442952673657,50.0,-2.013806992494514,0.6133917667606837,0.28323956857252286,0.08400472477544565,0.03287630155804617,0.03926018104904373,0.007702304968904984,4.734843429028659,19.5,-2.3811938672573403,0.678579510858423,0.19432878121308744,0.08347758019801714,0.041665486529642776,0.038663779553193396,0.007402627088080709,4.541912233002285,50.0,-1.88426424854074,0.6243325023257436,0.36062039380249766,0.14643495265447642,0.14844716350632065,0.09969231697061814,0.022744978794641414,5.142170654989969,25.0,-1.99471108686687,0.6715198949174156,0.20715368243941618,0.06352119549691676,0.02531523691496674,0.03087693754791475,0.009056387775209633,4.466398165658303,50.0,-1.7175374268811685,0.6299001756062327,0.3945342404352075,0.1374466435765708,0.12133609576498092,0.11989477463829716,0.02848344167273853,5.15694954379968,24.0,-2.1644658296274253,0.6396039117735879,0.2468165036338516,0.16359383087755044,0.06773936524017596,0.03671383671196488,0.00364300843171189,4.767983599048107,50.0,-2.1778509829675183,0.680646060174666,0.42185935739822494,0.19000223708509376,0.1113498287553826,0.08804622423931083,0.01930216830595483,4.934451851547335,15.5,-2.6063627028845167,0.6310867355589733,0.2422551985666365,0.11808038592935775,0.07445144703975078,0.08065188002657704,0.027002727615383554,5.331277046438154,50.0,-1.8332006768294056,0.6080040811992041,Control_part1,v41p.mat
0.3350194418588245,0.09719707640020829,0.03328212179556268,0.027177079092278407,0.006164635083463771,4.439255591732982,10.0,-2.5803966954846027,0.6938123310530308,0.37477913336345214,0.16905949694540945,0.05382816817556444,0.07205450155156898,0.014424074783335595,4.820147773278263,16.0,-2.549060432610386,0.6870086243006809,0.3297909481282136,0.08816129690761436,0.0284317548625014,0.017418082347778557,0.0033108257010369064,4.209767064274976,8.0,-2.7818959501509246,0.7340023266318865,0.32009355183464316,0.12587261659394677,0.04126601056358356,0.034151918789273615,0.0077690941974144995,4.603298342117647,50.0,-1.6824633627187178,0.6178468479638743,0.34677694070562975,0.07766517673085527,0.023388726506754685,0.016002860180691893,0.0030919065568998636,4.0951323754543445,7.5,-2.730476534864825,0.7627178965990693,0.3875687640102042,0.1251993686398017,0.0482687564892788,0.034097304544280414,0.008806340788150461,4.495241930795798,10.5,-2.4472806225766988,0.7389638085631982,0.3438752198150034,0.09408928896415912,0.036644550423980946,0.025320014206155202,0.005918504492175987,4.39312665429197,9.5,-2.622095186718986,0.7313967025817243,0.4213723331046888,0.16579450520201947,0.05851603111765944,0.03629359642752078,0.0058827099816706275,4.4686033204621225,10.0,-2.711067445780286,0.7466610865743184,0.3603789873544516,0.13879692833231172,0.05232701186891111,0.03185157753201578,0.004331181438093993,4.5413115778009265,10.5,-2.7609006682963178,0.7249611392223483,0.40747240578151145,0.16917908741776128,0.06458081371529252,0.057020174355320204,0.010432621111589858,4.649078212391686,12.0,-2.7248930321025435,0.7088451962053546,0.3407839069223244,0.1005194462171718,0.03452758464214326,0.031741146124262674,0.004751533385149331,4.437054381270226,10.5,-2.592953354906336,0.7319867298497182,0.3927498450900392,0.1534504618957016,0.06151648408362292,0.07123114547933432,0.014887973653564004,4.848607652548914,16.5,-2.3118235178740196,0.6923593544173786,0.32910347247961164,0.07314053067119106,0.02582045764108489,0.01651742865839557,0.0033993277057456656,4.100781030985032,8.0,-2.744413540665739,0.7461294905474749,0.3981141968543822,0.10621614571165629,0.03864879341056992,0.03923640890475411,0.013712361105901785,4.52927333428513,12.5,-2.3621342260795286,0.6854257892137036,0.3293996556248253,0.10623733421931651,0.03658056845420133,0.0410491480910263,0.009469947323020311,4.672470689083592,14.5,-2.478433860335365,0.6943890287052218,0.46010342476003735,0.1451659003934501,0.06421081964826962,0.04986176237086527,0.008950144129779708,4.544820102253899,12.5,-2.6104688068657613,0.6951874248754553,0.32505857750224243,0.13702108719716122,0.03942044150080728,0.02314512691823833,0.003640208005729594,4.498045955207552,10.0,-2.5907159945473595,0.7486974889209956,0.38453358884569705,0.16464467206733474,0.058437182448632934,0.03946923259239411,0.00682255547822355,4.704220216557399,16.0,-2.3054490674926185,0.71804091440631,0.3168392785316251,0.11493283292222746,0.040294433310792,0.020345137631311065,0.0035761280799829075,4.56507545808973,20.0,-2.0467913721782,0.7816845373441379,Control_part1,v112.mat
0.3432664825363359,0.1883369508415744,0.07676665114502992,0.049987305581932186,0.004343664472994546,4.737500978377468,12.5,-2.4845446461514356,0.7764388614515452,0.3297303330521831,0.17945706664896477,0.07825147471248474,0.08269031626070118,0.015108261625803903,4.985727916133425,16.0,-2.518101394692084,0.6934008090807267,0.35960295390239927,0.1524772583561952,0.08740241384035284,0.0723975145747652,0.005429316399938346,4.829982423507982,15.0,-2.5063563173891974,0.7456000377519537,0.4126033597397888,0.1724851718329525,0.11787611968811318,0.09297069368411584,0.010450776958220056,4.862081605850405,14.5,-2.8156903759192082,0.6874306947017188,0.3447873914784207,0.14043228607498676,0.07402554241972026,0.06292902179431356,0.0053793084029053915,4.888926131392822,50.0,-2.010490624878292,0.6875266211211964,0.42039509257297697,0.16522625810887395,0.1144836031519163,0.08737683339559152,0.011774382838614494,4.8739205956087215,14.5,-2.67106260498903,0.6839191915179835,0.346303735852744,0.1438218124920963,0.14334290832892876,0.09710329516179432,0.011240567782397244,5.111046371328177,22.5,-2.1965569349186884,0.6754433658703839,0.37423446733289856,0.21505581238892177,0.12946591183297582,0.08631730078395719,0.0034366521420579224,4.948231554887984,17.0,-2.4584327228522027,0.6926962881612571,0.31453242705493467,0.18795054657115415,0.09176187009873144,0.13043409243955356,0.02043100894389511,5.222164663385508,19.5,-2.3406976024686275,0.6665662033158537,0.23070059242395313,0.1437069032359539,0.14698025603200687,0.22508485232406722,0.09906120829332958,5.913887752925152,31.0,-1.9776176652831028,0.4956939052655738,0.3438825385243623,0.1767922017055478,0.06675115516997088,0.05063639540226545,0.005327814885697616,4.799087638378415,16.0,-2.3028560273880663,0.7475188822558003,0.3983721562848865,0.17270711894634966,0.07035826741006665,0.07917195952828604,0.013088825362127849,4.842370221539314,15.5,-2.5566982503757747,0.6834912365630754,0.3647876339635755,0.12898484135162738,0.06262879939158435,0.058636697726596236,0.005570780324348747,4.774203081871575,20.0,-2.2224957675153623,0.7259932202658761,0.250127813220191,0.06988860890789979,0.04683487389538628,0.04628752933951654,0.008609120247646174,4.7460725202402285,16.0,-2.9528502266036587,0.5928336094757833,0.3544870847138303,0.14950839305070848,0.08311862066665143,0.12957186333746812,0.021574851664890638,5.174376628726614,19.5,-2.4544022702926056,0.6503100975257929,0.2242663623384311,0.1062955516149385,0.06851360201392728,0.10996097113544562,0.021159868053632704,5.371476666626055,22.0,-2.2984756071369636,0.6390218079477371,0.2556199316208879,0.10608658959925696,0.04867422012726703,0.03865679512870444,0.0033470405038560995,4.778191646444951,50.0,-2.250627884436206,0.6990396970651318,0.3905620709811657,0.20417721681556716,0.13256315740832553,0.09809516494641962,0.010882348498243165,4.926520085746823,14.5,-2.852446268766827,0.7031595702928726,0.36276947715802194,0.1833977644859897,0.13338332776802994,0.0822987488118597,0.005010472866528342,4.97256218002093,17.0,-2.293549670176876,0.6995694881785972,Control_part1,v111.mat
0.19006568421606115,0.09941651601328828,0.038188633606206356,0.05572839407627611,0.003416068838400486,4.964228327743595,50.0,-2.0180701495069346,0.68467062074433,0.3477682543134395,0.08365546463268078,0.03571674686995237,0.03777688865042813,0.002816394256483813,4.447214077512349,17.0,-2.412851409734577,0.7429946217061567,0.25312112533853387,0.19188614701451462,0.07573786072519043,0.11334941027804424,0.004645916732548158,5.101746611260524,50.0,-2.1513586353508787,0.6253043023726401,0.4055241540682258,0.1330561941959983,0.05986160609263288,0.0845365462335161,0.003471253112868928,4.729247579668088,17.0,-2.453522795071576,0.7177451163843307,0.24319127802373045,0.1961854605524431,0.1186632003380625,0.07741748026081963,0.0048324100251189005,5.065214394180627,50.0,-1.9868551698679588,0.6301465359770853,0.40029661294087043,0.13132249787954944,0.06644351836584261,0.05401071757058112,0.003159862725003313,4.635057161140354,16.5,-2.4945908185045664,0.720662519341037,0.21614307947674485,0.15299451882598267,0.0760528912771036,0.0880824785130044,0.01162079369723966,4.954179900102684,50.0,-1.7712157947534501,0.5913104168838433,0.37350237681724857,0.137989139878867,0.06447667474170772,0.05818495668404452,0.0047126365507178785,4.744839981944931,17.0,-2.413952758594091,0.7104496527631663,0.2149765187335377,0.12218155492228061,0.06368213268407093,0.13537842720645496,0.04556595977099098,5.51003152133617,50.0,-1.4526211640402118,0.5376385186403729,0.3760857702859706,0.11587343791214263,0.05559815840288597,0.07122350856759611,0.013478204594617205,4.852223336813937,23.0,-2.1697145319347864,0.6838374632460151,0.2625071764610592,0.16161517496138947,0.06230516701196311,0.08909882032416572,0.0073153191394392915,4.978168835015185,50.0,-1.9059324290202349,0.5994584081011809,0.35773177655101485,0.10223895903844304,0.04487451489403242,0.05830076449087769,0.005442167440264208,4.6857430902081365,18.0,-2.199538009106116,0.7340520264899583,0.2273952069687291,0.17794444040708876,0.06103530365624418,0.08006666262839297,0.01137416580883449,4.9918001941061565,50.0,-1.684028390113925,0.6159164696293737,0.3552038706636211,0.09617230651196597,0.04020729671473657,0.0626003706886329,0.012659579202315547,4.795621419891753,49.5,-1.9949391020713647,0.6645191645376679,0.22844543972031217,0.1470857746765128,0.05669540734769303,0.09287089588063815,0.01807427554012627,5.052266121527691,50.0,-1.634848612328098,0.5883992105741984,0.36054923392208915,0.1027671970697298,0.04519042587190375,0.04664023587063329,0.006135618170058495,4.65432728478232,38.5,-2.1236597807104145,0.7010811796320081,0.24201798437697303,0.19149823285973078,0.07213549204779182,0.09173851399475554,0.004188668390372873,5.054219411386109,50.0,-2.014852641136793,0.6418350625574678,0.3889344741813166,0.12561946781231476,0.06433850455229938,0.05029523653878894,0.0035439440067915333,4.688421812218586,33.5,-2.1749556659090157,0.7061644943892282,0.2513151148472997,0.18187279244609722,0.09055308985227788,0.07571358011181936,0.008063777742526227,5.010239338583785,50.0,-1.958903255215725,0.6186426609439281,Control_part1,v47p.mat
0.25046086301801823,0.09714066985663536,0.04064250616426861,0.0331008031769303,0.003238111385196165,4.81752850560699,50.0,-2.0415104315109613,0.7060494441722864,0.42439862007100454,0.07762289923875901,0.017464926516037465,0.009605618339314202,0.0007878763051767219,3.7823956206552958,6.0,-2.846766820789206,0.803137727983798,0.2539679189621691,0.09218842623548312,0.05181175107346378,0.028887546719910874,0.0028446607804043377,4.747383518073054,16.5,-2.217722795499181,0.7641979096225202,0.45817666609342395,0.07244105381695669,0.017508811948225244,0.008554055584384032,0.0006080195003638856,3.638198148695683,5.5,-3.0814241788548866,0.822573976211423,0.22747779855471145,0.10553399790288405,0.10208118444348711,0.03828969470210849,0.003041792535211314,4.934372225677636,19.0,-2.2395999376619184,0.7385984693029413,0.41925033479931956,0.06339629325951922,0.02457311382627677,0.010227224205266349,0.0006848078364988424,3.7770074099201913,6.5,-2.993213077410786,0.8164889726312621,0.21669126016679147,0.09855148065126715,0.08275772529157943,0.03369421299390372,0.006446618067881893,4.954818262163988,50.0,-1.8938847234092742,0.7146562793880692,0.4328358596199475,0.06475933619593947,0.0162714259957802,0.008620264564844979,0.0005034923953992204,3.666603543777682,5.5,-3.0949280541710515,0.8260386846763521,0.38535535305339114,0.11283941395722644,0.038752055060878726,0.027987822840064895,0.003485254844643369,4.3927571723311,11.5,-2.145914933411441,0.7946025035079288,0.4201895524329752,0.05835461727777121,0.016064537580230204,0.010289659089032482,0.0010500672291415764,3.719726163444562,5.5,-2.91540878929915,0.809857574698692,0.21088921098245414,0.07919377699414884,0.027632313286001624,0.025542759558283733,0.004092716831943022,4.72105323427672,50.0,-1.7930088109606814,0.71120580089612,0.412900137952704,0.058440156540085116,0.012847938519890913,0.007190859643579862,0.0006528904151721995,3.609406403691707,5.0,-3.0367999484075034,0.8048046298429428,0.22543721967606103,0.08964402294718787,0.059311369329707486,0.03070820131507407,0.004029985555465689,4.865494650996064,50.0,-2.009273089982532,0.726408518964933,0.4195506173762043,0.056552355358858414,0.013765724914429405,0.00865714395674817,0.0009746093500598357,3.6636005456921947,5.5,-2.8177312831467467,0.8230893060568764,0.20490061334959797,0.07179731918101534,0.02481012880813323,0.023453927371023343,0.004587444513255575,4.672385902812755,50.0,-1.8664536339976703,0.7114445942299228,0.3958580025580372,0.060564375771633504,0.013691315577820724,0.007814221667832487,0.000622121091104456,3.6741607100396747,5.0,-3.0469469109041896,0.8282525051350418,0.24640616387248218,0.12207479671232226,0.08863493706271686,0.04211220414285337,0.0034240278229093007,4.930730705817344,49.5,-2.2023483117839366,0.7221930678617761,0.40592504945768443,0.06332761142007277,0.02624711473720303,0.012411481810256272,0.0013319343621026457,3.8691467037368943,7.0,-2.6674491098825936,0.8386686297362784,0.2968657139011691,0.13027941790845235,0.0875048317948276,0.051381629085592066,0.004216658375058304,4.8952518061699735,16.0,-2.453862211691922,0.7390553096733986,Control_part1,v42p.mat
