folder,filename,ch1_approx_entropy,ch1_higuchi_fd,ch1_hjorth_mobility,ch1_hjorth_complexity,ch2_approx_entropy,ch2_higuchi_fd,ch2_hjorth_mobility,ch2_hjorth_complexity,ch3_approx_entropy,ch3_higuchi_fd,ch3_hjorth_mobility,ch3_hjorth_complexity,ch4_approx_entropy,ch4_higuchi_fd,ch4_hjorth_mobility,ch4_hjorth_complexity,ch5_approx_entropy,ch5_higuchi_fd,ch5_hjorth_mobility,ch5_hjorth_complexity,ch6_approx_entropy,ch6_higuchi_fd,ch6_hjorth_mobility,ch6_hjorth_complexity,ch7_approx_entropy,ch7_higuchi_fd,ch7_hjorth_mobility,ch7_hjorth_complexity,ch8_approx_entropy,ch8_higuchi_fd,ch8_hjorth_mobility,ch8_hjorth_complexity,ch9_approx_entropy,ch9_higuchi_fd,ch9_hjorth_mobility,ch9_hjorth_complexity,ch10_approx_entropy,ch10_higuchi_fd,ch10_hjorth_mobility,ch10_hjorth_complexity,ch11_approx_entropy,ch11_higuchi_fd,ch11_hjorth_mobility,ch11_hjorth_complexity,ch12_approx_entropy,ch12_higuchi_fd,ch12_hjorth_mobility,ch12_hjorth_complexity,ch13_approx_entropy,ch13_higuchi_fd,ch13_hjorth_mobility,ch13_hjorth_complexity,ch14_approx_entropy,ch14_higuchi_fd,ch14_hjorth_mobility,ch14_hjorth_complexity,ch15_approx_entropy,ch15_higuchi_fd,ch15_hjorth_mobility,ch15_hjorth_complexity,ch16_approx_entropy,ch16_higuchi_fd,ch16_hjorth_mobility,ch16_hjorth_complexity,ch17_approx_entropy,ch17_higuchi_fd,ch17_hjorth_mobility,ch17_hjorth_complexity,ch18_approx_entropy,ch18_higuchi_fd,ch18_hjorth_mobility,ch18_hjorth_complexity,ch19_approx_entropy,ch19_higuchi_fd,ch19_hjorth_mobility,ch19_hjorth_complexity
ADHD_part1,v39p.mat,1.7422184914265033,1.6418949578118194,0.6093717524878838,2.3917024294693543,1.25083005980924,1.4892825953804527,0.3560877491301446,3.548438124018415,1.4593220866756451,1.5046739278284613,0.4562453360450968,2.6836451458684647,1.2221397165689019,1.4610988720360183,0.3423810345430376,3.722625398631169,1.483143610242415,1.5086307247362347,0.4699170710011336,2.6691667020028147,1.1972235951500574,1.4519186373599384,0.33743845283773943,3.6404886034975426,1.3263940892699115,1.4913445422432743,0.4358320473530922,2.386201043868171,1.1959054894603764,1.4625067254623076,0.3374772745239727,3.624324975768715,1.0199928831969651,1.4238615798800718,0.2977293987048435,3.425090317090159,1.1078347214770292,1.464835197686084,0.3232241018819658,3.347346999970442,1.68719425300411,1.6146011041826647,0.5795964530930693,2.471044615381473,1.186090912141863,1.4667461768654593,0.33904036210971383,3.469495279737145,1.3493671685210038,1.5204557183090937,0.45269903597352945,2.2953588128725757,1.3745225075931096,1.5713662503929464,0.4144573568409863,2.951452663057283,1.4345446311694499,1.525490027835341,0.4741426095706748,2.343782886981617,1.3974449763721042,1.6271236401468723,0.4404015005743258,2.6625502344828447,1.3015963481521604,1.4639268635776417,0.4159091355524142,2.5593937749234934,1.254029599619817,1.4636875739496753,0.3538711274400569,3.7175751376884727,1.4129951319845935,1.497137638212898,0.45371342622333627,2.524076439234061
ADHD_part1,v21p.mat,1.3118574498593265,1.496659653070769,0.40717424957311626,3.0635217329084736,1.3927455923611132,1.5032881467382644,0.43215189702555423,2.8397390477960895,1.2410835720635247,1.4306933628510194,0.3975813573385251,2.5654791589312516,1.5032037403264042,1.5060750071500284,0.47341051102928566,2.8085560037760207,1.0130203740328838,1.3733996728217661,0.35270133616849514,2.389563665659815,1.5421700219553922,1.5170485004142402,0.4980927574448621,2.845471078616971,1.1000089842725314,1.4199808006052201,0.38802559031495343,2.2636196036431,1.5553752086916783,1.5391970174670109,0.5033721460695596,2.713614083992094,1.7901685053177987,1.7561612730275413,0.8454432139233383,2.0673955459685343,1.7028767407215293,1.629228380360778,0.5980959763025983,2.5101168720426674,1.5654327694623422,1.5257798450635482,0.5076396085126976,2.710314283004027,1.4257059643491155,1.5131011726468935,0.44032905855441223,2.9628314292910622,1.380804471074411,1.4718320524821251,0.4303037911082814,2.776685170146407,1.4218605637160975,1.5255833878948852,0.4410945079236813,3.0073062264210026,1.6103433199170785,1.5468219794475946,0.5346775042927634,2.6586050432816593,1.2177373431114846,1.538259146294841,0.3501403176047455,3.9154462189955686,1.3555998212204226,1.4403581632525135,0.4152565900236777,2.824871742231389,1.6309877406807773,1.5516624140327124,0.5559398959369253,2.674043028093977,1.160716675422543,1.4330518147040108,0.3934261042164845,2.359834738259089
ADHD_part1,v19p.mat,1.3773737919651619,1.5722087288517945,0.45514227247535666,2.474524514388679,1.2074629180911414,1.496523938385696,0.3758230992631577,2.8808502305115478,1.0812660677186479,1.3974114921381136,0.32384718620386066,3.121531483568196,1.176684451329034,1.41450805788543,0.34079757553559,3.318417979312705,1.0675448696514662,1.3803366938379744,0.3176804370095333,3.1752729772959203,1.0499589380212115,1.3783057281707691,0.320216506416247,3.034128021197025,1.346244528506778,1.465192337346136,0.39773856519123807,3.116399678435546,1.321625286110533,1.4496443476088765,0.3801087200169258,3.4664618984715,1.072154673547724,1.431716099667691,0.3513145121181618,2.6484726254510607,1.0521923160516589,1.418517911121093,0.32000652332292717,3.115849004409751,1.041918361022316,1.4006358742706677,0.3188109534175207,3.0945143621736615,1.1371270495474488,1.432147886274097,0.35053456214251577,2.893930857599369,1.0612149282084773,1.3872574193135565,0.2995821299038012,3.688261819003064,1.2656122532084861,1.4584463355420259,0.37039122620853737,3.2363926821433204,1.3456488413853576,1.5050187311663292,0.42469510425540624,2.6377967804020876,0.9216864889356877,1.3566419183887073,0.27241610998788673,3.6731847961337563,1.513769502858949,1.626611128256482,0.5740670077604806,2.9351709674257096,0.9672800164717819,1.3528500175859262,0.2870095923072403,3.3479340675447204,1.23198445903583,1.4288456521556538,0.3662544719937573,3.063118486391504
ADHD_part1,v12p.mat,1.3579517363752234,1.5939527355775092,0.48420253801384816,3.392955683410311,1.0743512211001973,1.4084260182149488,0.3133608870930731,3.8279404846981584,1.751992799727633,2.0481763003488958,1.4757448235061716,1.2644019956645656,1.8607376244341793,1.9895318162236666,1.3604605118190463,1.3635873044431015,1.80068887471133,2.033188797670217,1.479647998631674,1.2597046924390984,1.8568712810076082,2.0011178597850203,1.395272806343089,1.3305278694874942,1.672133333961594,1.9874516781631464,1.232023858628541,1.511569760559721,1.841350728800843,2.00435275024907,1.3985048295092966,1.3268018360790912,1.8827282307674578,1.9578154504167997,1.2420271687537232,1.478815206654895,2.0065485797063696,1.8604094468309256,0.9988409030337928,1.7246358396875445,1.7364172534489777,1.830014318227903,0.8662156419426609,2.07640776039967,1.822171901448816,1.8238229450991024,0.938764218522968,1.925680688241675,1.5536166276246108,1.8491397332189032,0.8501455749921034,2.163732963662234,1.94822482687215,1.8971403131011388,1.1233867211080795,1.610454790634928,1.9213202426135174,1.9702546867762782,1.2451353040536521,1.4690143626068104,1.9532951908131642,2.0025400725204987,1.3089317577075712,1.400273862614411,1.8178792627096545,1.9247881546096313,1.1845932921083897,1.5581880383603541,1.8847566249637575,1.9428312892214892,1.3245741860506965,1.3951219220588322,1.7258584785066278,2.044816795722629,1.497952689687394,1.2459196883904549
ADHD_part1,v40p.mat,1.3402357525137742,1.5666557928210336,0.40550137713042805,3.0824528489681047,1.6740397853143856,1.6610696694888858,0.5877300243465093,2.215150209644434,1.2441869585782093,1.5207697383495813,0.392195630037986,2.74824260229171,1.552535471588731,1.5923144159071887,0.5300001811800548,2.235841992903625,1.1635487720075917,1.497479864814327,0.37391672881821253,2.6709027943185815,1.4380315959267502,1.5733520979247186,0.5133041709713912,2.04000771263929,1.2018897168706606,1.5100062212449317,0.39137211478009637,2.5864304283816657,1.4603016043574963,1.5680555569104935,0.48894016878086827,2.3747980267869413,1.2837504191583666,1.5798650803119285,0.4120013169713351,2.81076636634327,1.2722374152952889,1.5414472424849466,0.3823135203523392,3.1883653791112625,1.2029036435422529,1.5251701482562872,0.3639478805001598,3.217715570193444,1.630869900140385,1.64187304693669,0.5679901800621162,2.1698972857266465,1.1677443210592626,1.5081956129192957,0.35707656464982906,3.07416025254041,1.629199245214581,1.6372281818634673,0.5595043625334415,2.3005004758594283,1.1189787133987807,1.5099302431945196,0.3495607521785809,3.0442723328074406,1.8392700429244977,1.7454170045556294,0.7172259838093835,1.838084940439348,1.2128629193469447,1.5049683172990813,0.38237660871793067,2.762174390699553,1.535509978353483,1.582712329704299,0.5322818711606315,2.16081533739453,1.2384812715313487,1.5247119589776605,0.39385402657028185,2.758049695897279
ADHD_part1,v28p.mat,1.9725516609162108,1.851145761235029,0.8416335247922455,1.8562816690827018,1.8952028606687383,1.8181172642046415,0.780210117180621,1.9942030784446785,1.8204656185686767,1.7270351752058128,0.7650451412427486,2.1877318859956647,1.8408784067543555,1.7308873384691594,0.7682548070805614,2.1537685434560756,1.84334263430173,1.7130401015206136,0.8125209563859412,2.0937052186891503,1.8191662732012794,1.6738853957518018,0.749771981467225,2.1893569240600064,1.838462681959653,1.6751275153409497,0.7590018714627129,2.157916316872833,1.8979319472105605,1.7445638548413176,0.8402750423379233,2.0012911039959085,1.944582595335656,1.7671227629066744,0.834783132555018,1.94643444413885,2.0432426043325975,1.817056807649392,0.8926093311764555,1.7287455006037358,1.836136997714573,1.8415659563164937,0.9057476239241259,1.9429435429834412,1.8246391896759881,1.717585781943035,0.707963536855574,2.2032281814882797,1.908087483691542,1.796458016674092,0.8745041031741542,1.945107266524515,1.837622486564804,1.820712156517374,0.8396118869150938,2.0171131487409246,1.9553059848401517,1.8085257606077816,0.9384409316893252,1.836553053996445,2.0637632096278287,1.9039980060647952,1.111904718084108,1.5626293765602974,1.7003031549759822,1.6310653571444795,0.6044813073149675,2.528913062675797,1.8466834598658899,1.6764701727591,0.7815744914240004,2.1254726554689705,1.8016407547294175,1.6384445167899158,0.7099552214121926,2.2591879349895727
ADHD_part1,v6p.mat,1.841675660142613,1.9042137065974691,0.9943316562611932,1.7996793940821962,1.5936544205012941,1.9173908976001264,1.2388452299479369,1.4879018988746424,1.963509785499884,1.9485543374562135,1.2320282473203394,1.479502686478529,1.9909652938185776,1.8992462286981315,1.0952161488245153,1.6333473431136716,1.9270362312989544,1.9636050249345494,1.2889921279028653,1.426757155531469,1.9561400032793772,1.8491775419539604,1.0372127684213912,1.7249616825914889,1.933701728531899,1.9944150899026507,1.36681923220602,1.3502154358315417,1.968765861522633,1.8718511264220443,1.0905620084295171,1.6537851280274598,2.127481795768288,1.968379269871741,1.2443487714842008,1.3931380082659262,2.1422953576333414,1.969539515172432,1.2769520038293631,1.3863632293865353,2.0190830978283545,1.97931037339292,1.2963386278094255,1.4028082340168735,1.9418800852279716,1.8501419700669919,0.9772320528866251,1.8009181115700594,1.9282696326442386,1.9598064547159997,1.250627478124661,1.465178517036675,1.882727273413285,1.80544393145026,0.8740995453887037,1.9697463944832803,2.0566050322233878,2.023356422286606,1.3747599814546847,1.31812020947135,2.0641747430589232,1.9025061330710626,1.069240609254394,1.6188682263139238,1.9529102425380467,1.921420674489895,1.1833075427855808,1.5340029992644033,1.9899184107369576,1.8886458984667085,1.1387805133156095,1.5946058807868146,1.9164849336284844,2.011314922044343,1.4120954308031202,1.3101603756915958
ADHD_part1,v20p.mat,1.3660881403330625,1.5668546773890386,0.4287727045407139,2.8091356344440848,1.5009586816360736,1.6112622319713006,0.4906024916140562,2.525888736035446,1.1771561801681854,1.492577530280014,0.37883083844688664,2.653647784832957,1.2376889196284973,1.495400619430185,0.40212552012122804,2.4986892272387893,1.4003957581492394,1.5359639542009176,0.4348332400401204,2.6890911037085634,1.3485080060562935,1.5298517224226307,0.43441785662268206,2.4912360349598024,1.2446783004743098,1.5403600204454218,0.4157149376546023,2.3795953994481636,1.498172742847271,1.5662301747382918,0.4711222599814478,2.678401560977888,1.7414225480176935,1.701514151155227,0.63548432462693,2.4526105784633887,1.766872521701929,1.685780487155561,0.6406098769766092,2.3561524625127905,1.564566690312565,1.613613526749663,0.5050174367024511,2.812831989302099,1.6306446031625228,1.6408861344467052,0.5498394007020971,2.2900741432527973,1.3655738575261473,1.5510185636498266,0.42551471324930173,2.7454859647125227,1.6164725177718653,1.6120512932363125,0.5260138149180544,2.549942889440185,1.45865884885814,1.5870470716228406,0.46112404009812574,2.684486904953367,1.5115294809652835,1.6013896072776668,0.4922690548392658,2.430574449665216,1.4727438162157527,1.552644534783151,0.456505255832423,2.930122215265141,1.637943487523967,1.5999089518962801,0.5378750669984437,2.6152541202523842,1.565824124734677,1.6032746207768036,0.5002636403496145,2.700610718586545
ADHD_part1,v29p.mat,1.1102186121416522,1.5185442865644538,0.37575216880589074,3.388332746528605,1.1113933872229076,1.5105691194377482,0.3357760077783017,3.6717419827831246,1.3845296682938915,1.592226767019437,0.4295958354231744,3.34182602585415,1.462942234865467,1.5860369439958941,0.45528104701733285,2.7938264457949527,1.2308645055730998,1.5091970260984195,0.36638010260027964,3.497528127751961,1.349659804845142,1.5348168616764986,0.40468178654606723,3.078669252202817,1.228435153702459,1.5192408769954469,0.3754763645638937,3.1667210027137807,1.5189182073845884,1.5966994655385014,0.47441942484282507,2.901803289709607,1.428742650002779,1.6026194424615685,0.48803744960530165,2.498347648421991,1.7240621706382706,1.709244683510712,0.6107159026379109,2.3677411597921014,1.8482167867641408,1.837033248244192,0.7407711089521395,2.114212710041274,1.205828132689175,1.5197205329796735,0.37475360185310763,2.909567355448575,1.099508751707794,1.4800071515503084,0.33594799524399455,3.596785211912161,1.4138478798131038,1.620671310935904,0.4668930959601859,2.63901980479621,1.312215304561621,1.6228808799293055,0.4638109160695532,2.6885842177343706,1.5358551006402128,1.6872396520439705,0.5134136568311272,2.4004260128528982,1.1021738836238892,1.4796863010860837,0.3380836613491296,3.2717628859364787,1.4465619993443246,1.567533719796417,0.45311958247730805,2.755719282332107,1.0904757810135548,1.4866351569249474,0.34624929476739236,3.1239525213859367
ADHD_part1,v8p.mat,1.8928266606606758,1.8315044224326178,0.7949118594170871,1.9691578257241502,1.7322631854012993,1.7459599612652354,0.6618660519876942,2.3412814305927085,1.796661645363045,1.7268349223801278,0.7636955097866243,2.204757873777327,1.785342264570632,1.7374387753371276,0.7781162631801638,2.1833721650838407,1.8212669466570484,1.7831143224718047,0.9115277807355144,1.943116825578123,1.694658891694261,1.6337257622067696,0.6303976387653146,2.5064906527974418,1.8356827939432545,1.7643914168179033,0.8456341399593806,2.0368855185017227,1.832498693256853,1.7595847821327328,0.8307687782832296,2.0455967089239224,1.256721560273954,2.190086152979976,1.7778497227237515,1.0569959062209522,1.869439744244314,1.7569338951525366,0.7502638382195627,2.0959845487003137,1.8559475962477316,1.7695854172522807,0.8127080368841746,2.0742956547927913,1.4035840801756088,1.562944827064763,0.47823198943408746,2.221336228745508,1.7909973872757696,1.724184030052791,0.7414658597996046,2.2579989634661204,1.771893654548582,1.6871343137241877,0.6474299039289589,2.0132952559262645,1.743124790500512,1.7201534977898605,0.6768104356055088,1.8449707710574987,1.9022793931168973,1.7728875101909332,0.7526699160480708,1.9998452774481608,1.710069924649777,1.679826513592129,0.6899812484644917,2.4187870545588406,1.3920791607534269,1.4831116581690802,0.4385213053096464,2.6283464506874727,1.2927367008607944,1.508972013988521,0.4378721634863495,2.273792571561089
ADHD_part1,v18p.mat,1.0865455993703814,1.4897787676876753,0.34742195734259185,3.183533514459006,1.016322262726514,1.4684108025781355,0.3230621726035165,3.6584648287398225,1.3555767531754723,1.502555740854963,0.41437278018092766,2.9532299556905546,1.3411926829263239,1.4934578429772565,0.3999348151172444,3.3625026834966767,1.4358830770956712,1.5106110491612303,0.4392323073450581,2.908452922460672,1.3304149114666783,1.4712880955019068,0.39967752478256713,3.162498033125758,1.4748315627269362,1.5297314194854397,0.45099499009149424,3.019640732035222,1.559667822667361,1.569802734340259,0.5104504211820892,2.902268154157663,1.3065742525712425,1.5077608784418997,0.4154038613562662,2.741155585379723,1.6495410528244028,1.637080144413221,0.5623552289607824,2.4909127709260264,1.3839551400762882,1.544823104203975,0.4351548269234187,2.805986303578739,1.3080944852584366,1.5048827297274352,0.3981016375657216,3.308844227061787,1.4663059763860447,1.5514660631400856,0.4656604887630577,2.689831673577531,1.2279063064307008,1.5060151714786028,0.38374100772227987,3.70980503270309,1.604281880288788,1.6501622504312918,0.5789338347794017,2.1202534544997684,1.7233324954220235,1.7026128725689385,0.6179573142820062,2.3832944617828096,1.1752941461822295,1.4402766845196184,0.3604041528016219,3.0177875849696227,1.2933682603791272,1.4597584329664166,0.38922152156192225,3.0797176334924896,1.4972524751488514,1.5283464858457403,0.47441502557162313,2.620037635275929
ADHD_part1,v27p.mat,1.570705343778044,1.7185213771347256,0.5968997820889757,2.810861418263971,1.5552698227520838,1.7662445495837074,0.6670985482207816,2.6343500550935692,1.8603734252683877,1.8307237401570347,0.9346346816806606,1.9046632314884988,1.8763519041912788,1.9241369332707499,1.114539735657902,1.6425693286109324,1.5961970197423856,1.5935861109586023,0.5798858447011376,2.8179023801758762,1.7668766661097326,1.8131896534788512,0.8860195364104524,2.0310882714178584,1.7737025824837085,1.7676822345011054,0.8028129074274953,2.179995332658563,1.8101692783176029,1.8657161296080247,0.9741993014111014,1.8643017562699093,1.7854676653590191,1.7319642926869656,0.739447755519218,2.2834364362913577,1.8752569819084277,1.8297819641246085,0.9095172785193449,1.9443636546287228,1.9490066061757405,1.9241650966830999,1.1194922693910143,1.6174181460870536,1.8228926153713312,1.8771663580906948,0.9398527800012624,1.916046670496332,1.788446495342085,1.8328493058711253,0.8996924147890001,1.998952449430921,2.020045813790426,1.9766077093472747,1.1922422478487125,1.5126439759662444,1.6668797428322195,1.7402257282552775,0.7321565327488807,2.403394015636219,1.376526352205266,1.6434761282457804,0.519429776451191,3.2212571656248197,1.7679695029279925,1.7894307755599517,0.8556987208814538,2.077194762804419,1.5713098556011538,2.1355178228300766,1.5303503448918316,1.2213942787010719,1.5225444304975904,2.1392686982008766,1.5116369993792422,1.2374587525204888
ADHD_part1,v24p.mat,1.4459772092825363,1.5800563794490952,0.47120620475808617,2.6406754567719877,1.243378906859271,1.519126439742676,0.39780837565473987,2.9012452300666456,1.509035372408245,1.5536398477221487,0.4812699771649742,2.6910666851852816,1.3049234743623188,1.4922993689992192,0.42015085139232683,2.5953616000288067,1.5144708835802736,1.5465779999060874,0.48186708959313446,2.712472456530882,1.4709170241980822,1.5305643364599821,0.4734536285949901,2.648047066755537,1.5799869528046293,1.581226644094815,0.5143427734261589,2.6236889929386567,1.6279427107542963,1.61400018125136,0.5798558576614488,2.6120602082565374,1.6101410993086822,1.6096954911978116,0.5390349309934114,2.4953223061337,1.4948925141598584,1.5628263704128222,0.49813050102471196,2.494052876902478,1.5266086060773048,1.6019083850865925,0.5143990854853733,2.5540493058843867,1.2485087875174705,1.4845915923310893,0.4061432433294207,2.5916874546851743,1.5612006316215576,1.58754693139212,0.5100759238313763,2.5569321596936088,1.478197036677758,1.535957728109878,0.48079690904691813,2.635182466964703,1.539390180664221,1.6274772383914187,0.5334583384492882,2.243965492938424,1.4588364482813034,1.573850232423018,0.486228304510777,2.4490775103098166,1.4074577286329064,1.5088833073383838,0.4415325340471934,2.7175778445840697,1.4400986417182824,1.5246453508831623,0.46608584578150936,2.5656509240680436,1.7140046795429846,1.6925606358692218,0.673571440468997,2.4435100731156836
ADHD_part1,v14p.mat,1.4708226797982236,1.72216346295518,0.5818170591635434,2.873480082523881,1.0951724762861894,1.5094550354147693,0.3446310245463159,3.9531504037605734,1.8962543330634407,1.8408340761805633,0.9836958984096954,1.8035716654124485,1.6556228460089812,1.7383543592955943,0.6909141459894805,2.4810856848390213,1.8721470036593724,1.8821044772533868,1.0529101005906947,1.7177627203557468,1.4998695098834096,1.5905867476673754,0.4835400075566896,2.9527719033161013,1.8853243767654906,1.9254981343233033,1.145775650980692,1.5915774249320047,1.5754836503483354,1.6719017655935087,0.5844472112487689,2.8118243099035842,1.8105739071806095,1.771155091648629,0.8108459616224487,2.0931307287953866,1.7130076151851172,1.7209777548890193,0.6560373675213307,2.4665139435628305,1.9164688817705926,1.900661688270076,1.0322821270108635,1.7279282290098623,1.4718643679944763,1.643195322702513,0.5013316495815341,3.163199204609026,1.66450670974067,1.7196058306344926,0.669457427263058,2.4969542036295236,1.4988600008235582,1.649351606488504,0.5193951615036115,3.0524714214456274,1.9349249061255476,1.9013787176455395,1.03788750274848,1.7111503703926643,1.644550793871324,1.7931153208381305,0.7173684736453748,2.431084902846006,1.7369420618470546,1.6883155668478045,0.6782197213213591,2.400890798324121,1.6371774292907988,1.7138928045225705,0.6689286125523752,2.5454780095514664,1.754728391443372,1.752664024918069,0.7546123853458818,2.232147009272668
ADHD_part1,v15p.mat,1.4179444749282988,1.5484799349117575,0.4382006320668085,3.200292436553203,1.729980969018877,1.7092347777948962,0.6823723084065171,2.3914522998687997,1.591970240388532,1.6239795788634024,0.5888903255631239,2.7923841348116074,1.6580807929202193,1.5882695241630453,0.5697998872725429,2.569251904458723,1.585616408803216,1.647636527260586,0.632561420296236,2.703757593710731,1.3752585053006516,1.8967880559792305,0.8201786906149812,2.253738234033256,1.56873872028277,1.6141280242355784,0.5684650159045422,2.8747185494064147,1.7131822697321981,1.6480511874129407,0.6626346068353511,2.454075216036264,1.4627881422231348,1.5236582136702377,0.45747305503819097,3.1815661615121664,1.871507722471046,1.771342536256083,0.8138862351652758,2.0771467396717034,1.5998231017818307,1.6248940629408408,0.5546817573216298,2.8069461841810455,1.694419512243572,1.6211177530449974,0.5868595018673216,2.425414953086522,1.4362089668088096,1.5239670074018825,0.4381727949288232,3.1284008247755657,1.9225617129677577,1.7733472021698047,0.8269530669053079,1.9783179276701,1.8734477929089337,1.7981104290413361,0.8167005311372713,2.0613444102076426,2.0208936143558374,1.8297415803364614,0.9262812173755592,1.795111541506447,1.5951937614237792,1.623517771466518,0.5955493891051968,2.771024326614146,1.7706476038702377,1.6888642166272119,0.7461603481068778,2.26195963602304,1.7100538042051765,1.7494725676671081,0.7909795096763157,2.2340520524565233
ADHD_part1,v32p.mat,1.6669917830978536,1.6594357943565752,0.5756194253452211,2.5271329004588585,1.687195028837742,1.6927749785465283,0.5932007350837505,2.345099524246472,1.443339381846207,1.549036639037572,0.47207925068498696,2.3902652362794785,1.4615799699405105,1.5554258367681595,0.4629025619708928,2.6449468763260935,1.3108793808022163,1.5140336585986118,0.4410831650143695,2.295261967480125,1.335197203503406,1.516674891976619,0.4578807777044897,2.26626931685256,1.4852635409700143,1.5818407942205768,0.5003003814545463,2.262303504507302,1.429063649491543,1.5528307842221922,0.47895771145587523,2.2786118194044946,1.4296239610237427,1.5763521449965947,0.4991359580238749,2.1138887683401,1.5722402659922219,1.6147284853239199,0.5342899368041505,2.2563738440875167,1.8312208910220056,1.7173301406987789,0.6803456323607666,2.1309666126793396,1.3328753140176004,1.552457310398861,0.4456306531572931,2.395984733079291,1.4459939096840109,1.576471216051345,0.4880399812270143,2.2362549935732563,1.645683115859081,1.773084439425302,0.6230064153762688,2.0851106069244216,1.7349255114978215,1.678852700694027,0.6126963033508883,2.1613711181038453,1.631147754127701,1.7919451894082223,0.6425631012066018,1.9547182855452745,1.2584323330779728,1.515593662636121,0.43956091863219976,2.188605737382556,1.379703864841359,1.5358071371721156,0.46428612354899335,2.276062656224207,1.385039050836335,1.5563338502684942,0.48097065920639376,2.1472287013540896
ADHD_part1,v1p.mat,1.5910997650784209,1.7389349737977429,0.6638163520332103,2.5592942930665465,1.570747306919623,1.639207371091081,0.5670336951632113,2.0243579180919418,1.5426005129334959,1.6987152412917892,0.6551219016875397,2.5207348779643928,1.1655491411686234,1.5037327403982375,0.5276694941640755,2.449220263895219,1.80020940286622,1.7242945248156643,0.8372792632165768,2.0551609575533636,1.53901774012109,1.5194151232196837,0.5042350116305299,2.5787054278829844,1.8967353230790058,1.8270185675763364,0.9903509864779905,1.7719762221393618,1.4101698871450532,1.5373423673115276,0.5191483923849802,2.366679287466203,1.8967796639475445,2.0467722653253047,1.4932031522840121,1.2402843088551292,1.0847977191555862,1.6505284760031984,0.69496931751427,2.2694013055676203,1.6757884929519733,1.6423391114793469,0.6367689971950996,2.4974096300317514,1.4864274348597815,1.5343207257065394,0.482279433969049,2.458731814563745,1.929186964281981,1.8934764948233977,1.0980786630055022,1.6301584641013016,1.3269927716979866,1.4976717462460543,0.43746499941161104,2.4857282982516287,1.811313356046428,1.9133965009168723,1.029250949653068,1.7486383548690307,1.6729553873554552,1.6362585686788094,0.6010351900949015,2.05039591724503,1.1727735286876677,1.669451457618736,0.7541350952630124,2.0756477847274977,1.5931864602582508,1.5248560755540026,0.5263275277067638,2.603490128369074,1.8226990530219709,1.7460732853442,0.8252475387017049,2.0373447138130625
ADHD_part1,v36p.mat,1.405138833156995,1.5649326184723886,0.4292012716931783,3.301804813074607,1.6073012721847282,1.6804436376238405,0.5391975114040862,2.391413288006357,1.5634530441830194,1.6061513350554464,0.5232521082769982,2.944393597687219,1.6722401268726683,1.6573966867288608,0.5671406860504514,2.332096837641445,1.5228359633445039,1.5712201807668886,0.4925112181460106,2.9537078802604,1.5304052009743363,1.6088683239298385,0.5150633279537163,2.272296493883411,1.326279828270967,1.5233838259824353,0.42198358716632955,2.5973929738685673,1.6472133893692238,1.6744822399932326,0.5931153568861208,2.023032615950843,1.8435907500270021,1.8679983393863997,0.9102048870696737,1.4313912662045156,1.9154334483170183,1.85648339735059,0.8697963108509372,1.4892788035208628,1.5378896805685258,1.6043286059317188,0.5092816650803035,3.041589469247707,1.6390957080585178,1.6758612752596769,0.564363408366848,2.2182708545140493,1.3924682582993144,1.529994410226027,0.4315902215848728,2.7700569540394153,1.8013648424438324,1.7290028665638204,0.6640403320473223,2.0355599757464353,1.5353771885263754,1.5989920963187905,0.5025169782514718,2.4776027430111216,1.8184781248483457,1.7410730428619123,0.682028957807091,1.9735065075985416,1.3831930114788369,1.5120336841572959,0.40949392778387245,3.1259952163840854,1.6484409922312873,1.6414687187550547,0.570878197276239,2.1789059468563288,1.3926613120265485,1.5443758792964395,0.4462544448836695,2.52860716811824
ADHD_part1,v33p.mat,1.5748335328647447,1.5967134845597692,0.5124463211152961,2.474684944628218,1.5807963504736988,1.6471195933577414,0.5268463919637009,2.3207535609098398,1.4643992998638486,1.537442732452016,0.4808311211880285,2.3778971516239173,1.4214480530898403,1.5358089599623754,0.44819322932966627,2.5788507541518166,1.3717444446061124,1.5008056438211401,0.45463858140007757,2.34738686429119,1.499468369066724,1.5697272589832514,0.49228805760834393,2.3782203616898028,1.5146653798251557,1.5544487658044603,0.5001647900812974,2.3546488474341603,1.4054018286446173,1.5401669864476262,0.46727218656978453,2.3413512155584413,1.417069339500857,1.5294834836028819,0.4518470201636721,2.5826937950499196,1.491119225559236,1.5838595858299884,0.484409584844435,2.4584340389792576,1.5186012016338113,1.5840939115953856,0.4851270603066497,2.5661790545890444,1.2743741397226391,1.537520088489447,0.37497561794527734,3.1611970197568313,1.5223020601672075,1.5645488080726715,0.4877826004311894,2.5345120076883,1.266793782102296,1.5550077568909355,0.3697826198637023,3.3504538596450373,1.477351128104849,1.551359191125372,0.4647986876785276,2.6368768130332216,1.6411991943977977,1.6370458807829116,0.545656699794772,2.3803619613078895,1.413458969707662,1.508667875055085,0.45425887390315184,2.4817061203963857,1.396312191566385,1.5431455258377427,0.469111908310492,2.3025656270247166,1.4330341591281686,1.5292743863625329,0.47110346859940677,2.3797720648909793
ADHD_part1,v30p.mat,1.2930282390678802,1.490252795924941,0.3851265033920175,3.0962469600673277,1.3007234178479057,1.519823052111534,0.39586911845668304,3.1017295752083482,1.0872950415519758,1.3948673816121888,0.3585077993030592,2.5311460872104434,1.2024506481446444,1.4485206348539408,0.35520817604114785,3.164753882115114,1.3204457496825701,1.4366617187172928,0.3985701572658546,2.912532718500262,1.3432546225749413,1.475568375356188,0.43469203886158153,2.4999031492466623,1.1244427337260388,1.4133472488090897,0.3400757338354531,3.0011168739059166,1.4337155962281911,1.5020362268531822,0.45300927722699064,2.6561441950911657,1.0493691999472836,1.4123539199751534,0.32553956814089496,2.9815561941986273,1.6268067422378412,1.6327661591247404,0.6080838757110345,2.0774296826662635,1.4935222440214986,1.5214076407112662,0.4636681484062477,2.939419761558549,1.4145777311077885,1.5316745052176652,0.4391952286477413,2.7996630279579864,1.1773459729929505,1.4531015388768396,0.38509842914468745,2.5385316165010368,1.4535355840766115,1.5510231895724917,0.46435847316673345,2.763997972740808,1.2873085239999167,1.5603124899293082,0.41895727970757907,2.7948910563884093,1.6568497008076957,1.719210108512961,0.6969635603541529,1.8816330358270617,1.0613503546497625,1.4115100175243855,0.3498036271967034,2.5483787907101956,0.9083460373798662,1.3670664864122177,0.32301317967693466,3.048011525264859,1.129789605617304,1.4277272244541417,0.36677353809137403,2.597018641194461
ADHD_part1,v22p.mat,1.4510476841146125,1.5392548438861284,0.4826198957691395,3.1329352791169813,1.407812390125252,1.4791207860692794,0.4455045685107318,3.0463016628058748,1.6571548979061754,1.610594979057119,0.6372244440599012,2.464420440923478,1.6402424202247747,1.5971733732024314,0.6107642458829678,2.471488377496478,1.7040264887297036,1.662113423556227,0.7095166387010328,2.3085858867106883,1.5310144157419057,1.5281160352674847,0.518563513687754,2.4397477809310106,1.6751550361354202,1.6039818359930607,0.6290502720237507,2.31781597746638,1.5662201776651035,1.5396463252049883,0.548114354661507,2.4198136837030746,1.7528131256957131,1.6852723587799026,0.721227524908179,2.153549523440943,1.5281771891650888,1.5443866283393424,0.53299682190935,2.2810771498066975,1.5832335339957857,1.553317260031143,0.5374527111202324,2.5432427659467196,1.321625513911092,1.4778535702175242,0.4082880332216744,2.925565968753117,1.6701394177548083,1.6482765761009965,0.6244085438639589,1.9713864445631328,1.614663060094082,1.5592640304979777,0.5665136328180922,2.402399118396582,1.7084971602635122,1.6283829958314446,0.6265499818593608,2.0749912142516407,1.2522913313541526,1.5175544768274583,0.4778639345691027,1.895191021899954,1.4115391155370975,1.4807970351760877,0.4721999305545347,2.453792240782843,1.643262493690174,1.576301076395889,0.5828529253930701,2.4314001243359264,1.6373612123541745,1.579712737401967,0.6036231106140186,2.3911040835849766
ADHD_part1,v31p.mat,1.4857463337169943,1.4950284668566798,0.4789733433220014,2.618133254625682,1.6934692486685092,1.6064857949312674,0.5903158061651259,2.212371122199066,1.4178190921771527,1.4538728274658612,0.45785719967116667,2.5680519943619435,1.5774686538878795,1.528456103911264,0.5387809417465028,2.2408075618887686,1.500541331156672,1.5111158636763595,0.48869961353895414,2.5295942712059634,1.6283387445437603,1.5767315018774406,0.5667735292533457,2.1853634500420616,1.6277938417948663,1.6138854153970579,0.5730656060804603,2.1961357263930434,1.658182226014957,1.6271791461039318,0.5990890450737721,2.051327974409598,1.9186956131035808,1.869054753391602,0.9331508912208791,1.4156004906909514,1.8514833024781954,1.7887547531132835,0.7897403094005198,1.6051381081128986,1.649332005969165,1.5842728416997172,0.5638434171240453,2.5043593351875666,1.7478160344807518,1.6512556205211824,0.6388691281166103,2.0527571855449964,1.5680982169085431,1.6150320057637404,0.5231059557742129,2.4647178555338085,1.8084969286302455,1.670336633420237,0.6737580656063311,2.0636282960241785,1.776540505718856,1.7306613375595492,0.6718475852236663,1.9974353534424132,1.827509862535738,1.6962806129162076,0.7006635727931895,1.9167059524579562,1.326512632660592,1.4254364012585838,0.43379114068535174,2.498006890970295,1.7255708301688415,1.6147023668217493,0.6164695988581801,2.12439020020562,1.5262938790623455,1.565884560199638,0.5217435100802764,2.2805809260254617
ADHD_part1,v173.mat,1.7256404936903813,1.7600013927501836,0.7079639062349048,1.6376122108893967,1.694658267453736,1.690921299218269,0.6266821903102479,1.9175565688771692,1.562780993956875,1.6464895245441387,0.5833396367362901,1.8847878146409756,1.5354616983648395,1.6538957014036384,0.5945458197423337,1.8097100822230185,1.5564381730134969,1.5526268767910398,0.5084902618612896,2.4397892012813385,1.4111732725685289,1.5798885661066793,0.5248047268277465,1.9389381394788043,1.501419547243251,1.6090931946852283,0.5274414056141667,2.2063594667114383,1.4259101446801683,1.6041040241846187,0.5162980058320212,2.035687138535192,1.7922704707950627,1.775158520247289,0.7392106558776504,1.6576398979282554,1.5712257488730081,1.6786367788651366,0.5930196581783733,1.8897910770329818,1.7764118373653073,1.7318384213430338,0.6582811633803269,1.9725221461153835,1.703928513348406,1.7394361381458199,0.6705726147665049,1.7207274432332953,1.822133286576463,1.7716488210612036,0.7456113443654404,1.6397155775743966,1.736757567935653,1.7216614287996088,0.6647455527794999,1.8008483273333105,1.7944089054810748,1.7838374295912904,0.7582499170419128,1.6107332112834838,1.627611621808283,1.6690057310803978,0.5937190904758611,1.9436405781130623,1.6507365538779837,1.648891113605828,0.5875510687544767,2.0350728269420886,1.4374366838535622,1.5674917520150775,0.5224363900774424,1.9766265524253481,1.430544439727873,1.594831797358396,0.5205526432804465,2.0226917436058676
ADHD_part1,v37p.mat,1.3194918118083327,1.5451288398791514,0.4315151740158,2.596991467991723,1.2909982926660408,1.566666533299259,0.4373963097415121,2.405289518623275,1.4498673872725298,1.5755484071350083,0.4920152760748037,2.2843834704068735,1.4647739595236207,1.6094979189544425,0.5155739250143745,2.111046967303971,1.373808943327735,1.5511950735612532,0.4798531242924462,2.164839967261224,1.4023997101451,1.5824881170138585,0.5091667421539452,2.0059432741350762,1.4422751498468385,1.6170400381451115,0.5361560772577074,2.0085958366134986,1.4335738361174064,1.5979517798755951,0.5148143551127047,2.0973046016908543,1.722304395161844,1.7525703645318012,0.7089350182456592,1.7360102394708403,1.756848139739648,1.770129881376334,0.72894917717255,1.6869656656898535,1.2993309262369896,1.5207984906694358,0.4165172968063899,2.6646615550269765,1.2247871742872483,1.5684672981844785,0.4241294808695814,2.5813496717191504,1.415782293442878,1.5715307330263553,0.48440909104097274,2.2558933279191655,1.6396569288726468,1.6708647731739692,0.5912526340962762,2.0807921472201767,1.6682285572215854,1.6932591970540014,0.6239780683453865,1.9278095171341625,1.8871407831404783,1.8747974146026827,0.8994161599160444,1.4134380588335695,1.2776485635988983,1.5475672758312045,0.46411867123002243,2.1053446534092743,1.4605025941942436,1.590174636359905,0.5234788307520571,2.05054354008591,1.434545613126283,1.601103013733965,0.512785936935898,2.102878091924551
ADHD_part1,v25p.mat,1.0235222574792404,1.4763474316488208,0.3215213362218791,4.013842212136032,1.7085067644180238,1.7188721219371703,0.6914252675846304,2.371463837581159,1.2450386984616766,1.5243203253515736,0.3740507101412984,3.802309640178436,1.8493668973652335,1.765733374919527,0.8133089542015977,2.067782585729326,1.235619476138242,1.5172062546098173,0.3680695070991379,3.799281080579844,1.7886006375946781,1.699689090340694,0.6940517393910808,2.2595492024863866,1.330883846482397,1.5970361893844978,0.4155989186193767,3.530670383406847,1.8513195574404984,1.7581464250347179,0.7944770828256376,2.0718796592804485,1.376636638162743,1.6242197686896702,0.43861348521023114,3.3220457928392646,1.933815534660945,1.824358910323336,0.9147514874357608,1.8470345168403437,1.256101990104844,1.5759786466880523,0.4003071735629588,3.809153405464349,1.892386582856311,1.7866393489779353,0.8413844858727895,1.9850824591959313,1.1725091004871522,1.5770619682101794,0.36444529332365233,4.08022381204138,1.9223990147039896,1.8216174561386589,0.9165011968990955,1.863378696416947,1.2580067421513044,1.6240749502682594,0.4108278721499893,3.7678601830610594,1.973242674634883,1.8788263201474258,1.0267695168470932,1.693695303337746,1.206443203577328,1.4945996845843905,0.35350253010071797,3.7596567878208234,1.8070828214648786,1.7088298352477085,0.7309333956756418,2.2020363870430852,1.333966621510989,1.5795172953732073,0.4136282434571763,3.4697860535947522
ADHD_part1,v38p.mat,1.3496434548104044,1.64449884547137,0.47557991530561333,3.287866022903012,1.0188871873985494,1.4905401155906624,0.3301407548778763,3.697589986770503,1.6698476602590375,1.6536281850541044,0.6001028213482501,2.6301600422938294,1.2075577942546762,1.499242559171064,0.35418197622006564,3.651515885569305,1.4974835676878664,1.5656957671224487,0.4781693758866735,2.9556454374873944,1.1152883582385216,1.4695931144924974,0.33038298761889257,3.5674995755254244,1.5451301780910747,1.589094623842765,0.5017279865453207,2.5287118236906316,1.0758655236082069,1.4667758967524878,0.3354369130825057,3.206681006196409,0.8682224986525586,1.4596237246520662,0.33553869793428903,3.427320970770797,1.4564916125734766,1.639549299306334,0.47871598938341203,2.5030716699126523,1.8689686939182915,1.8251307994086856,0.8779256603539519,1.9562575911581015,1.1029592379573883,1.4832838436619284,0.3328283165998301,3.476541580159113,1.6246546520388452,1.6278864915812787,0.5454588746499835,2.7472660932833723,1.2770601159602757,1.5547972364333307,0.40758731403175313,3.256739976842741,1.8709784807888248,1.7802319019316637,0.7364336634951706,1.8027597296420181,1.6968469404315885,1.765331123425496,0.6040082359217086,2.2017357360944,1.252657961407825,1.5108164672515854,0.3765587069264619,3.4027371491874288,1.300127221565889,1.5264979126961884,0.3928598598566899,3.2298635413745704,1.5681625422295342,1.599858417127715,0.5105276705032117,2.559564609010693
ADHD_part1,v3p.mat,0.9507883192908215,1.4984857831351077,0.2938652342399091,3.970617601620955,0.9381779079503216,1.48399233185745,0.29179947504610654,3.8116889449269995,1.5781901487319874,1.605731868520567,0.5192584602103812,2.904990063228743,1.6373315664126338,1.6161589625052746,0.544527105035034,2.535320304528658,1.474439013233491,1.5893912908754764,0.5135763268089681,2.1115724638017555,1.4864534876800177,1.5726720291525869,0.5091897109920832,2.168685772115594,1.5157905982242563,1.5883321361399128,0.5185713094339786,2.181786695450849,1.4925768011400145,1.5717482746798142,0.50716866743937,2.2925739565204637,1.923146163086705,1.8125999239901442,0.8205519006428121,1.6304009625083917,1.9262907483911045,1.7791547757572963,0.7786755676549487,1.7593071106884683,1.6396333050833247,1.6715252999322645,0.580665443271713,2.7490704634617757,1.4059227048397132,1.5715352827276285,0.45497560127938297,2.487880781185469,1.795418609580369,1.7642933333226087,0.688624300900999,1.8193294188962545,1.6541568219715863,1.638004763666522,0.5536497134210961,2.39362876336858,1.7601130218806222,1.7174069922039452,0.6393489912410814,2.183307774082457,1.8057204304799317,1.7021269361024325,0.6608799144093599,2.0520373037905904,1.5052497327331844,1.561758024655785,0.46598123856189705,2.9218579660732367,1.6084552497619562,1.5845988897580365,0.5424610188455513,2.289378938443298,1.629399074241463,1.6039211356695946,0.5464518208949184,2.403182681155696
ADHD_part1,v34p.mat,1.367053165884311,1.5433466945183578,0.4278915364737955,2.783955898055907,1.3464840824841549,1.5597492089487974,0.41195988260398525,3.1136995040624416,1.1398978669988624,1.3912219830610921,0.36832652915524805,2.611151094189269,1.4253727722276648,1.4772427125686434,0.43072334609546736,2.9776721140042874,1.0795138817354535,1.3819073827304456,0.3591114006901653,2.517537279143848,1.353473355706424,1.435939378737411,0.3984573892623927,3.1572530982858664,1.2703767517271989,1.4446853068223555,0.4014777446427335,2.6510853592998664,1.397596398768575,1.4693046153715703,0.41579010570645863,3.1449313017272913,1.3243867012540278,1.4809488057825257,0.42458096126647615,2.5312545675310543,1.5076585046543576,1.5379376524673256,0.47057606144459985,2.750593535512279,1.441729947555273,1.5103005693776734,0.44809105412415334,2.7581226478201133,1.4640216766870697,1.5221352231219012,0.4533048434153312,2.835980016453158,1.3044636030791064,1.4451110576270092,0.40351747994052395,2.753536660930909,1.4544342565076116,1.5127558735450672,0.4532540322918272,2.8402764015747737,1.366320923561751,1.4691844683401676,0.4228372614976237,2.7483869374777767,1.6144651584497804,1.5959812026375892,0.5268900150449489,2.5747598843458728,1.1042298925207255,1.3846175299083066,0.3706918808377976,2.4357496375060705,1.4327415031879829,1.453653701275605,0.4334138770381893,2.9570898875127254,1.227416102066524,1.4376296598785263,0.39391937741464444,2.5694618147327715
ADHD_part1,v10p.mat,1.7243095794086303,1.807094411820639,0.8161345061731337,2.1466635458879075,1.6613141578037478,1.7295640373544856,0.668033885046454,2.4588819052594935,1.8278316970294375,1.8188563865210374,0.9200760059068064,1.9234913742965747,1.7686005628221535,1.716051762449402,0.7329601410562394,2.2590785079038174,1.8281518813189797,1.80675973446737,0.8982204990928141,1.9502332642325426,1.7926856876048936,1.6958607397913972,0.7191613032302271,2.193569477499496,1.8261654720192837,1.7632211079380238,0.8361798396623967,2.046892353910361,1.8064180840038695,1.745054135105481,0.773025050784471,2.1675936204498205,1.9360618685820015,1.7760143327336142,0.8235774109861479,1.9492270110899952,1.5911312210126827,1.6284458663977321,0.5629020671171714,2.117508357167162,1.8543649052745472,1.8421161735474227,0.8659592006716124,2.0106783134104473,1.5465275773434302,1.6000767965055536,0.5108480428093187,2.5612839291960534,1.8639280320958527,1.7657940742281018,0.7871761814115189,2.0962190896389883,1.8964192256855048,1.743407716049481,0.7568929831628065,2.003784183693762,1.938646028136553,1.847530130403877,0.9634683820099941,1.806651690499867,1.9205967797950603,1.779652037027885,0.8001753933635456,1.956693856345783,1.5838792261867383,1.5675709846115056,0.5230475264510712,2.7390328197673224,1.8034437642217025,1.7235791806571676,0.7551906053072317,2.1812811930474103,1.8215449298714415,1.7445013646869971,0.7885030469632279,2.118468765190052
ADHD_part1,v35p.mat,1.5194753972410666,1.5403635395014923,0.505951655706244,2.3633468573916363,1.4298686505283245,1.498540772730974,0.44234670446775737,2.7992399207553826,1.4366027809484718,1.5010315074624097,0.47835051455537286,2.3393736595459766,1.3021345572861915,1.4364813238446343,0.39344390962354825,2.9496193504813526,1.3930772395917734,1.4744698251303594,0.45601037642111497,2.429368126766499,1.3474169181928182,1.4339129824808081,0.4100195376713719,2.915763231318167,1.501644305094473,1.5375255870183968,0.5053238606425079,2.301966407284473,1.3320083041511048,1.4515975994224743,0.4100287910211927,2.837990386643486,1.4735495480309786,1.5453247861273716,0.5043792210995729,2.225958007412011,1.378353733673177,1.4969203267818003,0.43765601902714896,2.6047598049903455,1.7159670673741392,1.6105733550574481,0.5985118399700751,2.276770133344147,1.4010840498218933,1.4991544459745125,0.44980638038007664,2.598433577526486,1.5805025763146303,1.5441844743580615,0.5207564664526814,2.4376320661602078,1.6438478741881681,1.5761897349807896,0.5548074064169259,2.6510953189825988,1.59179018273267,1.556126126214983,0.5205294024803123,2.5043184383215227,1.4462160983302779,1.5094321724194946,0.44872933896563527,3.1731181947526577,1.380672142736711,1.4839567407423762,0.458758231503207,2.3535137297919206,1.2866375400330479,1.4144159888849137,0.392889482789746,2.861608464566273,1.4970894520143037,1.5349801583776645,0.5001236340763953,2.329222772669692
ADHD_part2,v196.mat,1.7526311116202242,1.6864219897186332,0.6343193233052049,2.2732542797757893,1.633857808282814,1.661105722948028,0.5945891859007116,2.0477046654267728,1.5214331481300896,1.5506557863565744,0.4920911709937391,2.5890188290036082,1.3006194230833446,1.511972855220043,0.4522759059559516,2.255067608222426,1.5726848191947251,1.537868395574077,0.5081600630436904,2.645221968991402,1.353931894298646,1.4706277043564564,0.4338466174475488,2.5520239635835327,1.77057425604323,1.6502030275803763,0.6354186047660909,2.3530151304968436,1.4133644343597407,1.4926128674947996,0.4404206294687001,2.71213510378842,1.6214752577808245,1.6045833248656292,0.5458552614743378,2.3343837010831523,1.6692513330227428,1.6447860668090057,0.5694626562100705,2.3190709249838624,1.342628339758956,1.481100085541774,0.400516876847608,3.3314482576113993,1.2313327969533816,1.4886713046835853,0.4002785897832296,2.612248896918829,1.7484957359170865,1.663703851920846,0.6660724824388815,2.4170314480020303,1.7683778232286889,1.689630390413268,0.6421267986603586,2.1026425459503923,1.5103423416083164,1.614657846428709,0.542255808826482,2.2234801285095545,1.7008757420935323,1.6765941645589135,0.5927668814860327,2.2499079263650317,1.7544373366815664,1.6944349856771883,0.7660197420756764,2.2310819569160523,1.5615295339156026,1.5246484454415594,0.5014325626194407,2.7325446038090146,1.4536711646792924,1.521392767134552,0.4662911084356042,2.548259245929191
ADHD_part2,v179.mat,1.580712027164858,1.5975761135417579,0.5546353605239094,2.2406388866579343,1.7370801464495997,1.683484130352513,0.6516411797893236,2.0441591345222627,1.4206950394871658,1.486662480665092,0.47554461994006714,2.3266594928762876,1.6393911886154475,1.567389717025033,0.568059373911109,2.2511722065877873,1.6490925628807407,1.5837961838155505,0.5588824572903223,2.3209144496174954,1.7011895121196474,1.586881515382662,0.5846729523696088,2.4142165393206816,1.759658815882072,1.6893298153267164,0.6453187134203195,2.0397050990647747,1.7510552471241736,1.6315240119184613,0.6217793823353817,2.3380130926198563,1.831442475157143,1.7324268485849414,0.7201711454679484,1.8117335145948448,1.9131228732255705,1.7497914866808277,0.7661468914453173,1.9536787549439683,1.4192562296197346,1.5671447899961926,0.4807281531373083,2.382310410905755,1.5237828293906954,1.5839477223682359,0.5155066256842564,2.3861707443789255,1.5173496571355995,1.650668606317578,0.5193500535566234,2.3085261948279743,1.9599541423409015,1.870888220910339,0.9248192530556576,1.4349655530971752,1.7572557081746387,1.7303395553547993,0.6994387998260415,1.7417760702482314,2.020193102980456,1.8342009126251442,0.9074074521932305,1.5839424428035247,1.4034630316491663,1.4680799154601312,0.4643324973365407,2.409458050217066,1.6999577328831421,1.571433379269788,0.5872022811348736,2.45612505211954,1.6289931943050622,1.5933166791659177,0.557134356630534,2.276665886866194
ADHD_part2,v190.mat,1.814692372191863,1.744141969822984,0.8095604588471581,2.151087004224921,1.5103974907001816,1.636205573046367,0.5216334270442619,3.1492989521102865,1.6653935665567756,1.6823885406149182,0.6631328303642381,2.5849468077381474,1.558459746371585,1.6012305228798525,0.5253088547004102,2.9969234034114876,1.800591945482494,1.6999542603723503,0.7273228801790698,2.291818533350449,1.2989192145570478,1.480340564266867,0.3862634708271085,3.383460231032954,1.7954966542676756,1.6959932190021454,0.706757001760512,2.315644372657679,1.5605023136584202,1.5779526577648435,0.5159548130490628,2.952413828052778,1.819316585698334,1.711018589972731,0.7178401119640355,2.2392601974982074,1.6624961152382243,1.6245837472104883,0.5697893339483283,2.6573612310537555,1.8637950305336384,1.8279713990188686,0.8944098064340179,1.9825430434530134,1.4081342018347445,1.6568402263262927,0.5050803266877683,3.283301042492409,1.9716207694303334,1.8564477226908815,1.0100510347754066,1.7477319426500073,1.7160732195408999,1.7610204024860188,0.721083921166064,2.3935063369580045,2.0037455583863952,1.9046425362826138,1.0979413731015062,1.626154972600829,1.7982404710244575,1.7920028153659997,0.7647462521087703,2.238936827575095,1.7427760950897682,1.7108942536647127,0.7353734090652926,2.3443113800457276,1.4026243618637229,1.5270431330556495,0.42809568611800036,3.3313287457847167,1.7805061835191571,1.7690610770179858,0.8331230743982596,2.1382174443014517
ADHD_part2,v236.mat,1.0546227929530412,1.4359927748024162,0.3185737702381633,3.4553608389810884,0.8111923084926116,1.3682417014848256,0.2710974402150267,3.370901821250087,1.3003231757349991,1.473770406119817,0.39217885767992433,3.054078091680915,1.017286119670863,1.4185479095378286,0.3169396066575763,3.274689508357876,1.3850370228406526,1.4864808590060234,0.4230110042559423,2.8918779007215143,0.9553364708513761,1.3902574630553965,0.32083546280761677,3.1300218369674346,1.2895670977111329,1.4903341205623422,0.4288027760108089,2.446210127444543,1.045215220409613,1.4265507994657116,0.3361876190790254,3.0344502936591082,1.378126752442594,1.5118766205181675,0.4480116202863429,2.478253773744235,1.2440893262987558,1.5272344302794305,0.40203667192119463,2.7560277037583414,1.203502057441593,1.4838912403361495,0.356048863196284,3.4117166555425866,0.9954496440083354,1.4393695841097933,0.3179822989565508,3.4094341655432316,1.410003145583501,1.522370094558848,0.4376859426312707,2.8981640131167947,1.0348379865469512,1.4298517221271414,0.32570666150461886,3.4425496677190397,1.7712203992725346,1.7026626511450769,0.6567913383142838,2.05413369399148,1.1009537476977624,1.4766615262490919,0.34794897732068486,3.219441557569044,1.2411048598783485,1.4502378128967557,0.37371843734582444,3.0317225452405077,1.0016499634209737,1.3842578974053192,0.3241761300935109,2.974230089867103,1.2221955884846816,1.4413699814409602,0.39648377668306917,2.549689160145895
ADHD_part2,v181.mat,1.5021340946851294,1.6514226483927588,0.5312421821291881,2.139367350423539,1.5494556498273893,1.666332014448937,0.5501313429706117,2.1230914962611624,1.1628545331221458,1.4827660325999479,0.3908916831775271,2.5458170775422175,1.145097399475845,1.4665540695576313,0.37660464658496534,2.619923147798107,1.0855326629870734,1.4502102452438197,0.39341058933222917,2.246630512861924,1.0677768340363283,1.4264498064811801,0.3869650757174019,2.3083894843039543,1.1908544033419388,1.4574183351128795,0.39160424127035354,2.6670938104743747,1.0794831644185434,1.4308205701924712,0.3635577341760816,2.706409805443764,1.1575355639873797,1.4565643900399867,0.3712110695196546,2.8097398753870766,1.4216318055141275,1.5951705063120405,0.4900707819918183,2.3144964405647968,1.338414082460285,1.5807366278002142,0.5255231022945942,2.38694377431743,1.207159887532852,1.5375427561460526,0.4218346559539256,2.7277502847136286,1.4000510694200998,1.6827202262089185,0.5121920015102855,2.291496019293469,1.2850183909193968,1.5846604306516097,0.5729844271788848,2.3301178109503944,1.3427818836024805,1.5882819763682126,0.508140916929258,2.3535572498522592,1.3105253913942216,1.557443910084545,0.47189013062818536,2.4663239958478917,1.0509863967163962,1.4113675433851505,0.3419136158168116,2.697655797734358,1.0398672256396027,1.3496706214921208,0.32018446719796445,2.9901633586009155,1.1544944558813222,1.4020726510946755,0.35159487200043804,2.980502283697229
ADHD_part2,v263.mat,1.3094113546837334,1.5406431798540279,0.43916725880788454,2.5060491787651333,1.2169046868442877,1.539335759890343,0.4008821248203106,2.697197594728107,1.2801731168508463,1.5023929051545275,0.41514264519804334,2.58697123912328,1.103501837226181,1.4817145833862153,0.3579025981005068,2.948566249066827,1.0657397842221048,1.4683667463856909,0.32125093671158084,3.3293176345134023,1.5062189783706894,1.5975660829359246,0.5348643294073095,2.1546296217629113,1.611072269234862,1.6479055534620144,0.5587385819236708,2.2111806629609094,1.4697884533220003,1.5917251986256182,0.5050281245090223,2.299898061170053,1.713125615311931,1.6933155301874503,0.6553069870745205,1.8840024766464127,1.6213244814787755,1.6679978252473329,0.6007945063844339,2.0423542736041873,1.3005487452801496,1.5441701107744739,0.42234894715371807,2.641129194100166,0.9211701602201168,1.4336822880954052,0.2870965155036681,3.4663705301295034,1.2124486083585033,1.5180441824535629,0.37903715867745746,2.918178148809633,0.9090190345111551,1.4940096425964613,0.31397120603445333,3.566229927160653,1.7201935327976434,1.7028137135736947,0.6468988967188538,1.9205095510414774,1.5517118612302845,1.6544501814395205,0.5472473862658825,2.2652971131339434,1.3196311571774033,1.4850505670231842,0.4332154988540944,2.4510897688481905,1.3032132631047832,1.4990572483920097,0.407219395186948,2.7907269072915786,1.5643830791671975,1.6117288967574195,0.555636826073589,2.1378315865429225
ADHD_part2,v286.mat,1.6862742103104464,1.6902496927953976,0.6052343636954778,2.1472939855842474,1.7683001191027996,1.7322127971898045,0.6631362593039327,2.0002536419455215,1.5650764062169125,1.581607389917688,0.506418095195477,2.6910274953785915,1.6185153357184188,1.6610282979034185,0.5960590443316399,1.9709495148691847,1.656612083433859,1.6190856380651397,0.5743710880615839,2.6395425830486143,1.4475014826275716,1.6467657394962036,0.49037023373794814,2.5821853608735768,1.7610037934692642,1.6491670494343074,0.6493882786600752,2.367432850576673,1.5374480390078404,1.5757088646498107,0.502218742421537,2.504326871289134,1.9616350019181512,1.8850824787951876,1.0901337106684346,1.6325636882034325,1.8294489364521542,1.8335240591014434,0.8560395048285034,1.4530239517142456,1.6892123675156778,1.7133640787802562,0.6089465834750127,2.3751374973705346,1.5930273377364181,1.7023040264158957,0.5623867940769148,2.436015143539364,1.9319386299680792,1.8089207196551516,0.8176627599315522,1.6954942150344643,1.6550618185331052,1.780568890650087,0.6204346007082915,2.1149859635486137,2.044568097970119,1.8785092793160272,0.9571737001004951,1.5574975530103565,1.9325710077573675,1.8877490079495853,0.9205676550482355,1.4485547613315808,1.7566170245798602,1.6497305228730628,0.6349730510553832,2.253704338619988,1.5784451218286772,1.5604232530890534,0.5194637846371302,2.466844524217185,1.604414456642937,1.5622543863325624,0.5247664603029049,2.595765664729645
ADHD_part2,v198.mat,1.61342625560897,1.643463518896322,0.5527495096131031,2.244216575664456,1.6104680675742715,1.6682829565281616,0.5942865941532467,1.9649646399163878,1.4366856983958378,1.5318483762823536,0.46096143819044855,2.5048711325060857,1.2344851622456945,1.4823561524648188,0.4137065803512549,2.4289912017405415,1.4386212414506683,1.5255025741530426,0.4676833038734444,2.422474994438376,1.2700267632398017,1.4640455041973697,0.41375818027083927,2.466677028900588,1.7287836573703848,1.6115147920245003,0.6058021638271982,2.3936706672189043,1.3634434218433138,1.4904729622127997,0.4455554262413991,2.4277405632256097,1.3491202702370644,1.5467930450761171,0.4910752990160294,2.062501952878519,1.3179007000772334,1.5459637945209508,0.475457692515757,2.1309506964958222,1.4277267400924094,1.5818368123102675,0.46258566737468276,2.557686846327264,1.4717531068204623,1.5878029737957642,0.5180998678322409,2.1891248909483463,1.6194941506424128,1.6369207460592776,0.5767970158990232,2.1858224553611163,1.4039426449174939,1.5513591542651988,0.46432879743371347,2.5058601951783523,1.6995142778198877,1.6951535825134523,0.6678880367658457,1.8617008359418876,1.422273827744256,1.5670613465358598,0.4972740930035138,2.296354022498921,1.4159690269435732,1.5123623965941884,0.45193611989881644,2.53926017863124,1.3057574630421218,1.4429057679978448,0.40890371622419436,2.651336300068784,1.6920463934800631,1.5832043094105754,0.5795768230303061,2.419633912871864
ADHD_part2,v213.mat,1.2454761989863554,1.495953494108212,0.405462816693595,2.5515856237818637,1.381831796226201,1.5593952786406036,0.45701822214014526,2.440580294759112,1.3701488111318731,1.5088826541082772,0.44291199506943757,2.531590529565418,1.3931810945897105,1.5470750468204566,0.47078626110253186,2.2898098406436405,1.405439151804151,1.5138653563947049,0.45171234738824323,2.5510140409799926,1.3097406340262272,1.5198366859413648,0.4352674600060068,2.5716144420843916,1.4425044726147824,1.5469920110791568,0.47143702595619486,2.442126383317142,1.456016344061533,1.5535891675483562,0.47086835307366826,2.494063417024519,1.744320874827137,1.7122673137337028,0.6566327130811167,1.9121658277856428,1.7244582459943718,1.7176683473745826,0.6438585736470771,1.955509368182618,1.3689552451206848,1.557485245985237,0.44931634675474535,2.463731184289297,1.3742972839178882,1.6471516867929266,0.4799939601149329,2.418980183205367,1.3589741217258071,1.5525013486794332,0.43086476064460544,2.7098291411792945,1.376798713857161,1.5967643186850005,0.4295769344512145,2.9213751466348694,1.722685762536404,1.7092760904817124,0.6408548224575118,2.054480964752088,1.8648818493049806,1.808372999811116,0.7566582924986947,1.7881463176484218,1.405906432007173,1.5069374236045745,0.4496656148732032,2.5471837957572148,1.3814112017989117,1.5045610255417499,0.45141686082897803,2.435515281347426,1.4733225087697837,1.562010486557808,0.47856285619331906,2.4723271069271675
ADHD_part2,v288.mat,1.3585041985410142,1.5231962004552604,0.4295566555828956,2.602376290362115,1.2646578393148022,1.5422184912599806,0.40595269880779045,2.689714015665581,1.2160613725438276,1.4707703209477438,0.3695309635809454,2.915525093258086,1.1040311526386928,1.472280598518583,0.3419629867852498,3.0012877573445644,1.3181474507298114,1.504540143304762,0.4214235029434392,2.532459486088817,1.1294261312062357,1.476183077583112,0.35533861268694217,2.8435558742942435,1.30835945665277,1.5214450958088692,0.4207732490201656,2.532542567934778,1.1893235959682258,1.4949834395316288,0.3864670227767105,2.667002077453685,1.5504671768195548,1.6184858166089753,0.5416452942857151,2.1336916197796767,1.5379724418592295,1.6471358162676948,0.5394806958550745,2.2074381120523747,1.2190952920508487,1.5037105289721102,0.3657053787922056,3.0579005140828204,1.2726074223623614,1.5540167439046455,0.40933298302263826,2.765795406893104,1.0578905214703531,1.4688664109140697,0.3242496055323728,3.3799160771907895,1.3572015523686316,1.6387407658163313,0.4322273253264853,2.800853137998682,1.6021096819348708,1.722705842547686,0.5730498972435302,2.171054445434371,1.6134121294895962,1.6964380180541396,0.5637016350573413,2.265042708434426,1.0614766446304564,1.430703771047527,0.328065813912002,2.9870274998033572,1.1901658512927744,1.4750368602292812,0.37485556625675814,2.8193318593233827,1.299334061192741,1.4959942744283705,0.4208144092407422,2.4823623158559447
ADHD_part2,v265.mat,1.528321662443246,1.5657607447705422,0.4897592188179372,2.904785367032792,1.5437090179305857,1.5969608094744459,0.5104519947940207,2.4220630134251966,1.4872496013668317,1.525272541545857,0.4692237563164686,2.9809823428252735,1.1968984344560263,1.4543258848686007,0.3749544089412145,2.76421969981498,1.4814516751647733,1.529491140577229,0.47205715476808724,3.071523293411685,1.244926949514014,1.456038725746579,0.40477581215396274,2.51729961279843,1.5133611783266905,1.5211802189422112,0.4842197407623727,2.6853629562761325,1.2814257868849643,1.4827002339577222,0.42412789766596837,2.4218645499685945,1.6026106886614593,1.6142788691412284,0.5490916128622365,2.423799613762495,1.4214967760566304,1.54255461664765,0.47135544177270605,2.3489829655578847,1.4921833615895443,1.5907666767119673,0.4874900584180631,2.9917918005826265,1.2836528392112552,1.5162188824343519,0.41341033705010477,2.7330550165506176,1.4332408141822182,1.5259157387386528,0.458103476911777,2.742668956215645,1.3541475004459484,1.5489046143015035,0.44672918773216513,2.471314600727827,1.5952385828047544,1.641297831337884,0.5517674766874522,2.7081985642415454,1.4992259263960115,1.6163423269010422,0.5080426516336052,2.336404075094679,1.4952292536921514,1.5096219096264594,0.4778704855619663,2.76688428764779,1.2652045919967807,1.4553425038034866,0.41001523626747527,2.5077901692533975,1.5699824119411185,1.5375474280523782,0.5178501588330926,2.770168755002153
ADHD_part2,v215.mat,1.7282131690918305,1.6563330153532223,0.5938220122089126,2.4028444111018707,1.3371183920245135,1.5460862923149372,0.4491097111522197,2.384631984269728,1.581277994364577,1.5733194516278033,0.506374717967098,2.613883521595961,1.420966419479738,1.5489099615213417,0.4596183898788893,2.4612072628857304,1.5475271105408446,1.5536982543611446,0.4936158594771265,2.61151292683458,1.2749035745561779,1.495784754926635,0.4216728519011339,2.4529628783374253,1.5537470308170835,1.5733444889993577,0.51033720476593,2.4002389975803475,1.2640311658755365,1.5095781436733877,0.43158280592645437,2.404381935814913,1.5087643753266762,1.5797194169570734,0.5115928884881905,2.226478063367678,1.5147655831959543,1.6207260915850015,0.5373823998312051,2.0809079371514234,1.60958788927827,1.6255091075160844,0.5455079175324165,2.389985285548737,1.4310740823839194,1.5916848166402453,0.47835243418387047,2.3342908551031187,1.8782298161455495,1.7957986624914208,0.7897883211901036,1.6168139456419253,1.66437560904214,1.6625247367620777,0.5818483990033629,2.1260910040644507,1.9082935822183202,1.7957446864740538,0.7840523349862752,1.6734543205020536,1.78621798431052,1.727669780673783,0.6653284114841689,1.94018824606397,1.3311651944318372,1.4999603377361488,0.42440487040883507,2.546526936694422,1.3004521588315021,1.4952252912458646,0.42268496965881086,2.490589726919306,1.4524723865262885,1.5491745296776076,0.46905322613947026,2.488412865037417
ADHD_part2,v227.mat,1.4739472877253195,1.552164034275681,0.47220255021515933,2.627528980971055,1.5863238819340788,1.6188830108810606,0.5461965741734454,2.252812278316127,1.5333226274363745,1.535233334746528,0.4900529679817572,2.5518341844307715,1.4431467315539392,1.531492605168995,0.4955195961764,2.290428011485917,1.3336996015644211,1.474348643455105,0.4043134947679891,2.934349320399423,1.2646958297964637,1.4314612683081411,0.3995807171922423,2.6356645209783474,1.5229007395092249,1.511141384310052,0.4781485803051272,2.6309138375354464,1.3216504959107875,1.4652132079895375,0.41149144758354655,2.691228245621527,1.5205705281563198,1.5371640434292653,0.4888627924060099,2.5187922411900487,1.4661286415618773,1.5588339909518287,0.4813649552902022,2.377908062224495,1.5221920046178021,1.5432397877274884,0.484604898919179,2.735577499428627,1.4854452003991683,1.594059611191177,0.49310987306288545,2.501818258946885,1.5092319526677787,1.5228198696347623,0.4819130356129577,2.7732854776190017,1.5322714426140003,1.6096586850064074,0.5194227824948909,2.4209843253529653,1.5432074156789772,1.5461880001866732,0.49360166788854715,2.6288550570158975,1.6184538990278536,1.6343745560767273,0.5774027232963411,2.344684086021656,1.3482206407699993,1.4587044904610493,0.4263226929656938,2.564062878899999,1.278622845889172,1.4364929216850049,0.4071540476055563,2.5989097517534723,1.5034528115250274,1.4915103620168035,0.4635490016788035,2.7821638788467817
ADHD_part2,v274.mat,1.4787250922105608,1.5697597393687917,0.5168128975027324,2.2627404756798435,1.7039130512923109,1.7734145758859756,0.6781925969740726,1.856415802202441,1.2582584804604,1.466413237228863,0.40573739211808646,2.62966900778186,1.3250530187381284,1.5122635244317812,0.4097345534071059,2.8556334769499343,1.3138605705327366,1.46648711930256,0.41800581657740205,2.5905380940239073,1.2433013047736545,1.475198849534372,0.39720292734890017,2.7300994769821214,1.302298114396113,1.479978131275727,0.4256492234812073,2.516177690941468,1.060895228889113,1.4402637803106815,0.3351201513247987,3.1233323007504383,1.3874100713550246,1.502430186067174,0.442355536578074,2.566536042702639,1.381636540084941,1.5563959057196495,0.45307111150592433,2.456835020736766,1.8569303774394372,1.7011187075611975,0.7206679203127413,2.157121832317978,0.8923075870044372,1.4517613254990527,0.30928146918560473,3.2869674540278697,1.6491206720132565,1.5922471006696668,0.5639903961320974,2.719541431014004,1.7316392631447934,1.762194137385402,0.645165783232812,1.9821057779022655,1.4868574882178445,1.5681292467002594,0.5053076928990142,2.2969280441249693,1.8053575380638884,1.802612460340514,0.7134667339928338,1.808518243560498,1.2182137246000568,1.4428593018621059,0.3936747993322546,2.5893428263163383,1.2449573100155078,1.4650430876970286,0.39310351691159046,2.6851110664762903,1.311890711534335,1.4770458521456404,0.42104406359254404,2.564379768292977
ADHD_part2,v250.mat,1.2788241048702762,1.5578252987729226,0.43618055344886286,2.573051255039839,1.1450696870760506,1.55384190338175,0.39870149013387146,2.899166832311398,1.2639232347956249,1.4747338286707883,0.3982392945115594,2.7085020853705313,1.2314325738415848,1.4857852740265591,0.38687711240631023,2.903807289004948,1.2990008477423656,1.4773519814849316,0.4229673020335915,2.5016809853219453,1.2499456908313555,1.4737310206692174,0.3974461178323856,2.6769209227255026,1.5403504451731718,1.5649767417811828,0.5117150082512937,2.399905455228051,1.2605298469841757,1.4905275993501619,0.4126253318267344,2.7014006921339804,1.8953918305307473,1.8097259025361119,0.8285653000664273,1.5814170349184837,1.4458862948393754,1.5839275636196792,0.4964626018588533,2.298743600884569,1.316788822608253,1.5077262254344372,0.41652986920770024,2.731157549763904,1.1042108518083995,1.4621162415506064,0.34516433551915554,3.110800406777655,0.9514727131949008,1.467303639813154,0.32330484129609854,3.3166926675632875,1.2589334664878105,1.5169985238221246,0.39354030005644536,2.881022800055484,1.6141874084820742,1.7064472147636423,0.6535171080038945,1.9358309351843652,1.5630990009794434,1.7062673652379632,0.6117676652288443,2.061126923003415,1.3370198662870707,1.4687575274598663,0.4067297703335717,2.903172265455213,1.2344892948607842,1.4345319164560841,0.3865636612005806,2.770479524563186,1.3250930381349555,1.4998306390054434,0.43871565890451764,2.460615002248584
ADHD_part2,v177.mat,1.5585724745036096,1.6878079312366872,0.5621253455172919,2.063079536637063,1.6276921778672757,1.6693598449112057,0.5414444499156887,2.4522898234645685,1.2422752849793879,1.520330010645255,0.4391457688880414,2.1776078251442708,1.52123924400049,1.5612655990470432,0.4803232386245037,2.8722337336665866,1.1737289660492785,1.481857421761676,0.458627660119827,1.8463063728255305,1.2901926621654947,1.470881279405831,0.4205354131435872,2.4491676710320625,1.4789610802415791,1.5453108729271943,0.5191890261269131,2.086613336990165,1.350907964500783,1.4598028150193239,0.39807932609972285,3.1450605373246368,1.6728888837871851,1.591586478817159,0.565847667175392,2.532012912589334,1.455684712031096,1.5044329189813028,0.4409412080815188,3.0103610200190776,1.5291066881112707,1.629115580745808,0.4977154906135104,2.758971651021008,1.4384059453043045,1.5587943314109196,0.4588932479903719,3.067846880154105,1.5578256845551053,1.5795163112226793,0.5234444331287276,2.310961532562414,1.6042247255413682,1.5918830603595324,0.5181625450680414,2.6754767930413665,1.9448535387421568,1.8181974011042215,0.8526927146991373,1.5801671285304555,1.6770637917776776,1.6529964446929857,0.5756045690414585,2.673503342247164,1.2351898442072389,1.5229580658589261,0.41661292072610834,2.4028504669181387,1.3961525439752007,1.4702822609026933,0.42672989304693854,2.871860183446986,1.6596195991378666,1.5862688139856844,0.5580726039459957,2.3700550737082944
ADHD_part2,v238.mat,1.5387345591961412,1.610875360628719,0.5092379565550014,2.5184028565947973,1.478506094051097,1.6179133176963525,0.51860301282852,2.144558752949322,1.5335617512547555,1.5695861481468623,0.4937722235924948,2.65842337483076,1.2936253725373117,1.5064849854318298,0.4164003336640002,2.539714614649575,1.4144054589462414,1.610219283487627,0.5305264545448694,1.8914649765291782,1.157000724523741,1.5378632976067652,0.4574268486935187,1.9123451970995728,1.5314711385404625,1.6228003311839907,0.5480363326339794,2.065356056161078,1.2608232461065998,1.5340988649225835,0.45571260957880766,2.075879125260432,1.4644904472679725,1.5654105083321945,0.48707511413730004,2.364150716665154,1.4582755139368917,1.59983969888396,0.5157250394491126,2.1087013608722267,1.1013401110808156,1.5110511082182185,0.33709981119805327,3.377822648513031,1.394069812012615,1.61477787066963,0.47159019093894095,2.3691855256348395,1.3880452258795648,1.582978279287618,0.4357064400133878,2.760146444844868,1.3587443474927965,1.590720301651393,0.4308963084878061,2.7549432138086134,1.8375333062998234,1.782357882909411,0.7332070827453986,1.815116421721031,1.4339841098522053,1.623888010957533,0.5427821106357844,2.05387645826518,1.464474676352316,1.5270001401867623,0.4785205559760263,2.473360095325285,1.2632926690624293,1.5188715106260282,0.44911104987297695,2.1675112263088314,1.3643676382483916,1.5571948562352618,0.4794092778277837,2.1328869029599997
ADHD_part2,v279.mat,1.6571363149096978,1.698236532417038,0.6453757826078211,1.8456574079113675,1.7869094057120742,1.802068995897262,0.7763348124878993,1.5412943790006277,1.4206915666454947,1.5391984049997787,0.47742962534611894,2.2983794489593787,1.6884693941349989,1.6702614058560699,0.6294541029903471,1.9428445175070503,1.256871830692611,1.4811007965881937,0.42505308937442754,2.316363846485339,1.1786109461979417,1.504025102503446,0.4518804136103241,2.3566422494676287,1.3636260921426921,1.5182585166083855,0.4524891497529235,2.3438358484844004,1.220566213619163,1.480428333001994,0.4020452507410435,2.5252929695107573,1.2745981522269436,1.5042044923069917,0.43697214591464145,2.2573845653672113,1.7080631046225125,1.64485074064859,0.5872146153289247,2.2973279007516956,1.6324044386556338,1.6481830154721502,0.5793795362569379,2.076678379664597,1.595997160568544,1.6489083605806445,0.5715487660851564,2.0471512137829118,1.0170843711648647,1.4453739646903976,0.3144614549631547,3.1361879190572024,1.7263199689154574,1.7234219505199797,0.6764592273782006,1.871227365690338,1.6355710262104148,1.6694426662920543,0.6154702254739051,1.9056754720489069,1.8348900403982675,1.7658135110976343,0.751534063800738,1.734736206890229,1.5104017554139215,1.588838061964107,0.5274353918365072,2.112683431464458,1.4259717556479776,1.4986831515042602,0.4536883344318951,2.5543911219479725,1.3391263159228939,1.4998538566963084,0.4384596839057241,2.4176409490395487
ADHD_part2,v244.mat,1.240747421786506,1.4132491332752384,0.3642500552880475,3.1262429483163223,1.1942550684981246,1.4829402933927551,0.3744441149245973,2.7874588859965357,1.2933911365328297,1.4308228284861773,0.38409245934340175,2.9920704758473184,1.1690023903794176,1.4171443789113591,0.35867211719178627,2.8986782777603866,1.3667296116105998,1.4556211602756743,0.4122922998537394,2.8843577068011497,1.2209006920109822,1.4501631851570453,0.3822141942478039,2.7679329232829772,1.5326711584686912,1.542272469422589,0.48886250720943136,2.5366223753755803,1.1633812171043378,1.4547131584942514,0.36933653463407956,2.7858647845362237,1.6768010920365892,1.6507772441218431,0.5909148969256807,2.094818465993822,1.3841433112249217,1.5531278608809092,0.4555525272058605,2.4748536317065333,1.3336796905213766,1.4659169680803794,0.39946069109794285,2.9387934550764956,1.2150290151860585,1.4628679685778017,0.3680800132565162,2.98323777095884,1.3565390052216477,1.4682373193932414,0.4077414500788856,2.939515481146473,1.3624168122909732,1.5096736372844843,0.4251770426821745,2.715652715487216,1.7279336710411082,1.6894446511660808,0.6251431001209335,2.001877629174568,1.4555624108673029,1.555606095650195,0.4600076886706313,2.6061490696744625,1.283407360483181,1.4035273942094197,0.37712435080282625,3.083880366987727,1.1257109770158173,1.4051871374313512,0.3538347835014591,2.7450941687293042,1.4184793955861665,1.474896500985069,0.4319385226427023,2.809165171013494
ADHD_part2,v204.mat,1.6457851178847092,1.628655355123957,0.5842510152752206,2.5946314389873826,1.5027185953973663,1.5882617748067707,0.4824908737471256,2.711141624526322,1.5564015173126249,1.5405976457968853,0.5103155182579683,2.4710907250168193,1.7282586726438325,1.625597111054757,0.6208607964267149,2.386376769865351,1.6912017229249239,1.5983794933239228,0.5840479496319632,2.3736244024551345,1.5918259146987643,1.5566197587826929,0.5190573130860926,2.5553798810903605,1.6140376711014843,1.5759799304755682,0.5420204697696646,2.3215383726083605,1.4424247630962377,1.536337656949805,0.45434544882787964,2.716967194729129,1.6700840015344216,1.6076513297596857,0.5697995400276077,2.2770026292803607,1.9433819637667735,1.7862131729879418,0.7804630475835211,1.846694065163685,1.0866052809561237,2.1872005763897393,1.7177554999769538,1.095121030466936,1.6994073429123864,1.6516536454004942,0.5978873400490926,2.4774180994385855,1.935670717175566,1.797036703663609,0.9021718320061813,1.8752370700866052,2.000032119963964,1.8752396016201338,1.0548831768539912,1.6523726317911696,2.002149672760969,1.8686582095206623,1.0429409142070647,1.6770659719047405,1.8282844032907102,1.72938937433334,0.6929601361067365,2.2496734165491916,1.2507037853363663,1.4627989018770777,0.42648965473450057,2.262253070478523,1.5874312391403556,1.537364936596239,0.5205989587002937,2.545374499946018,1.435990556912469,1.5276143643286282,0.4781020866077636,2.312129500569662
ADHD_part2,v270.mat,1.5691266766979446,1.5723607922410026,0.4997296064661728,2.6560591524968293,1.2865938438549755,1.5245438126689534,0.4082800240042898,2.6530352662501455,1.5887582667849167,1.5684680156091158,0.5104397476427706,2.721559272195426,1.1791928783914454,1.4819840381540388,0.3838205203756918,2.6560733358143165,1.6735680056526618,1.6014509565196782,0.5667420632157815,2.6126530762706053,1.190566621310754,1.461696665281007,0.37449462788844934,2.766475598442899,1.6575434432256468,1.6061513493440662,0.5488867850954124,2.5854485845296766,1.2093552098534328,1.4709997017356475,0.39566363468353843,2.536401781505707,1.8432751413354183,1.7585200702893473,0.7509179731938381,1.769110799256858,1.5117869102395995,1.5892089183959681,0.5097244239846463,2.2778136700577947,1.278486734419396,1.5960209789018762,0.40621034886900276,3.534082278547867,1.222361390819164,1.5482927674874918,0.3994688126996895,2.739219297547121,1.305745082201871,1.5173989015215903,0.4060596108799534,3.0600741439960175,1.2033564399573127,1.5522441312288857,0.37331524174194247,3.392366181480655,1.7296947929645503,1.6658743299407643,0.5970711070047949,2.3240737180166198,1.6292535376031028,1.6588969614483107,0.5601780547815345,2.2205471700445174,1.5245976226184337,1.5314326036794732,0.47467991016396244,2.803608253749691,1.2453474672106073,1.4765574004744648,0.40600423131922597,2.481454749153699,1.4302098641385879,1.5449909186091182,0.4719013348757757,2.3673779288603165
ADHD_part2,v200.mat,1.4438406962190329,1.5930890691140585,0.47233237040196874,2.511438886382122,1.1741545232311132,1.5123690438118842,0.3993464738250711,2.442147646815784,1.0577384058910337,1.464274642594558,0.3755669663888471,2.4950419740986787,1.2465093139152916,1.521343562097558,0.4261096742104018,2.2914421079076286,1.5300115515950066,1.5606043984075522,0.4997774579866605,2.4708712119595697,1.313364199919421,1.5364063988157906,0.45713101461238415,2.179272936829528,1.495976827644275,1.5757093572930205,0.5209669893270926,2.174589605290751,1.4211001050465053,1.5654275795828785,0.4999559026781464,2.1209650103576076,1.71568645695241,1.6890790956434338,0.6810905150310913,1.8380667410519616,1.5727577092388527,1.6358160024199462,0.5822422511534855,1.9508668096410329,1.6204985974938402,1.6302689259040337,0.5401478216647727,2.53537078640087,1.2047137165154909,1.5361395445115675,0.41345472501447084,2.438096556177578,1.5626409571651596,1.611687982320757,0.5406496665816275,2.178452304163013,1.6051321865585857,1.6562539091238635,0.5756392943145021,2.0376251071346902,1.8335320481791326,1.7083371984199354,0.7001284840399414,1.9715356227560266,1.764741260094942,1.7252070734755207,0.6912776969923892,1.8232301215654447,1.3145502927724753,1.521063847473236,0.44696296114095896,2.2935606500705066,1.2591182002777437,1.5257571454360963,0.44621620375065996,2.218602931923516,1.60722024761023,1.585885644878631,0.5476637309461124,2.289796380866444
ADHD_part2,v219.mat,1.7040688294477313,1.6785019742675078,0.6244415600677923,1.952740836677103,1.4219191801881532,1.6632852466771275,0.5825135058287404,1.6480114301497486,1.6661573575262363,1.6629801644339048,0.6095976137031652,1.9409207397237667,1.4512234243048772,1.6694709621669406,0.6029539576557068,1.6118693376807642,1.727442599923398,1.679729473435102,0.6458124893090551,1.8889095487875902,1.3473428513463928,1.6075202831246262,0.5325463003842833,1.7550837359660327,1.6422560091144653,1.658868165356445,0.6174038994681263,1.8456317847819168,1.3656219800719063,1.6032413105006993,0.5331466871812112,1.7915855645740681,1.7059817886976836,1.654296634041268,0.6153794891776906,2.0211997235602577,1.6195255741498036,1.6784476023715886,0.6116386941378097,1.8347522108737813,1.8825140687054756,1.80830283721119,0.802138803363845,1.613954980601616,1.5889372978025262,1.7547235907747802,0.6973280877784716,1.5101571106751586,1.8857826084545373,1.7791593971965927,0.7811837049423097,1.6638955096580477,1.5458587210634436,1.7087116068502497,0.6400723694900209,1.6061006137575158,1.8897721630703828,1.774846104257327,0.7681691885549772,1.7376746798654708,1.542614108436486,1.7070116845128496,0.6228751692292789,1.6743319913031098,1.6426436602486625,1.646054354695811,0.6042319542587709,1.9375705955062779,1.28400269866939,1.5622213766403568,0.4895686145050456,1.8590735238642722,1.5567464039233858,1.6071157401577747,0.545076334024549,2.085375773805864
ADHD_part2,v231.mat,1.4719436542828532,1.5792840497135223,0.4790337982479008,2.5227213216857964,1.1067309776010563,1.5105149359980534,0.3616531320004272,2.969394702441684,1.5213067645964808,1.5637081449580819,0.49215074787464047,2.6262609759908893,1.2830813129586205,1.5367717423089502,0.4293863432528097,2.5172215456277818,1.5265552378138487,1.568877102988623,0.503414472641565,2.458131772611306,1.3230736617870793,1.53046795303609,0.4287268842382257,2.5100427334311335,1.2952061537295325,1.5348749967382602,0.4635669211153614,2.1876854318809476,1.2442702593070418,1.523385611207414,0.43519624212215086,2.2782709308179636,1.6629335017289195,1.6683189391117006,0.6205068138723663,1.9878625033446173,1.5811456245300297,1.672409379019267,0.5915357748909723,2.014570716982031,1.5829782144946485,1.6212586548642178,0.5404548275316713,2.6193238832435526,1.2751974051655206,1.5426049082341824,0.4290100294127074,2.5517274390401368,1.8700640079828048,1.9287620370474063,1.149358279799852,1.5915586405477455,1.3863495905197452,1.5678492894971985,0.4589089955532666,2.5184014427315238,1.8374938282984443,1.7201077003945378,0.7077800291907609,2.0717158932258717,1.7013944812030903,1.7091862071356763,0.6231988152852589,2.1124354105830307,1.5649508473826708,1.5771233949797183,0.5171433918200242,2.666493791323514,1.172397575925471,1.5068386104832068,0.4386142604880907,2.0414316603598097,1.60549280256089,1.5978438544843616,0.5358865849583657,2.5300586820141606
ADHD_part2,v234.mat,1.6513499513328735,1.6389593707536816,0.5491011310830617,2.545421631065013,1.3464283325730753,1.5907267779318692,0.4442218856566787,2.532488553321265,1.2319141555663577,1.4665610539868894,0.3892884032456339,2.643247974490778,1.3934166014347094,1.533144432593634,0.44026842892445356,2.5863852584022786,1.254872665923327,1.4794760297139018,0.423167770624565,2.3157909131592715,1.315223160464956,1.4812843778408928,0.42413581873483813,2.4793078492232343,1.5450629679697312,1.5274875984156486,0.47364859026186845,3.005704195815064,1.5298006642428614,1.5603790523741856,0.48647292293792127,2.5508527281113103,1.500834613714562,1.5817899147299799,0.5084906823241255,2.4257231493733875,1.6538003385481357,1.6456805908173058,0.5675185265834022,2.189316574521836,1.5744111547524255,1.6885769797992116,0.5878641195129398,2.811222896535633,1.1569193585434587,1.5067987016916142,0.3785928397236055,2.788999388491189,1.7127565462193708,1.6344768627917452,0.6126121371361309,2.629164620863191,1.7163090220645252,1.6609490190393925,0.5935696873176715,2.2595363116782305,1.6522966279304532,1.6213544436864855,0.5526933103621003,2.4153207190376635,2.0059510132001046,1.8968137006562291,1.026589089818529,1.7213187005582253,1.2682603771903138,1.457326915110841,0.3954299439525489,2.680624026028626,1.3581047092355565,1.459649379875522,0.41986361625404395,2.7423807503705966,1.278757747605697,1.4610943019219536,0.39765772274137645,2.7074643756025525
ADHD_part2,v284.mat,1.472868892092945,1.6104490418624342,0.4948347156878451,2.480667410639348,1.3393591640826417,1.6111212141197921,0.4523610899357387,2.547149883111955,1.4822831255446745,1.5296180736251839,0.47414047755706706,2.577026533376621,1.3095667345837843,1.5270309574495675,0.4346287166690825,2.471607210278115,0.8871135759171045,1.407962895870758,0.27420928876001993,3.6626481230180294,1.2615600904246116,1.50029952182249,0.41945621154160834,2.5081621381891486,1.6068793039035496,1.588180785968677,0.5538559903025081,2.197158705510613,1.126813570668387,1.4778742324080236,0.3598359565769901,3.0413860326415567,1.8289150626805384,1.6709546135521403,0.6767590868055235,2.1018188566799196,1.4334273655603273,1.60271243451942,0.5050842570111692,2.2504952695874056,1.372522611210599,1.5737148605115492,0.4467072374743635,3.008319064080815,1.1428394742364483,1.5184586730101082,0.34804562817689666,3.2633479794443234,1.780324985833535,1.7080760597677187,0.6730467745538735,1.941172880038765,1.527594086170065,1.6267950009652856,0.5184278963689952,2.3674190695638195,1.9254167222098317,1.817034810510185,0.8278488532652398,1.6133423562980937,0.6841214267827245,1.4344178063549529,0.31343539615507926,3.4941361976967467,1.3753107240820102,1.4842219836940054,0.44815145715607696,2.4262999503668965,1.2402906931009663,1.4773531428582862,0.4245256330289889,2.3573419322030427,1.3918924876605208,1.507707101218023,0.46281438840358763,2.329982301532027
ADHD_part2,v209.mat,1.3978142515173113,1.5589666505653075,0.43555108781286345,2.8625864978598945,1.3047107695122198,1.5869762554727629,0.45896010862915537,2.712702868266621,1.3952961369042405,1.500590909656183,0.434436870163434,2.7504741009193587,1.2449209788203621,1.490933309815379,0.4022065966306787,2.853878384455001,1.4539734045457182,1.4939864972361603,0.45023530349324753,2.797311606080318,1.1558638571647206,1.4481201153445953,0.3937841816024777,2.833560410326196,1.4392480565538177,1.5184344799295177,0.44794060054915685,2.8516047538507405,1.34269048335441,1.517538640413984,0.4387544590315218,2.7435292178932373,1.5244597329908625,1.5793462045075628,0.49789163808716663,2.501621647628769,1.4972058792242167,1.6274784484412954,0.5089010434254744,2.4962560757639327,1.3718936705974794,1.562764319180629,0.42147271234458017,3.021798259938399,1.0307372211169308,1.4701258269209447,0.36282307511051737,3.434041068247844,1.438910957851998,1.5628944385917316,0.4853568786826494,2.4985559414923655,1.5445617073938558,1.63992074069566,0.5636620380718063,2.3827214963636516,1.77044052257515,1.699060983205292,0.6755275242547438,1.9631786260225619,1.6410225285917255,1.672258048520637,0.5923268873015833,2.3172377635564114,1.3566484367052842,1.483483145758842,0.4219505635828712,2.7587634121111324,1.1730261258332693,1.4339289152031924,0.386396809076981,2.841916662610539,1.4616743658799782,1.5135216026811884,0.4764821398968251,2.6538187022566886
ADHD_part2,v206.mat,1.8172051885608491,1.8048606475503066,0.830972514536077,2.0590136692464025,1.8540037679828965,1.784449653971029,0.7870798143745672,2.0704683070498184,1.877994619389968,1.7924639107010627,0.9259099441257004,1.8806244189911487,1.895654938949714,1.7683126658361088,0.8712926821994912,1.937556465417557,1.8384452716202428,1.7160579283798023,0.7929503704709315,2.0991615585903682,1.813489699217758,1.7317189448384591,0.7491204689698387,2.1615317983427977,1.7973621130973498,1.6504031013941005,0.666418700486422,2.2322396606190655,1.8751939943283915,1.7612880902283576,0.8038423189965442,2.0513492944453184,1.9153347547081143,1.8084979078292922,0.9087210358234726,1.8928657957843014,1.9396117573013214,1.780295224251293,0.7804490531089647,1.7801741354966905,1.6457483769293502,1.7540364587965345,0.7301857122175158,2.312165255778591,1.5833462444756137,1.6569670875638713,0.5866590624662829,2.654139951438197,1.7361881637825292,1.662229621991888,0.6312941258364324,2.0636563796697738,1.707800962507732,1.7809855872504308,0.7359125858884514,2.315729154892562,1.9987045984269853,2.0013408434140287,1.3486317301723147,1.3572491398697646,2.052998661996619,1.8719964936042113,1.0071215055036018,1.674248866602138,1.798989667109315,1.7069464479572727,0.7761574861068139,2.159467776645812,1.7670116731126297,1.6543958303864141,0.7357061113064898,2.248832978022735,1.854895666837482,1.7410926477797346,0.818735105529951,2.041481176637615
ADHD_part2,v254.mat,1.2803826108294252,1.539980566404262,0.3844828817500564,3.6957885892796862,1.3625135447933765,1.6556821012880272,0.5067212225785642,3.371263401860247,1.4692633651187488,1.5530534527248965,0.46038296753520225,3.2091035912960626,1.2398440624322444,1.4795511669665353,0.36319412547520985,3.2900105287758024,1.4319659591895118,1.5445098454478967,0.4511054295566014,2.802282692682817,1.2730976118920752,1.5170590062169398,0.42318478134884335,2.47231816989915,1.6746251469611817,1.6194961522717861,0.5764373171276828,2.5374586833469848,1.1864164992294235,1.4783907880138845,0.3814040017095833,2.637792834849693,1.5688124078999612,1.5496991377896943,0.5077630464697634,2.6010265309164873,1.4641068746429022,1.5628201334732719,0.47620653729618445,2.5078637311225496,1.3991728237660679,1.586714777780576,0.44892010755515993,3.3973430756351166,1.2845881647241724,1.52283927060952,0.3788976892517211,3.2606352696783065,1.5771200302100818,1.6360165624441219,0.5431211087481909,2.9231943201683426,1.5902966415509296,1.6655448538195803,0.545206127479217,2.3908303541386164,1.9778961596409639,1.8373121116952413,0.8609470383974279,1.7946348378171568,1.655257532439502,1.6735216175910357,0.5705504837120409,2.372885331272483,1.4629588320827516,1.5450035886614355,0.4610520314402878,3.1943444254708298,1.175710045454664,1.4473612775899936,0.3743930567867845,2.66936457038896,1.5949538959199492,1.579516901433188,0.5390261360273557,2.781487197876371
ADHD_part2,v183.mat,1.4978113852618806,1.6491839803645971,0.5034074391385428,2.4843070191903887,1.6591455450899488,1.742559694566314,0.6092509731042794,1.9853868615789092,1.500966518074791,1.613142703079623,0.49004131248709876,2.597023749270131,1.5875774524046822,1.642013427680877,0.5534416620884295,2.1100495934222994,1.3439177266842282,1.5774862480849792,0.42447293626928356,2.7781050639941545,1.5316705960627233,1.5979067238652411,0.49946544776180835,2.4480820494454214,1.4891530984724364,1.6442765799814942,0.4835825593626135,2.6527026166590892,1.5472140986487695,1.5981969933053444,0.5071009815624415,2.4087427110830015,1.6306548843125634,1.7214104419318856,0.573033524141143,2.2975180985675667,1.6471533613429656,1.6746331573448678,0.5748877042329764,2.149552968069226,1.320733539235344,1.5872778864813162,0.41798602991546085,3.0529553351831296,1.3716842557335935,1.5960583755400932,0.47201566815786916,2.463329006528541,1.3949228243629093,1.6265962785016344,0.43712203204901356,3.219532909447805,1.7803250461547835,1.7403365231562486,0.6558147831388986,2.0973667572188237,1.450192222519632,1.686203883481544,0.46635091038857107,2.916402887368775,1.9027132967408704,1.8189773598106957,0.7920905104722159,1.714739868428091,1.402095715885772,1.5632357528636747,0.44285829837531404,2.7464619171396025,1.5497881331094066,1.6010931573023421,0.522106723339065,2.271638532539558,1.4481852595956832,1.609491118614686,0.4560969100804139,2.8086301656387724
ADHD_part2,v246.mat,1.7387861039973025,1.7237227339703651,0.6531391115265646,2.4391083776995144,1.786827470585667,1.815847428356078,0.7071287434640391,1.797147154363517,1.6269305312718974,1.6599273599165942,0.5960258805044722,2.6947504905689104,1.4140800410644458,1.5842756237238969,0.4546768226390768,2.607859621500685,1.3207548026350584,1.5299197178533226,0.4394410899015152,3.1989463203554,1.3109201045612475,1.5272781164931373,0.3924075946991196,3.0261169684587372,1.5638046438691364,1.6395372127508858,0.5564980061494729,2.7525518031408205,1.3911085504737515,1.5561413793554228,0.4142424349797078,3.1072985099783486,1.65427336092307,1.689168681928575,0.5962513053722353,2.4098990807549785,1.513112664005289,1.6175276256274884,0.47048515318119366,2.808864934346919,1.5998944104105788,1.6659054097303112,0.5588549801269433,2.6199502260664373,1.4740512822656928,1.6398255372434634,0.46275528566778457,2.7399687279393388,1.4022063057292748,1.58034840576861,0.4601033447130252,3.3038104688579644,1.6512494594213711,1.7199197703322793,0.5690401036850934,2.320068136348285,1.824259043924421,1.8050244214178144,0.743237787022875,2.0874873176848423,1.7984391532532662,1.8263043652146742,0.7543010553268223,1.748439903720754,1.4147911181749375,1.5355226233884491,0.46941808737667196,3.0336497017648183,1.298113057275629,1.4982573601255542,0.3917265403036783,2.938856304184435,1.4604326730087336,1.5718379809398804,0.48511983725231317,3.001755990869147
Control_part1,v48p.mat,1.6568565335588241,1.8032333590712197,0.7955854492602487,2.2372441992286327,1.4923058742163988,1.678857620702765,0.5423354891842352,3.031190324570148,1.7636158663976529,1.883310497281499,1.0625858882967514,1.7236086931007544,1.7583140324017847,1.8088263280430381,0.8895170440013501,2.0099761675413754,1.798355859953805,1.9133411627353387,1.1284542980281624,1.6225672216528764,1.822619195005207,1.8578718041646385,1.0066288152011609,1.7929317270530425,1.8339452552680289,1.9103794494916861,1.1084361479231923,1.6457453443715713,1.7220761452555609,1.7181487186218851,0.7263869636959315,2.317950542972461,2.030465201273982,1.9375130163998635,1.107083497904969,1.5622599342095707,2.0546993192116076,1.9186603584712691,1.0204914654839685,1.6150408442007729,1.7366352714546505,1.9763556353579723,1.255592159004787,1.4751254987662392,1.722979488597093,1.8077919237350304,0.8131377081769962,2.1667678497664347,1.899591493294479,1.8951598167728978,1.028889526555657,1.730331450268904,1.7469616616830406,1.7961829978408392,0.7222016448603503,2.353226664648138,1.7783757048144038,1.997399726596252,1.2412907568506557,1.487922019626382,1.8784069627632807,2.0149559230331007,1.2404598094651809,1.4837187280884647,1.7749290617025757,1.8621494574270034,1.044709148332746,1.746716861097603,1.8447794975688145,1.8906626139566047,1.070327491569087,1.696368533474985,1.809829598580384,1.9114484905831817,1.1211458151458127,1.6338177625204435
Control_part1,v46p.mat,1.6465293147234767,1.8463209708331108,0.8566787459014642,2.099903041223882,1.5613482270558823,2.0522808045139618,1.368269421096127,1.3651310815323483,1.784020319807861,1.8072991829620322,0.9500624946558407,1.9019587773386186,1.7435433095373236,1.704327780617611,0.7721323620535064,2.242980273941452,1.761752598009286,1.7738392855705984,0.8910175653092914,2.0152555103559733,1.813764324833068,1.77492787250363,0.9090323040000685,1.9571894621791457,1.8587515783462312,1.9035840088649345,1.0701139021084671,1.6996969736750511,1.7879654691559574,1.7216175740632953,0.785096952713932,2.1898052842717175,1.8144782833088557,1.8767708572751827,0.9288357002719855,1.9055531192689603,2.052618677884187,1.9570251838794768,1.172241372777158,1.4883536304917726,1.8144936419690687,1.9141817374804684,1.1002510470522815,1.664514918175668,1.8399288203289679,1.8850764697979714,1.056053331372021,1.719789598650929,1.841027247322205,1.8552865745057558,0.9954044747939607,1.8094740483553207,1.9214266497435935,1.9006531821415944,1.114457258737338,1.6255332081652303,1.9484071740458386,1.9487794341865683,1.200218556127938,1.514945402494304,1.9252503672122936,1.8780074439211065,1.0650808214450214,1.6876074701303234,1.7266801905209617,1.746230313221442,0.8416541537688029,2.1224395998190992,1.8846822636795197,1.8549555968470863,1.070813465754448,1.6945136463393808,1.7606408320493552,1.7638876611092702,0.8075143237093234,2.171181768133744
Control_part1,v107.mat,1.4113323943024718,1.6004961844189256,0.5107404068348489,2.900615029699305,1.6009929215783147,1.7054833749157572,0.6456823859473444,2.517019235637141,1.4901769413794748,1.6449466893728033,0.5644812740117758,2.748203810324095,1.2775831442911527,1.51671120967375,0.4274610075167099,3.1358165464894636,1.5649956755832273,1.6859106968324584,0.6005211039203125,2.739084342103064,1.5966364634098595,1.6044069807272232,0.5679806234600739,2.8312347416436334,1.484544667909712,1.6300901027962285,0.5474731050013885,2.845450776607417,0.99747835328863,1.412173486079082,0.35792540541471546,2.4446368456354306,1.4944621506296705,1.610900989014978,0.5185713568107994,2.829733072026717,1.6060287534182578,1.640867920268002,0.5684818311768199,2.745321785445481,1.561810296251339,1.7075708881630318,0.6409527159543963,2.5438897163689576,1.6438517586007269,1.7061932110187665,0.6585965395843472,2.505050352097155,1.5816984090969326,1.614417710084582,0.5647521011737352,2.837220464331499,1.7378752608841825,1.7401473367057303,0.7536666383956889,2.318175218790193,1.4848862828134433,1.632471516441518,0.5197340457100411,2.838787062429838,1.6919137103701605,1.7805998083378922,0.8373165600282849,2.161564810693873,1.695358903617505,1.8276646020271397,0.8567192718254348,2.0694734369591816,1.6776352885095926,1.6201579595024824,0.6273748341944756,2.5758215156317354,1.7626770221656125,1.7331598724824209,0.7880352420347944,2.2089312958492155
Control_part1,v55p.mat,1.7936484360386684,1.745398532360151,0.7534729158973619,2.2041906508632123,1.4887553287254849,1.5724266182735698,0.4689916851022413,2.7397747452803,1.7640972622021955,1.6964382404960412,0.7026900481321021,2.2382288887042074,1.3058479744238425,1.5352676523974624,0.4436246996283125,2.263380155350919,1.6318093159194031,1.5810621833853797,0.578304393967651,2.471190607399987,1.332735919102777,1.4981696930487511,0.447327217514097,2.3489549269836743,1.709352348238295,1.6387398101597161,0.6156163170265443,2.426942871241076,1.3218074552833508,1.5061915011787315,0.4363609883485484,2.420449277877728,1.7331566441367432,1.6728729129829836,0.6556588378513266,2.424155504936677,1.5024388855485724,1.5825074820201834,0.488780074060895,2.652515194708098,1.8568886632216577,1.838070186307903,0.9326246374737339,1.8908434014381168,1.4720541581529285,1.5757932781972523,0.4585993212577489,2.8716416413957186,1.8041229531984389,1.755051598081907,0.7907153010354829,2.1308072376647993,1.6223572615966706,1.6256978362764432,0.5483334606992428,2.4833110741374194,1.9039946582001956,1.8194149812682032,0.9008173759276206,1.8914585586076087,1.7195517642112517,1.6920290816339105,0.6152235704409804,2.3556893408226487,1.730509004729785,1.6552240132454044,0.6525063625067015,2.3245311442475773,1.2799655796616913,1.46409673870587,0.4455022781875801,2.1878292527071674,1.5981331337744473,1.58745324900232,0.5446676268623138,2.5393691682335446
Control_part1,v60p.mat,0.9857623919140619,1.4180554344007357,0.31323667565229213,3.387493267727107,1.2297378293202237,1.4732495511678638,0.38151787185879005,2.891056159464519,1.1237087849597382,1.4296039548843655,0.35679794449039537,3.21607870594021,1.332949383024435,1.4906316991448283,0.43001109782077573,2.6014995328974884,1.0982973161319505,1.3749480647835348,0.3406035852332181,3.3725935543471643,1.0949104483224228,1.3702793340951311,0.3508522888900527,2.849541727710751,0.9163136242021945,1.3127171006823148,0.30777645117026536,2.9771097144568057,1.1295837276584755,1.3487224562909974,0.3503404782768244,2.88382800483477,0.9536584159310317,1.3495651632214343,0.32564169666974563,2.9177548381817022,1.333471081704643,1.437617713007212,0.40736926471327756,3.082951435385112,1.018236608123983,1.4399469829093527,0.34500265473602676,3.5554516975523036,1.4934336112334297,1.5902240555450136,0.5087542760743092,2.861656833502763,1.1531421826953765,1.458268030095787,0.378217779401431,3.4998313407952897,1.146449688457956,1.4779474546453604,0.45564056565426947,2.7176504111810993,0.8716930321608634,1.339975567863136,0.3127908120382022,3.1344162130854647,1.2426259291377688,1.469488859476811,0.40288699005296424,3.059830040637423,1.0794218205380437,1.4042287650140395,0.3432676863564857,3.159274095650869,1.4165799985595826,1.4399501075969152,0.4322494360067461,3.096364885293551,0.9667851503956064,1.3537544023063692,0.3301757268003004,2.893181885102705
Control_part1,v57p.mat,1.7589422004576099,1.8166688613133264,0.8515447623877997,2.0729069797695456,1.6111920292863857,1.6139584883312794,0.5386468851082127,2.693089758899897,1.8594027381363558,1.8535992054872874,1.0054128537671914,1.7851542227220456,1.6907337588434057,1.6327513216671812,0.6092765942498389,2.5348564648332275,1.8400406772350486,1.7645589761665086,0.8932165567537109,1.940798946536291,1.7366341899537199,1.6684016190008615,0.6761690246132498,2.3791116111747486,1.9393146278732605,1.898029295418098,1.0987468787102395,1.637184590377679,1.775340389509326,1.6947725563706821,0.7062443174192773,2.299864190422902,2.052254367428217,1.9280506930815535,1.1182553131969277,1.5567207754977892,1.855238009051969,1.7152728858224549,0.7038679064658805,2.0509731765346078,1.9726392363666774,2.0025460379362037,1.3036831234222928,1.4060703370926433,1.659120288669067,1.6655940512113,0.6069222527735137,2.647151660371543,1.7450399365883644,1.8755304268914503,0.909278198328903,1.9797504828558683,1.866400214718599,1.748832431860079,0.765632650287713,2.1075841570626457,2.013901202600164,2.030981753027214,1.3622934563403986,1.3364641514287514,1.9370419052044312,1.8389045627352678,0.9236876266064037,1.849115343991431,1.8436422869439317,1.8525533108027892,1.0156474488250558,1.7764449851802537,0.8398576290688959,2.2216787438826264,1.8234604345793053,1.0321412038782192,1.853507465892175,1.8325971187590635,0.9547840799519219,1.8613056712422897
Control_part1,v45p.mat,1.5333790040808508,1.6532072740157933,0.5394559137309278,2.8324164864318337,1.6621542891214736,1.7071822069016873,0.6236787599532749,2.545644319844203,1.601446472945578,1.5914406402661119,0.5236515608479405,2.6685803235167787,1.7460384954657018,1.6691609766960063,0.6452587937940338,2.4124638935772516,1.4358161760849102,1.5512143159694576,0.4868038279411778,2.2932939401198262,1.6955091075806354,1.6388564828099028,0.603152167447776,2.37589345994795,1.7921166711855054,1.7069972745627362,0.6666271446149917,2.0835318264302702,1.7033604775988787,1.6471855738373584,0.6108502993115298,2.414236740255018,1.7539886331150738,1.68131939149273,0.6631933016579246,1.9793167331255797,1.765595692445455,1.6730200268554443,0.6408968618710594,2.204091533431101,1.8001407623893737,1.7052039796470406,0.6740218093931364,2.2604692615811457,1.79577046403268,1.7414977408702847,0.6967610371434605,2.3020710174537626,1.933651848884022,1.8691568307524289,0.8946201526144314,1.4794919684960688,2.018718761542381,1.9286653843329675,1.0091374346623054,1.413650011878658,1.9022640946501266,1.7536066997677406,0.7796026089810479,1.972687000889926,1.8440303132782612,1.7408230297369132,0.7553702335826199,2.144557015210027,1.6590690456675086,1.6217596045883726,0.5761073680898908,2.6164732456761777,1.75884047664029,1.6548475064302692,0.6631765101905507,2.3786046546455566,1.4737860903656963,1.5684419840139363,0.515515153264569,2.138074904481612
Control_part1,v114.mat,1.8329937975732715,1.92306241779775,1.1443330209983256,1.6032209278757792,1.555749535156203,1.6255432792978066,0.547436377693894,2.935851055224116,1.7478444134025901,1.8308371298386537,0.9235212644966446,1.9608659249078328,1.4614827880947359,1.578483687632011,0.47733881230902886,3.301921068585505,1.7495174629044294,1.8221520704910699,0.9234801674557893,1.9618717609547578,1.526353405565613,1.6857827193998614,0.6015961646199831,2.8013937058730813,1.6683111531672443,1.9802013899924158,1.1389259305287134,1.6251398773787382,1.3457957197979722,1.524897273460838,0.3969641875957744,3.4757125698206353,1.6741259118007399,1.8017874034623742,0.8065087958689816,2.211845221954511,1.5904405699936595,1.590105938321402,0.5352230114254539,2.878017402490734,1.8661846508494548,1.8480043203262086,0.9191557171975036,1.9049992247289105,1.6710936569439694,1.671608612804986,0.637164398460921,2.5914031422057824,1.7159816287806935,1.8831255698332217,0.9167417250006257,1.9877339850001468,1.7675280512451774,1.8315261414370945,0.8978608875415358,2.0030734427146397,1.692763386518359,1.7862522030603152,0.7828391219626103,2.264894308833495,1.6301263299227742,1.6232727072822029,0.5326810312553394,2.626436092281119,1.652276561682135,2.0624629666346146,1.4892370938882264,1.253630304858578,1.650464205591355,1.6372028767107425,0.6083596031776708,2.6958412688614084,1.7860535454438056,1.937211596998254,1.1418352410481054,1.6121374589033128
Control_part1,v108.mat,1.4508458812174556,1.581127517924614,0.4761525879298135,3.3780494711747173,1.478693674123269,1.5560568870934686,0.4640248836053849,2.829168380631353,1.4090886810601342,1.5249168539894777,0.43063795683891176,3.5349206075014026,1.3737568480056241,1.4959388034325352,0.40757948958760787,3.227523626830816,1.4273291779432586,1.5302611629863085,0.43846911143874134,3.3998805328246218,1.360629139489805,1.4855284555992703,0.3996466245824548,3.359055790413136,1.289869818894482,1.5419088461777264,0.36906112604509506,3.9934953816419387,1.4308029401460307,1.5229255551992462,0.43329302311930556,3.067365540772383,1.5447743573440933,1.5680875199929372,0.51259792708246,3.053828590527938,1.268152778984461,1.4556376373822657,0.37728368858639433,3.0792147775985925,1.476247849739528,1.6037498072755219,0.4904889530256334,3.3209049822131784,1.4718542309644298,1.573333045845087,0.45172823593553857,3.2522184449776157,1.079244701216047,1.4788743067848922,0.318473226754334,4.5557596776928335,1.354930465598518,1.5261359360050446,0.4158064941641526,3.138790211047542,1.4068341680182983,1.5696885365046673,0.43423552828172357,3.3394394577555997,1.1928443350107742,1.477551602704642,0.3414140502485356,3.7739893123025943,1.6340862554798106,1.7320851143803424,0.7117175662961446,2.4799425144452205,1.3686093197882068,1.4661266472522394,0.4090380257796845,3.1214820808365107,1.516805257705204,1.581419305241655,0.5022409245953763,3.1374330228993146
Control_part1,v59p.mat,1.768874864006567,1.9832059373422093,1.1259085635851138,1.6446023964182859,0.9958062255593108,1.4519972001764148,0.28868303527923883,3.754867027927581,1.7676072073796592,1.6551847535668156,0.644413131408801,2.2984014352837714,1.4065029621028335,1.5367454412606059,0.4313781650191986,2.8125649181884014,1.7421458681004713,1.627596748362393,0.6427090797615608,2.438202287520228,1.377791844581207,1.5015221783853228,0.41315426687827445,3.037711922268896,1.5312632293505306,1.5478768794778421,0.4945180952024799,2.53880531943461,1.342293810540867,1.508509094588172,0.3966820415226216,3.152969117268501,1.9945524406480502,1.8153969395379157,0.8522459735835602,1.6903096395320292,1.6469146494665292,1.6936907296144186,0.5657464434498841,2.322777436041996,1.50652963528391,1.570122161577053,0.4951714948495474,2.63840705782507,1.2225771043483018,1.4987037133420988,0.35023932233691646,3.609568666480182,1.7171175673999644,1.642178525991783,0.6132591984285948,2.3790466074664685,1.3364203497435323,1.5265429982028236,0.4004495331678224,3.302126299497929,2.0087828230313365,1.8685678095425524,1.029943424153368,1.698962118917599,1.595575008239567,1.6662097503799758,0.5356112783741243,2.5210163617216534,1.6394662145862293,1.5809280274326487,0.5477560252085566,2.5357911284312626,1.4625378070376165,1.5341991126532166,0.4484691345401854,3.185608197245321,1.9729129536882342,1.8100901185106497,0.8303966141181778,1.7495710967345457
Control_part1,v51p.mat,1.6966844931300331,1.7505714311920053,0.6346366755282258,2.463414316570367,1.8148527813820436,1.7489755691660183,0.7072085100281081,2.099973429411674,1.7330783167005857,1.7330479473501346,0.6749714188833197,2.354626009087095,1.773159877530392,1.683357458872545,0.660878615690734,2.1582722034227255,1.6102832618827545,1.6676559303611362,0.5563320403852386,2.6563807788998255,1.8440126401095842,1.7477006456788,0.7574420614454519,2.1000381570495077,1.4336944658469646,1.6253740381883064,0.4897036884291981,2.3215270677007065,1.6394786583486196,1.637507092424343,0.5726336485249589,2.2053202976664403,1.6143398608333177,1.6659392876128492,0.5613194113749753,2.296365721468394,1.8266760633627896,1.721707237187615,0.7007987895145215,2.0094786943906575,1.5117826484695192,1.7611153584245214,0.5809781464759572,2.8199506291475394,1.9606195004360014,1.8468456937742954,0.8959698056695096,1.7922195868028332,1.8021811617655663,1.8078126647937836,0.6997910509706223,2.2160343374731233,1.8653236067958119,1.7741051373059202,0.7598405585051397,2.031581871098726,1.8423579715157548,1.833182087135991,0.7233263331540882,2.0388593132657458,1.9661365760462166,1.897251653854182,0.9605008842000985,1.428077939894021,1.683670002714508,1.6816714148083645,0.6166983508280142,2.5109546089478014,1.7773127728658622,1.7092383068079675,0.6825018869665197,2.219027960974479,1.3722522908048904,1.5976036952824728,0.47399624567648024,2.2659870596191483
Control_part1,v109.mat,0.7621078116758495,1.34528753700057,0.21867257137177828,4.134133873258131,1.0581668514356362,1.5275993720585528,0.328108846532059,2.991947048672156,0.757064641744587,1.3379547409892627,0.21736941098356816,4.138490867545622,0.9454792037766033,1.4395137521490726,0.26728372109934107,3.8996013567176604,0.6472867321196221,1.2474837323281136,0.18364278157639222,4.712548374652119,0.9072034831037454,1.4182191847675687,0.25416016767854505,4.078078491427971,0.7608114039249436,1.337943839120295,0.21830509430236175,4.2285883205889645,0.9355573326662912,1.4504303250357304,0.2672742062620437,3.7520556262537403,1.0787683770204746,1.4452864083006793,0.2917330431943376,4.337513052677254,1.0146260062764458,1.4610040631321488,0.2833608640136984,3.8620337235478175,0.851935904072989,1.4050486896970515,0.2555978682614453,3.6108839803110544,1.167072064303619,1.5515130177982803,0.33769530464073605,3.3864324305621696,0.6292044532075693,1.242302827833448,0.17977616744208777,4.710115738410066,0.99230947454982,1.4517733678698577,0.27365704682682007,4.261000647472842,0.903047362771146,1.408108430237302,0.2680690568374496,4.0969282839857595,1.232179791597305,1.5816629144779404,0.4432641050872735,2.7771814787155393,0.94133039190478,1.4083202859218489,0.2609938609984296,4.267923234316013,1.1653330406757694,1.4993156043606024,0.32538636780957975,4.021332994061585,1.1655532889914184,1.5257043863926356,0.34801219641462955,4.526105155628509
Control_part1,v44p.mat,1.877269233745916,1.83280953885611,0.7901731249681745,2.0014868805963033,1.7598704561428473,1.7678166501223862,0.6567880920322802,2.0732985121939893,1.7877560413821376,1.7171075076540339,0.7104102276759894,2.2026969452043796,1.471592492428921,1.6073005131904594,0.503776452880518,2.262565244009114,1.5550019325314515,1.5849747463136508,0.52840410458134,2.2753377471003,1.4408761537224155,1.6095037691914678,0.501028676413791,2.1804484247680582,1.7961768674297822,1.7029028853702686,0.6971848378062279,2.1724101230162915,1.5430977902888041,1.6325994251335647,0.5339398631218073,2.2199087896594563,1.8181822920285358,1.7226390453494191,0.7083722218650723,2.056110540262765,1.6214532490284679,1.6504546177482555,0.5757352712780734,2.1480653735290134,1.6657889149440788,1.8102269477226935,0.7180934339165248,2.371395060832479,1.791502814062949,1.7258405336671865,0.6685352820659718,2.1670712205129994,1.8849847945350344,1.8023486397867114,0.8166474204729725,1.9945304242465993,1.7931920914625543,1.7371391267222667,0.6714916017102874,2.166180361301341,1.749676649950926,1.7024218113473584,0.6440058330393157,2.0575696324776307,1.8578215819842603,1.7643859039279735,0.7183756723901666,1.9993601390069455,1.7951760907447865,1.7122439329877277,0.7240688638151196,2.1891990658104192,1.543690832860804,1.6292515323704078,0.5427050319721888,2.1144720472751697,1.7723519103050442,1.6992060170082446,0.6755809236639885,2.2000373592762723
Control_part1,v43p.mat,1.8637560123894685,1.9648144940259495,1.1989486869888384,1.5224016407253729,1.8404106194902736,1.8893950920818765,0.9962994198288789,1.7923495041555535,1.8028225508951783,1.9485281060078727,1.2671209548272786,1.461325404103303,1.8278414138877137,1.782899101637616,0.9979401374038622,1.8021407491640258,1.81374467579613,1.7946855120812988,1.0133268383834384,1.785917844109571,1.6958420240439684,1.627138283273333,0.7306286164086399,2.3312841941516185,1.9720584212556487,1.9049404201287579,1.1479984282319864,1.5693669569599669,1.7677886945301937,1.7591227318621934,0.8683592558762138,2.052118694493975,2.124950329099825,1.955907483689106,1.167740547798877,1.3960999760690656,1.5847596703089621,2.1301939792698974,1.6436243975444857,1.1396693150314974,1.8586228432904521,2.0606357845916703,1.5549395709972376,1.1960083653515339,1.8872968531794907,1.823160359123527,0.999150774434858,1.7872348234906117,1.810136537557276,2.0203517043695536,1.4703324949151804,1.2659764439133623,1.8129831846531639,1.7714012073393486,0.9613641881281211,1.8641625142268081,1.9021314487830319,1.8711397336213562,1.0817666759192,1.6693476549887105,1.857716995843182,1.7903040146681952,0.9654070326647893,1.8481095374604584,1.8497161707628296,1.8616587907997266,1.1335332978238475,1.6153901182582486,1.770578491763258,1.689193652280279,0.827635218253824,2.1144585353011136,1.6964737717943779,1.6926191797000678,0.768763617657028,2.2864088208660838
Control_part1,v50p.mat,1.4677750048511102,1.7663413310580123,0.6389926062227991,2.6957312993667997,1.3813831669878986,1.6524865964055266,0.4851513509479678,3.1933676071645225,1.7865652947112318,1.7825151491739235,0.834838270148222,2.09362346977784,1.5220550132991195,1.5878202319109633,0.49115752135153573,3.015027489101391,1.7924190678121645,1.7807578204847205,0.8554203004074677,2.059138729354887,1.7262628721598592,1.6938028145471722,0.6704852022988133,2.417364263869881,1.9048208301632243,1.8726548076993863,1.0574168851016175,1.7029912771159006,1.3971313029139152,1.5358175246776278,0.45842883738151735,2.4768119701117413,1.8946549685502276,1.8015986000921294,0.8814901333653953,1.9342378275992447,1.7709139823656947,1.6905523628969263,0.6496007245946068,2.2384471604209786,1.8878312827463972,1.9201231482182137,1.0908621898575042,1.6543927073510876,1.6753030637112136,1.7351199897754248,0.6543526291136148,2.513152369309076,2.004757047374369,1.966710103140208,1.1732144177255242,1.5251424015660167,1.8631213362626582,1.789130082126421,0.7426742961740608,2.0038157487367503,2.0856131333363317,1.972336849047877,1.1782455838772223,1.4443003911160144,1.74274949753059,1.7370879152390637,0.6968950383469025,1.9955529357324278,1.823350697610116,1.8266069768693072,0.9620977726268259,1.8675356508358623,1.711887362404246,1.673836734608249,0.6291831518048382,2.501278228550271,1.8352941086171812,1.782229097117769,0.8529725601466408,2.0227215369331604
Control_part1,v54p.mat,1.9671135742684323,1.8916148911923218,1.0412857783508904,1.6968162618785694,1.4294118473612474,1.6488784818316247,0.47891028633782806,3.057981412683939,1.835725906091592,1.7804572018555316,0.9200663060858093,1.9283707283493121,1.2114782479826696,1.51652714581019,0.3960094204389182,3.6000885066084996,1.801222275168998,1.7435668582134847,0.8771368975744966,2.0106712352794522,1.2505396316040773,1.528647659445648,0.412538757634876,3.515127155484502,1.8807048639104273,1.80185660379169,0.9281724603956731,1.8962278760267175,1.1240677927270686,1.5044692831806101,0.36377467216911497,3.71929610107746,2.1324645508732027,1.9114341655271772,1.0922823946994369,1.5120868054539358,1.3215793379181249,1.647718786166859,0.45291501751449853,3.333833748875224,1.8471471961406012,1.8458799545463842,0.985888085191716,1.826291566866568,1.1030557847052656,1.552068735880916,0.384222171812865,3.8093173095835557,1.8921394588534532,1.9102829148789022,1.1590749368829736,1.5781177707111367,1.0833348993516885,1.647302778511982,0.42069529719342297,3.8178491499713703,1.9579918413958142,1.989252741460444,1.3528153073732072,1.3621730411960036,1.0462157204372113,1.648213358297131,0.41430700667349496,3.865351564348464,1.7841281314404487,1.7454624611818472,0.8507432908248783,2.074756927782999,1.176841236754417,1.500895158030382,0.38799195757978444,3.6686209296858214,1.8968284532945132,1.9455516942297522,1.117599928377543,1.6300372056857573
Control_part1,v58p.mat,1.8726232553026136,1.886079167084945,0.9963276768063078,1.7725818695224314,1.8756364868321915,1.8113622470118187,0.7971584405639425,2.012068556985641,1.9347761077611958,1.8846000305947295,1.0159585158398818,1.7023117879086989,1.7706185701506847,1.7455049850697404,0.6823677653922882,1.9991287320780635,1.682655664697192,1.6308591952675289,0.601446117251106,2.2578549345023387,1.755223555931635,1.6898614858607466,0.673751307920227,2.1692284871408463,1.8783920454180647,1.8164863515268146,0.8966772010335248,1.8992884257305012,1.5365751246469328,1.6067738268337535,0.5375655469247369,2.1398153720255877,1.9214493747328838,1.872847457289568,1.0388885459957293,1.6992504949946543,1.8254126267844413,1.7381088240571876,0.7247725047230784,2.141296093836108,1.9033180210462968,2.0409965524882683,1.4009976334237526,1.3168702230864162,1.9729418866441302,1.901781687783271,1.0167514160906121,1.7042026035438897,1.9116112440636899,1.9981780632797461,1.3046284509539188,1.4072052739287053,1.9727498443020073,1.9066054647889021,1.0896782610115394,1.6081672098935367,1.9631126558681862,1.9785594904018056,1.2935509433798644,1.4079002772475284,1.9037130187509579,1.8193870841241138,0.9036079548392988,1.8935293574428465,1.8635714373538859,1.815701562773223,0.8761499335349638,1.9251053342416544,1.5619043365818115,1.626382927430449,0.5477831182362711,2.1176449689106813,1.91908942507869,1.8879946245529189,1.0838478683220993,1.6408805496774823
Control_part1,v116.mat,1.2979804069928393,1.6743789015225994,0.4922878246058088,3.6132786823367207,1.5585918964426213,1.6013357415608918,0.5013572890279009,2.9120363926669595,1.1869584051523518,1.6749073183080339,0.4890188456638617,3.7142091873294905,1.5169146420456654,1.5824628612094283,0.48161824091757155,3.1300685607574894,0.9945270877837724,1.4784721084599723,0.3024741591541923,5.5799426463738,1.516899161888536,1.5768323755662108,0.4857596430575075,3.1776706265238333,1.0743834144876696,1.5399961757285623,0.35186902316142094,4.925914898574248,1.2790474956798574,1.4856812196699527,0.37545227193497854,3.2438018698026556,1.135659628098511,1.5218977092261656,0.34761476555247706,4.770569792535647,1.6101735845834133,1.6348356204266938,0.5264231198506516,2.527723145833469,0.9280632317836557,1.4226729667857352,0.2644317725086961,6.0990995087149456,1.4391085053720425,1.615096968225378,0.4742695112270095,3.256697034383197,0.8720008831668471,1.3791142409596042,0.23863283359094614,6.608580129016136,1.563201602556985,1.6415619599940834,0.5371728266905925,2.9328202789937237,0.8617897282299478,1.3563817677638002,0.22190531975020658,6.3911289967696545,1.46545135518486,1.5671808848547075,0.4467119040769697,3.031724367343694,1.1878301002259009,1.6196256964124207,0.44060903516574906,4.0366476346578,1.5008237867224454,1.5403468142655778,0.46362251362239837,3.119573119615183,1.1824982660076087,1.6358046456323316,0.4493387575984229,3.9887719839830282
Control_part1,v113.mat,2.0130922706666734,1.8886540992688128,1.019396801888986,1.7214851322521012,1.867335454126227,1.767407944157141,0.7217332195969802,2.168498033465494,2.0083899382283006,1.8859843662940163,1.1038008058450632,1.645403168667318,1.8658660081683935,1.7426287055671779,0.7648997386033644,2.2032825901464514,1.91703854543377,1.8248075124257408,0.9450524820525937,1.8954659598505177,1.7181400233862636,1.5960170916746637,0.58172457612996,2.5617084409487734,1.880880934115896,1.75166524952116,0.8188771959085038,2.109662398563617,1.778407101432772,1.659737135560314,0.6313170329067601,2.43946725347962,1.8292358808338562,1.6957652483290169,0.7089227822563812,2.3397591475006903,1.6807121182629032,1.6461602813525695,0.5888553681611737,2.1835245297976584,1.9931719550728806,1.9073974142185073,1.1138415630051994,1.6383076842252473,1.8454696937536204,1.7767641787647892,0.7535349077181123,2.2055577196362766,1.7980062095832485,1.8468509573376672,0.888190238450459,2.044895120293357,1.919644604976071,1.8428162687029672,0.9191818571831221,1.9233683159578607,1.9021416762316639,1.774022688654771,0.8239147943349703,2.0817260550253347,1.7506672215084889,1.6707833355666089,0.6296203274977531,2.3757203224659915,1.9851544734685769,1.9051856634311413,1.0947299207212502,1.6521908231251792,1.736677642591224,1.6194341596244457,0.6311901589708279,2.4999934387689655,1.8907242943968914,1.7617220886542455,0.8466298442167819,2.0721965368169535
Control_part1,v110.mat,1.5758941521323075,1.7187099258594751,0.6481840175628321,2.7109523641010753,1.5297490531105415,1.8177588205218351,0.7500077037970133,2.4438101088764075,1.419011662690011,1.6572224953582193,0.5579560238794857,3.1607264300953277,1.1547134366416647,1.5042071917754882,0.3411168516534529,4.756892667990365,1.4072488081054435,1.6576261220274175,0.5617946907396326,3.157727086803043,1.1506442716305307,1.5244681987025661,0.35786400703638055,4.695678659316594,1.383934047154098,1.6221326784791603,0.5108403640463417,3.392697468103227,1.0874344125427928,1.4656136722187147,0.308777647553687,5.169830837663887,1.4030033968920819,1.581817759460124,0.47465720201662237,3.4784471064153513,0.9812956792111822,1.4137606539705811,0.26236487051802665,4.520143985883962,1.4360381849357924,1.623223578729479,0.512494052239281,3.308940045209019,1.15041098812857,1.481921602322002,0.3108758157884311,4.684415745071997,1.456977121408901,1.6974805319027815,0.6024881602003057,2.956070806405523,1.0609463131882437,1.4640051652807897,0.2978952733892011,5.306716059102102,1.3956718251123794,1.5813164918100404,0.4650858477595287,3.540024044437881,1.1444705244763602,1.4838106770257153,0.3220560901189352,4.859253265031929,1.2576925552568285,1.4940514672808207,0.38748562119567104,4.122308049559892,1.106944236034015,1.4655761625270847,0.3147770485524991,5.025000897982031,1.3944284945357523,1.63406336212442,0.5332458178024936,3.2825461826106386
Control_part1,v52p.mat,1.7845160044176067,1.8409796646551173,0.9411693434731454,1.9103484150761048,1.7098481060062731,1.7641040813686175,0.7769928733819206,2.2399981572888765,1.7400105142684854,1.8209520067996583,0.890124457529012,2.0209325346184634,1.6565991905551503,1.6389146877118155,0.6225743500058517,2.57772317102792,1.780942957988242,1.7389881889544054,0.830185586240313,2.0821435675319346,1.697099174315607,1.6349320201856774,0.6540138006618798,2.425884993329733,1.8958468438370097,1.8277535911886669,0.979372680496427,1.8029424018135907,1.5172110655490711,1.543958568336571,0.48464803129965367,2.7319784390118276,1.874288176487652,1.8259719516391415,0.9120976454344952,1.9153260844098956,1.7826123375465146,1.6847067542415188,0.6525226195948728,2.311355259560853,1.3842077065140974,1.76764328009401,0.6588857382963634,2.7227369987602055,1.667369563982322,1.7154249586764094,0.6783594041017548,2.505146162556254,1.8908782873699357,1.9242333783703116,1.1498597943784956,1.5848835852856622,1.8222998316218737,1.7305695900125353,0.7493729622218175,2.1895919243694397,1.8859046012946603,1.9461656917507142,1.187278581284494,1.5420662042620072,1.7776209135483034,1.7687814879951533,0.7188668484345904,2.2833878843304274,1.834529728033191,1.810836502845631,0.9732591633797195,1.8348804737759867,1.6071581906327497,1.5549863953620788,0.5471605648688399,2.5719789765029035,1.7579195607495333,1.7193184529480958,0.7576055959894101,2.2267683940842895
Control_part1,v56p.mat,1.4173770238803347,1.7787942484166162,0.6371565781393592,2.7848804781887284,1.4068052430882059,1.670333479097181,0.5012565497410028,3.2532072452547593,1.733941043734955,1.7700635386800359,0.848737073463569,2.109682133940242,1.6874062911927377,1.6709379437222867,0.678613454782932,2.5280191613876397,1.7559337984459598,1.7857613203878089,0.9194606271716816,1.9680263461457483,1.683063722823455,1.6211983104719483,0.6254652897610854,2.651909003912116,1.818571898371773,1.7988100236866233,0.888639232775904,1.9952683668903435,1.6932737137516582,1.6405601535784144,0.6255934895666114,2.635643877510494,2.0027613893777847,1.893332870277681,0.9965100821330382,1.706508193963621,1.9929595878795086,1.8596111090564322,0.9178576140191209,1.8021658676570798,1.8631998254628304,1.9431083759305205,1.089984046681181,1.666554383535786,1.5951846816099726,1.7236742356962402,0.6433056646600083,2.667461351573422,2.04379451997929,1.9806212408720842,1.289509128435204,1.4082387722633931,1.8549229250106212,1.8507955092841013,0.8083209162460819,2.093051620358108,2.0558588420083987,2.0143491607762054,1.3312449361713148,1.3640088827404324,2.0462393092216136,1.9275312007449397,1.0836091115017294,1.6139349277853838,1.6772164224898631,1.7452498275530577,0.7940158654282734,2.2542459497261325,1.6819617600801475,1.5896877404294543,0.602328544936429,2.7105952484167553,1.7096219897882223,1.755920682268774,0.8021113111701691,2.2146738973656857
Control_part1,v53p.mat,1.462481355945613,1.7021191460406109,0.6010930743830968,2.776819562571064,1.343815304414984,1.5812984946668986,0.47743036259308136,2.8462318180373845,1.4700997999178074,1.6699488927133732,0.5841238192279323,2.861429685226506,1.372221514588512,1.516513871231349,0.47834001269329346,2.9021503752385467,1.4425657009540584,1.5349363757520342,0.5071724451144621,2.9253036667975767,1.1105392796507405,1.4332276562810027,0.46818079800934576,2.505660643803383,1.4895858665161543,1.6020702359338839,0.5516696712583262,2.8924295146741286,1.075902399675018,1.4203797881388656,0.43029508758408375,2.8311811107165483,1.6672108612501821,1.7118591423520428,0.6426644646985961,2.3555126507909665,1.4795380227748676,1.5988955260704072,0.5613830843699387,2.540183342952368,1.4692045222833188,1.7767986422159094,0.6887900456931404,2.524578219297261,1.2501890763983252,1.5497123141755622,0.5095793792318598,2.8429407855409976,1.3786239974954522,1.5855475245495456,0.5169290665049793,3.079528182606802,1.471035155882848,1.6041078632931745,0.5838937424883375,2.5750508229685543,1.4903179681129695,1.7573255812522321,0.6586458161328914,2.606201552044243,1.3557768932302658,1.629328016354151,0.5591454717248127,2.4950493258144943,1.4965944035078493,1.6598706093638609,0.6236063819031021,2.7006920795084213,1.229393518147409,1.4576198731627912,0.46037973514642433,2.7591850341773427,1.511967448284338,1.612075942385993,0.5975033440487978,2.731787008461222
Control_part1,v49p.mat,1.7171114530584282,1.6450370420692138,0.6333225402180274,2.439713457809171,1.7628165979122343,1.724947938023535,0.7074763329875771,2.2915614778688775,1.656416656393299,1.5797966132044847,0.5954353431212823,2.5817697696277304,1.6056680510031214,1.622765832923551,0.6028226595068994,2.6986296530930596,1.6024528243799674,1.4995326776446927,0.5475186150347601,2.5924843070908143,1.573917107349331,1.5654981659925171,0.5813016107426675,2.7626291752729353,1.4146882798075686,1.4535769673653953,0.5432718696540013,2.4526911610759505,1.5530377149006593,1.557269567007417,0.5679901748687107,2.815243031905656,1.7332653478779845,1.6112005556515874,0.6176522844560609,2.338658103604215,1.8132119999416636,1.726055834627717,0.7053379197044254,2.2312496915472595,1.815671233117551,1.717560908993633,0.8039995219396036,2.1089373233704642,1.7081427967125418,1.7406897059655286,0.7401812544557251,2.308401899503868,1.417993953346274,1.506397465115274,0.4578107137761546,3.0875678012463323,1.6673275897232065,1.794422595925443,0.7920811258792341,2.2189624727288857,1.9217418231811667,1.7809026689742462,0.9429686500876443,1.8397089096409265,1.770877850901086,1.769966957636782,0.7895456058811356,2.1657954314293995,1.6235650380655926,1.5544357774315174,0.5646268157937608,2.65674445654739,1.4372007278332108,1.5037878345594409,0.5348525368526503,2.853996491517059,1.576158643153048,1.4879720103420229,0.532257312001238,2.614308344894942
Control_part1,v115.mat,1.5073530722784039,1.690892927173574,0.5706283064990045,2.9774910724922226,1.4955169806658275,1.6188624032616366,0.483526115084553,3.1285600606341855,1.516694713007281,1.6980946298149473,0.607881936592433,2.866179235318896,1.48038949831356,1.585942688712174,0.4753308248771919,3.221944640577683,1.4505616302280573,1.6570141203364401,0.5343575983603989,3.1743453211684924,1.42974940579898,1.610119784897378,0.4476701620112197,3.4355531264556443,1.5760386607192878,1.7673327588818282,0.6931951446918061,2.5727123757860166,1.367413752750465,1.5365995897611857,0.42450030539488603,3.6184630350221956,1.5614740315466085,1.6742603444827695,0.6138878159675004,2.7969428536904624,1.7963312899654724,1.7655185139857765,0.6927541758255864,1.973744536121812,1.5539320020129512,1.7174152754758196,0.6030357495253443,2.8497313038191527,1.6093686295242335,1.7246461311854777,0.6148569807724326,2.7236836513549916,1.4187087766639577,1.7312869701846312,0.5769311973383636,3.0561101740617374,1.5731088913586335,1.7582687815458977,0.6503297339892503,2.6486809793253205,1.638548836640556,1.7952046268839772,0.7452085205518424,2.3887162948576197,1.6121612915483574,1.6654442180258358,0.5904674977124675,2.480965568787302,1.6574570785475036,1.8755722167877165,0.9234134604574089,1.9841700422748272,1.573388971503236,1.639041888995882,0.5536634411559187,2.9238861578725386,1.5790978961880873,1.764332918786592,0.7369651182401314,2.4404116598535532
Control_part1,v41p.mat,1.7348335093749103,1.901281731735455,1.0363671040268514,1.753225860578169,1.5399926517620703,1.6340547482188879,0.5443255307631407,2.837852339719945,1.8240524365583184,1.863033565536769,1.0681325130641863,1.7014209487089607,1.590019559365993,1.5775069653949405,0.5322996079996616,2.826874284439272,1.7960527961610362,1.841921595989756,0.9941851562906086,1.8186594491856944,1.4949389625815037,1.526062580698998,0.4742762649586518,2.6666165896052525,1.8451011209544665,1.8860867255678058,1.0574890894559752,1.7173767458564202,1.7207605882423653,1.6561560493479721,0.6036007451864505,2.259622157876787,1.9050049712385615,1.905324482427238,1.0673864070929415,1.6774534070417757,1.91506987570986,1.8305734882917222,0.7997729559721252,1.713821477726339,1.8517931379633978,1.9712914101239878,1.2784094048841685,1.444630015392466,1.588738029380183,1.6608785678570068,0.5652530734498709,2.79641391924021,1.8819769519658305,1.9470255404931742,1.1868552084045552,1.5416897595583554,1.7033892297365938,1.6434031704683019,0.6055059692847186,2.3638844511452337,1.842832938852478,1.9851862809841692,1.1897809100537318,1.5431305575736616,1.6843208203764224,1.6576683284956055,0.5816518319105383,2.3008488680987824,1.7749828817217779,1.7876743599464124,0.923248016760031,1.9426695446994304,1.4933003331380066,1.5562054905986629,0.4800097393342061,2.578261177506532,1.9079476643795914,1.7946800229109532,0.8459691630402858,1.9677027163647476
Control_part1,v112.mat,1.3419021432297473,1.5142935052198367,0.4003112222894901,3.4084000176880176,1.4714789843247975,1.5520303173535566,0.45852950829569644,2.7692679717086612,1.063644923839568,1.4114299804744077,0.3113908883434209,3.743499496460198,1.8274260748044746,1.8938578768737215,1.0643316525218,1.7213116898650278,1.0377667347070383,1.4133596093089067,0.29808713588375246,3.9917753698751186,1.298345475200085,1.4864494524294172,0.384719032749839,3.3194570206500016,1.2743935711046208,1.4901062271922056,0.37280149419691366,3.501701785251526,1.1721173111911338,1.428740548837984,0.3492643540416631,3.2709709129316,1.3709938041714227,1.4916993599475674,0.40625084508153275,3.414981963549923,1.3270358221941585,1.5010273190435475,0.3999629294256235,2.9700511923345165,1.3540905021462688,1.5149053945729425,0.39967239631577806,3.381584058661069,1.5480701514061854,1.584025204213437,0.49197500569669383,2.7865137369485,1.0063621553609914,1.413975839157722,0.2993604023670347,3.8252968101042084,1.430412285781724,1.5587638537221942,0.4378306084245261,3.1599570537253934,1.4941080664100244,1.5857470849018678,0.478547852234093,3.008517191857652,1.4569972004038076,1.5347947690137604,0.4389500707041136,3.1779226302951757,1.3921816958097728,1.5013443115657545,0.4294584420314606,3.4613395786742385,1.5965788580507372,1.6029931103204942,0.5586247407529342,2.8937892031245753,1.5319636706963582,1.6553607605696117,0.6083769710905338,2.824554672686283
Control_part1,v111.mat,1.4052199623723287,1.5078689075234215,0.4316119004252774,3.0723889766135453,1.429835368569658,1.5540028423575483,0.4661565096973989,2.543018693738977,1.457697430178178,1.543522410052853,0.45735488022229387,2.85285911270025,1.3051741747465648,1.510599267744935,0.422620900091112,2.4978422462726817,1.7200610903230835,1.7578652975286992,0.7676281917448454,2.253473649241271,1.411947747293858,1.5345538003827084,0.4450362195454179,2.642928047062174,1.731162087321886,1.6737421460749842,0.6443356328661443,2.4051807690266016,1.6276527300012802,1.6145502954403517,0.5899968843577744,2.651491602930597,1.5326600717299326,1.6033188058632677,0.5302743124402857,2.266043617194916,1.8635644011807333,1.7814057042035887,0.7675530339025777,1.6894287473346186,1.5410151655667166,1.6043493944271958,0.5414739674318897,2.8888700923278052,1.4424359142711136,1.5484206524660733,0.4566397925737908,2.749650211356773,1.6194567624279959,1.6714233337479463,0.6110390515227783,2.6745581144752437,1.422963776915652,1.5758309393589616,0.4492293927664908,2.716832084066206,1.5635804538909,1.6342287652513845,0.5311267805928086,2.273138751406363,1.5639609964772347,1.6471022694845274,0.56911492232061,2.10197989389097,1.690812095302511,1.7512743016482821,0.7575563971099945,2.3001239552490453,1.2137742093588635,1.4900269943911024,0.41826675171885025,2.3044307250247367,1.6249360224685914,1.613884907688827,0.5825874672049363,2.641377035359419
Control_part1,v47p.mat,1.7508717562446225,1.841455737343646,0.9071379142796434,1.9509413658719517,1.5055822629757931,1.6893726713811226,0.5649223694511164,2.922471149187451,1.822291175102313,1.8046826027024019,0.9018656139234109,1.9333161441752635,1.5913987409368895,1.660794255926168,0.5720542696040599,2.7475013906245946,1.8188225568205043,1.8054834084170903,0.9422358037564306,1.874740927233292,1.5532075529303135,1.6411175142895333,0.565395746003482,2.84670355973878,1.9147017339392276,1.9090265815682048,1.1369382876525225,1.5862555772874443,1.5751868025324196,1.6431639871055976,0.568337526545343,2.7875901756869754,2.0297249076097703,1.918532988519349,1.1036408970118685,1.5718644190004623,1.6795352455259946,1.6973779960996436,0.6152023833074992,2.5543965012817558,1.8503929083484945,1.8729192629868494,1.028341657816498,1.7415405112781999,1.5311878869828748,1.6760416661925241,0.5639691702643886,2.8067449404822793,1.8821563906130123,1.8892601997898677,1.088046738899151,1.6548552790784843,1.7310904138629528,1.788800868902262,0.7474054669117842,2.268576589809146,1.9567106344181093,1.9215819889261807,1.1435759507207246,1.5713390718508518,1.6436452850007726,1.7409069466079825,0.6789373812884383,2.509138409479152,1.8164570467721992,1.8079317198823572,0.9214539388174835,1.9104851565099707,1.619493083888118,1.7067203965428899,0.6669000793795542,2.550892966155141,1.8549111292454104,1.842620148602427,1.001871497831735,1.782600069582674
Control_part1,v42p.mat,1.6777871669459712,1.7868749838119804,0.7703864119011407,2.2783031479383036,0.9994493527459123,1.476552325056958,0.3087160354504078,4.8259705106457735,1.475110686764061,1.6336939739579477,0.56585447646258,2.885261915753395,0.8436770688546482,1.3541048111819802,0.24659113072601624,5.206097854589952,1.613504990877371,1.6476735983841813,0.6279674284198011,2.592663421439657,0.9388359913813686,1.397756036929458,0.26846797321759824,4.867105645019155,1.6895717186101136,1.7217503739401825,0.7645729965732808,2.254001269062872,0.844820696171066,1.3762602171519385,0.24268328684104937,5.183066406102766,1.3435987222421595,1.5948554138661353,0.47710677715231753,3.365707279914041,0.9495281256813985,1.4357691839391702,0.2715084690334518,4.97662069154822,1.6866601643489343,1.8712872548573725,0.9060823534262497,1.990316327382485,0.8523445674149444,1.40317045890368,0.2521871205217733,5.375777685739713,1.655863027318298,1.7434861171013607,0.7380760986268419,2.3497662307853044,0.9410881418298485,1.4493665843356218,0.27733622061993146,5.155453418692561,1.662359108569861,1.8821634987548255,0.9052819858933442,1.9950065634340899,0.7922444794989545,1.3745070088306608,0.23703366654483404,5.189033499109153,1.6637793094557392,1.6828177586602768,0.6950770311490311,2.4332202314825295,0.9894756026427571,1.4273947501988238,0.2944898866032209,4.6079329463560095,1.5641096284080183,1.607356840733698,0.5451426790334795,2.810971285069631
Control_part2,v297.mat,1.634263035985211,1.7539312236017788,0.5910423557197535,2.468782547003497,1.368783113430188,1.6243948107305108,0.42654618721965576,3.331196250161294,1.6286275239427863,1.6659826052230813,0.563805847356928,2.5282697295637937,1.6848290991570316,1.6232829580383652,0.5879955121916589,2.4657852257532102,1.7470155191329875,1.701081534858764,0.686293420571161,2.360347076226862,1.59613228892175,1.5617951052315286,0.5250458787786595,2.587383191683279,1.7966253547218791,1.73015388337506,0.7277972781674735,2.2504910008730468,1.7236701524272995,1.648094269899044,0.625924862986822,2.425142912208601,1.684587942420583,1.655734253285894,0.5809671943629362,2.3666410476079798,1.6933577171420806,1.6595119029405374,0.5946297856481211,2.201706305288068,1.2366217598923503,1.5755942762108681,0.3997312781608884,3.9848919368247917,1.5642253873692948,1.6479768552411673,0.5333640573536933,2.738710836445003,1.3790798757219442,1.6044387258821446,0.44667916626084586,3.4498402643725257,1.6523514430428161,1.6830401827637635,0.5883292484235983,2.1301850606639623,1.9256921789671866,1.8137899946342309,0.8235190232765336,1.9730058664134706,1.9419493573859592,1.7837277742059978,0.7951340526112948,1.87598516366298,1.813002995364144,1.8650908647165945,0.9985924713694792,1.8127172516583956,1.5844125930933135,1.5545839722922126,0.5205635266660084,2.608752749830919,1.6351012653748658,1.6021896763971577,0.5522488963920362,2.558089251220816
Control_part2,v304.mat,1.8342106756623693,2.0059571960971017,1.2395897670262728,1.482137118282977,1.7461652399286125,1.9093046283522181,0.9738299810983575,1.8612366232311963,1.7083339938103768,1.6923946547037065,0.6927924667958845,2.4531880586273513,1.58673618456461,1.624281327932477,0.5667287800038466,2.82315499783549,1.563351943239164,1.5606918179974612,0.5266529624541215,3.0234031898684512,1.8583923589502538,1.844475499415497,0.9986658210340302,1.8044606204002827,1.8991505200358807,1.9949683269281386,1.358217699168075,1.361096425297612,1.862227992359692,1.8073992663184544,0.8996237297747312,1.9479374276508499,1.8517929954593573,2.0337643935786796,1.4228853986126142,1.309073211728885,1.9106355182855745,1.8630317852204106,1.018496891526882,1.7494035088502433,1.6961795454044353,2.037505363702632,1.3518837538211994,1.3769659739134537,1.1122503608029195,1.4880073628204677,0.35012889480350307,3.783210378708883,1.747480752946986,2.072228682868881,1.4752251473351823,1.2686965442507365,1.8788524900763521,1.9026018077984848,1.0974227818581015,1.6626517420655933,2.0870250796093073,1.930774208791252,1.0924237681958142,1.5462628258357896,1.7196183426178848,1.6773596962585577,0.6241291559238163,2.203443231268069,1.2495028818078184,2.1847125086689845,1.7648505627113988,1.0655276032446017,1.796786547816433,2.00088892226156,1.3327650213419977,1.397690328510166,1.5797732590591087,2.1043173452425927,1.6009519086929755,1.1712941095026406
Control_part2,v117.mat,1.7336962205486781,1.7948872408030785,0.8445963470926643,2.110322272295455,1.7165275223933376,1.7657792927526805,0.7699942684069703,2.26172782499759,1.697810490100622,1.7770943722162578,0.7779327187710932,2.2820356784578406,1.8000854034361007,1.821934715479551,0.9187091856509998,1.9690210111110868,1.7442944077012852,1.987756646377609,1.2296849899954947,1.5077445257404853,1.733352640928988,1.8230587871368686,0.8619429080994511,2.088691903132048,1.7977708274526911,1.9152408098490474,1.042000028939499,1.7568522929766763,1.8109364335804177,1.929159278966227,1.1082488036017386,1.6588156753066932,1.7538043224945365,1.7230889340928024,0.6924290878120303,2.411483035286923,1.8854162790410403,1.8317762184901092,0.8783537975911275,1.9779817297976694,1.6201632773695103,1.6996521218174458,0.6333006396016061,2.6831029371016935,1.7423159872794978,1.8199042515235055,0.8527549993409602,2.0859112542811933,1.508979815053606,1.6987280002463432,0.5773933220003664,2.9612075548173014,1.7738074208742658,1.8902177040804573,0.9642360244997316,1.890019384499046,1.8639815865111755,1.831802300983254,0.8955006550178464,1.9601966333339065,1.650739803284722,1.7439749039668415,0.6823626410811886,2.549282932514909,1.811493550324058,1.8257156159809442,0.9409982537273806,1.914927435144787,1.7912798022425163,1.7825443606214288,0.874331942080945,2.0466430712699055,1.8235326911820362,1.901302155141685,1.0885558454533073,1.687881170911374
Control_part2,v120.mat,1.44660982549785,1.5480500189870294,0.4750503144719326,3.230296761687329,1.5328906392480066,1.6107863280218693,0.5603962698466252,3.0112328769504777,1.590915332673223,1.7309775226571977,0.7525235526087812,2.3577720631824497,1.2705616058366878,1.441843190280246,0.3714255374016588,3.9075479853447272,1.1593132824603951,1.404680829845911,0.3403642961971667,3.954938004747102,1.3163379375171838,1.4855504334904321,0.40778677733938434,3.785250595704926,1.5333485441536352,1.7055397822539191,0.6888398975575746,2.579213704248127,1.4454962105284435,1.5857252338982684,0.5174126613411852,3.235387621858885,1.4646601013676888,1.515470449846185,0.4773502678555875,3.2603503434438093,1.6133244607621107,1.7030455269840246,0.6897209866254406,2.5611125818409426,1.425639474033066,1.54074607575419,0.4605639536011031,3.3716887123740076,1.6023631150042927,1.7039487833884985,0.6748547035671846,2.5912402560486925,1.4516930406640687,1.5828060185683195,0.5218689686052177,3.1677138076033087,1.5711166775299592,1.6739504627337665,0.6099505311714242,2.7959070536317987,1.4304658542951612,1.51387899030192,0.452464089078356,3.2706600666534733,1.59258734626545,1.6807591895840184,0.6486293738245057,2.678879823391539,1.6942682463713927,1.9139344081882999,1.1090022771148618,1.667102067718746,1.4036525977682008,1.5443614078927987,0.48048733466208765,3.4086461217920263,1.1595197224977016,1.4040406588904306,0.35791309862120746,3.7174324026234613
Control_part2,v127.mat,1.4173653733112421,1.638047345130637,0.5043434664510239,2.1608565354448155,1.6768496737468608,1.793977777562402,0.7024926848791732,1.6542404628798335,1.2892198648826079,1.5884006644794024,0.4599798646902705,2.1670576755105593,1.626924460398092,1.732308105884158,0.6274662966256506,1.8015982737099632,1.201530881127845,1.5040591745287577,0.36550056898123384,2.957132789827987,1.34686325219318,1.5922517599545403,0.45293437640799367,2.301139436746175,1.219493751902021,1.5331807361619278,0.38344958690898734,2.8007128571927833,1.2228619452494844,1.5195657700752427,0.39558120225690047,2.5586469542657952,1.1932792568814685,1.5121946809396767,0.39378263170997546,2.4993181221312692,1.4562744754189652,1.5480823570452813,0.44774286093401217,2.851396433172623,1.598193030656943,1.7455258617922986,0.6293891217089755,1.7990900230363063,1.4421838238652902,1.6486430197277635,0.5186974471429212,2.1069905966707863,1.0603352661550813,1.4567710374175462,0.3193181444398902,3.2313066367413903,1.66934855523579,1.747863779046384,0.6163651392323456,1.9698471056103857,1.3181195298503634,1.56707728082758,0.4255546884502951,2.550047462388613,1.5472137213536081,1.689639259539075,0.5651930408631288,2.0530575968400644,1.22024856040409,1.5380927651955763,0.41278817402400614,2.449071663361514,1.3449275137652474,1.546906658189753,0.4408623202734984,2.4238133001061244,1.1871436591677575,1.5024083237060526,0.3847920701129288,2.5999628102110397
Control_part2,v306.mat,1.6845268647926037,1.6268844262896471,0.5784228875674633,2.4091993141185264,1.7942206814703,1.6901010487984485,0.6863463359334167,2.2786728657316977,1.634357206509499,1.58780383840815,0.5452823045354463,2.436246607346856,1.712662691318708,1.6259205206055074,0.6044666881749078,2.398089752151766,1.8366219577367993,1.746666331606578,0.8188797210202152,2.0762942882305255,1.7184799440185197,1.595689193626837,0.6194203419727351,2.360068351252251,1.9660089038427468,1.874989128665855,1.1062084809967545,1.6157574420992704,1.8553007512462925,1.7744144190173425,0.8831353673761912,1.959274447091874,1.8804637590504125,1.766907989107229,0.8302242625299732,2.0207796205829345,1.8925158344762139,1.8198150832634792,0.9609239589742121,1.8307423734675914,1.8634651258714605,1.7728526781340626,0.8243076883169549,2.0455319429099776,1.7378613353971648,1.6518956256232464,0.6287997329948238,2.390624275289757,1.584395772481261,1.6711437308835992,0.5950655430838319,2.789283338415943,1.82487930451855,1.681425038762559,0.7182976387753413,2.1936824181648613,1.9211558457891975,1.7558737526546244,0.7843555537368315,1.9824218031047598,1.8532329938415621,1.7115286111445989,0.7102933053505532,2.1138576814260723,1.907868052127884,1.9001857662264279,1.1685702450184465,1.5593005559395732,1.813532203351981,1.6767035015942626,0.7753762193033343,2.138094748133153,1.6466637000715014,1.5754124856072325,0.5527290591885579,2.4018607907850558
Control_part2,v298.mat,1.8102620274939731,1.7368997817821363,0.7466705032675289,2.187876017127965,1.7027174192270982,1.6558820777656431,0.6007615684005514,2.4588057452235215,1.7300298733105945,1.6370746373099647,0.643077258329765,2.4593640997492616,1.5781874025233882,1.567377276217983,0.5141178531548005,2.7606142825131657,1.6736113526764065,1.62859632228268,0.6308147928821055,2.556290615792572,1.4549307246224474,1.5237895030875361,0.45894284389233286,2.716013880064796,1.7371502547647761,1.6410942889226425,0.655160304184312,2.4168559583872065,1.6012907082082224,1.5764722255663484,0.526235066852373,2.7105679558508284,1.6406074424748844,1.5778638024225604,0.5488668318451863,2.461036141265238,1.7195827061150446,1.6352942227568175,0.5959582261116089,2.3918751084969823,1.591107698805109,1.6328780714405267,0.6052222537333237,2.6485219784988496,1.3893482149826926,1.5123079487459383,0.439407410157475,2.625120933811706,1.7937161984223495,1.6464882860555878,0.6684407883808722,2.312113820444711,1.7050486215789853,1.613216276074676,0.5874237385003148,2.50813024341743,1.8248669271554165,1.6766860621731676,0.6941289721061592,1.9400480917716185,1.875231630903337,1.7378174858085045,0.7866224254868518,2.079501678192593,1.4859273220488096,1.4900210262532747,0.4642005248759346,2.81063837632657,1.6087584003316824,1.554199128518526,0.537220692373464,2.7293894444973783,1.3843205738863653,1.466352232951563,0.4312326176270551,2.7338884849969567
Control_part2,v138.mat,1.4922397831508896,1.535883024862707,0.47010784449646054,3.086029461887556,1.4130761989336422,1.5117176520126085,0.432187257953413,3.061475495613888,1.351483606989543,1.4508197947629704,0.3922862082565579,3.418318497877292,1.2846931977561287,1.4461661434133506,0.3792014476804252,3.288296540276948,1.155851973037893,1.4136238044265952,0.3256236141550629,3.8608305214768635,1.2675303612942317,1.4345660920335908,0.3764810353469748,3.2391025573306917,1.257548305685118,1.4363258360318567,0.3705133522981738,3.3851671781229182,1.6157721810912173,1.642054955260794,0.6402301011760796,2.652064332532172,1.2098717528242413,1.419210348043389,0.3545969092359443,3.207942790082061,1.3851131277972968,1.5008741083696595,0.4352782399858743,2.662592579063894,1.6089030221944798,1.6075975450296531,0.5351290744635582,2.7162982779569456,1.3280639013718258,1.5006111087405063,0.4026989858750101,3.0046285104413064,1.4359969524838658,1.5206471230210699,0.4376546840051737,3.401347605488932,1.0347416327791912,1.4274371767882463,0.30421773785062894,3.9210430607335507,1.5324842784934454,1.558400801854832,0.47924179927186017,3.0201679037272204,1.428976143489486,1.5824358978192796,0.477671926993983,2.624987788148056,1.4251588993516058,1.4969847879156604,0.43127779552419737,3.3063897419933475,1.3667461050967846,1.4625515256784722,0.4087625224506038,3.1584740673400438,1.460150723301068,1.560640337249879,0.49056878878627247,3.2588348967047525
Control_part2,v302.mat,1.856097630217894,1.8353317962228168,0.8309092452581354,1.9937441649119618,1.3008347487206273,1.5912333658081261,0.4155255292523263,3.113545471976722,1.876931410934561,1.800003934351917,0.8455342110683182,1.9661172164607257,1.413429905801122,1.6014376142433628,0.4560916427567515,2.966860739058302,1.5801052272210074,1.6029463008765084,0.5278128760781899,2.5824914028972237,1.130697752266201,1.5190522379130744,0.3721662634269307,2.7995090832010994,1.817725790955718,1.751317273580424,0.7826621593389566,2.07145356904421,1.4260753462528761,1.5914680680092452,0.4608880809999452,2.9944180825202245,1.9021228253099283,1.7775487918238788,0.8273919036235384,1.986737514508281,1.5463169366265217,1.6553507488533892,0.5280726371355247,2.8071129885415926,1.7739483238353042,1.7948579867238261,0.7478652526942173,2.214537364831375,0.9548772690161007,1.4561129499128027,0.3092726870531363,3.723106779950709,1.759642910067103,1.6858080591387457,0.6418472462633846,2.2061302860234124,1.2111231960081104,1.5601721834119138,0.39398956687868264,3.048089603669286,2.05423494122691,1.903737525452754,1.0520360303504905,1.5982681498558389,1.530661384854775,1.7245103145549556,0.531600895143432,2.820204118027577,1.8451425232686338,1.773359162841909,0.8125016208566367,2.056527071494632,1.6495187693752387,1.7035462446812248,0.6503870475555864,2.508029317571726,1.5635698572874137,1.5875879683625331,0.5490883771190768,2.1180383958699296
Control_part2,v134.mat,1.677207704980332,1.7982630117237943,0.7170700819958992,1.760868554437198,1.696785497930061,1.824688997188818,0.7443286406294986,1.6346922101157864,1.5114982925521305,1.6482575903346801,0.5586079200071784,2.046553427602565,1.5223416449807279,1.5960568332298375,0.5082464814213943,2.3470650991895337,1.3670987527290919,1.5767180894617723,0.46039305967693633,2.4155290253612267,1.5226764555721548,1.5895746948490925,0.49966263921745335,2.4178616349958455,1.499675986841472,1.6296628797536483,0.5125314639783627,2.2771198795465364,1.460437050321267,1.5862422097326228,0.48352531214647976,2.4399688333184186,1.5991979621345251,1.6798776504796833,0.5761192267288165,2.0939906161271833,1.7212482672233902,1.7730222144957357,0.697953616381905,1.819606192481661,1.4399218430936127,1.621012626876856,0.49989491895254834,2.333887589693683,1.524999878699461,1.6694990145549242,0.5406820476483846,2.2022156173565652,1.569490113568257,1.7053818129294875,0.5787866233957053,2.0944798073163247,1.8066345995812627,1.7667267430608773,0.6890293175709501,1.9694263201737303,0.8252166058351693,1.3657873199063857,0.247308943321232,5.1737709502099145,1.6232806616234097,1.721784831429695,0.5966620307411907,2.1491516863271896,1.273869261861532,1.5464592780512931,0.43090686414147994,2.46768443172223,1.4724310862076901,1.5675405601248458,0.48201357894246233,2.439597744549092,1.3477153398855428,1.5384902248497696,0.43655828078553116,2.5175740301674967
Control_part2,v300.mat,1.2552070599133551,1.6372806234922137,0.45169690950769736,3.7328369024804,1.6510478308535808,1.7324906057435534,0.6770661831502108,2.5064944695587634,1.2758596935066362,1.5940598219246611,0.4342752829873102,3.8009458931480826,1.6783562162914505,1.665119772455937,0.658091483081091,2.570501243235544,1.2201096670839275,1.5699518811720983,0.402229901798298,4.044240924665469,1.3154982746717274,1.5450293435031803,0.42702095872318485,3.875729420262885,1.3530235845439407,1.679711060805341,0.4923670403317176,3.4473171553438657,1.780416503717201,1.7522767398383288,0.7336941192413504,2.3131803693160387,1.1958050741101665,1.5350014754472383,0.34576602165914067,4.000632912243963,1.9013720345933907,1.7665276195765187,0.7963135141522347,2.113809630842962,1.0874262014762262,1.5103315779560258,0.33110799037846506,4.571847610090788,1.3978244716068513,1.635473219590056,0.5030541175427902,3.256809038245479,1.3109478676862176,1.599604291812994,0.41824168256493854,3.687319086107538,1.6352278692558082,1.7544870343666326,0.634430092892386,2.7053139595995925,1.5362627758329266,1.709237547788641,0.5018298085447547,2.835459884036539,2.0461169208705234,1.9082596915980785,1.0281276903222494,1.6688869692775707,1.1511378763285491,1.4828555055345922,0.34046888551926846,4.339560623614861,1.9474987623766653,1.9862814753796132,1.358918852455593,1.3672531568488722,1.4512755539901043,2.052143734419871,1.2650698116706633,1.4802432062225819
Control_part2,v129.mat,1.1995946171196543,1.4548946447214415,0.33697522343051756,4.048748283202774,1.5149412718415673,1.641675228239702,0.4993877874405301,2.531566428743009,1.070282051147824,1.4061327777579578,0.29542334692312616,4.237911161609248,1.264030302903902,1.5064334623153204,0.36874995029169944,3.507007614712734,1.126026940474333,1.474392581191024,0.3264352681261713,3.558019381562006,1.2493991658931596,1.5001464521626342,0.365833942321747,3.603990533278939,1.1901069011527174,1.464903179317352,0.3389414873594053,3.92298964952896,1.2342462343331326,1.4794686889493511,0.36053211250140266,3.588162938470797,1.0459771139971843,1.3864655919995055,0.3017718696444497,3.7778518734466857,1.3403897719104698,1.5375683278927743,0.4124123308042071,2.964455769985694,1.1886575676419202,1.4674425257518393,0.34393063700486215,3.8363274160101626,1.3908212477156838,1.555048393124316,0.4230198297560717,3.2474613219759862,0.9087534055325239,1.3719446536501614,0.2551230851295388,4.709778962818052,1.3493415943928784,1.599632043402281,0.4266067108799481,3.0202325357093747,1.1744955960578327,1.4574609060023642,0.3439404911685248,3.442876719131071,1.4213233261328484,1.5496509963597205,0.42692772696265285,3.191163285215911,1.1596587129163076,1.436972458023562,0.3245687779898832,4.02999870845347,1.1956523107745878,1.4639559687370274,0.348059727144932,3.684814565135141,1.1332694373606929,1.415789230755731,0.3210221763449074,3.9363687727161105
Control_part2,v140.mat,1.457522886471244,1.4944930075513003,0.4599553982141466,2.7463213357307095,1.310384423594158,1.5949929703899373,0.4535900394923891,2.3079993272310806,1.5537724814897254,1.5318098778573583,0.5061698186631711,2.7253971707888067,1.3738798222210193,1.577223114989149,0.4536034419997088,2.3965604910978495,1.2823724116230983,1.4822592376053443,0.4321817547464654,2.30212353417218,1.2427972419021436,1.550040091457612,0.4320587912442088,2.2427355321234805,1.2502792923850565,1.4393324676688417,0.409552142189272,2.4614525851593556,1.4608141374161843,1.552931785242687,0.4611430677883751,2.631049340167111,1.2861117356468768,1.4434029788561422,0.41357424707151896,2.5446454502113918,1.444446596272022,1.5756592143852859,0.47411664242161267,2.419559416027052,1.3930486062937986,1.4689823262632131,0.44283463826693625,2.5843393655818874,1.277959623739073,1.5768270195535607,0.44199075937781573,2.2695106538529575,1.1993041253856536,1.4300501368370324,0.400334534449549,2.390907976654625,1.5354922061602818,1.6033716970266183,0.4847377245537638,2.7573119741937355,1.211453940141364,1.4330485869764762,0.419489774092874,2.2947272150244773,1.4335334806118607,1.6058095082937527,0.4853211351553494,2.2770270109036566,1.1691027181374207,1.4387375070931414,0.40147856095482937,2.3673709739701754,1.3364919831430777,1.5596603225313128,0.45595078019601953,2.224561503455161,1.5801138985056045,1.542641086638978,0.5272872341708982,2.8183438470064672
Control_part2,v310.mat,1.9757378355011932,1.8945301643832333,1.0197535088990992,1.716495803324166,1.898842206976556,1.8872754675122732,1.0569583265350477,1.704711682854564,1.8919531384649382,1.8592167303794584,1.0445769334834887,1.7276727565564012,1.8890410918851002,1.8782617609092855,1.0547903516229793,1.7105458117616323,1.8562571737998006,1.859653161380611,1.0467907420927711,1.7354267000143253,1.623296021931096,1.791098935599422,0.8074692241801248,2.1178124846367066,1.9294989185258764,1.8718032545296812,1.0411962326876172,1.7219092581615167,1.9532297444385271,1.8889404982114169,1.0745697960492695,1.6654607932960497,1.8364518500279257,1.77100185856034,0.7901418972807713,2.1380875062273215,2.0466142039334363,1.9752575316223917,1.272764192707891,1.4182912292829197,1.8525474092481886,1.9428750129245271,1.0879470862633722,1.6728606228038163,1.8900079791072395,1.870216404413541,0.9978641695734034,1.7936319819553999,1.6438005816417922,1.7140507249957904,0.6240558711015094,2.6669931122936448,1.5441105093862983,1.8972422163725917,0.8817297298700268,2.0516762944951883,1.9969942524283892,1.8725652231829104,1.0134401300922231,1.7184868885285014,1.8719256842639798,2.0100697166925676,1.2727861733917682,1.447107315565419,1.8598257185113942,1.896089583096737,1.1181183199638862,1.636068999252524,1.8686790949553762,1.9226714141513939,1.1631371603895468,1.5753053892176991,1.8762850133313052,1.8475053584531194,1.0167334966831485,1.7691975508381481
Control_part2,v299.mat,1.5659636787852604,1.7674357354542074,0.609470800565478,2.702332520303756,1.3393205756866058,1.6519836807174646,0.45362032608635394,3.310633089013772,1.81377299937101,1.826322191476759,0.8462137802324993,2.0577456867774386,1.6814864777889085,1.7433440149717818,0.6573422301336825,2.503467746477406,1.9023840973321953,1.8838174785387605,1.068352717102572,1.6852561892055038,1.7699164392089077,1.6965164075987813,0.6872459336139831,2.2760911291160357,1.926396068832661,1.8524775561484257,1.0010615632689097,1.7533757676208772,1.8913477871983018,1.7846480879130708,0.8446185895415319,1.9790021467979548,2.067089299553089,1.9034092862031984,1.0567655596191137,1.602027407908833,1.8113827977101655,1.7046048379446423,0.6710867066535102,2.0323710244910576,1.73193831050156,1.8249766099471023,0.8008041393023531,2.1909842501390284,1.1302510579042342,1.535885173963645,0.3800766516277851,3.831890867366744,1.6997852609427513,1.6500411693059915,0.5914350377683201,2.4703249775607556,1.6131978716678903,1.6399290530901962,0.5386503900423288,2.4011509598641476,2.1055525513055837,2.023657918991482,1.3781903326320641,1.307805764887468,1.8637550993714145,1.839051934286512,0.8083800576473396,1.5709150916007515,1.7753053417740965,1.867745919058625,0.9690416293988335,1.8669388629915822,1.7408505588271943,1.9620742598306362,1.2477746159320655,1.4868179059184345,1.602014214535875,1.5837903109620115,0.5353765655335893,2.696965770548693
Control_part2,v309.mat,1.9156953062774713,1.8279584403767404,0.8512134046152138,1.9633019488867884,1.9683384492989076,1.8387583862026684,0.9203727408073429,1.8958224056502264,1.6714247306426167,1.6918910280420532,0.6248681070719003,2.6214856874143755,1.783804428760984,1.7697325506828356,0.7814018766059121,2.261500107866312,1.840077728478252,1.840369660248904,0.9714744787457679,1.8522355144286984,1.6785673026582923,1.6701125144534708,0.6393959504617612,2.6289616508306928,1.812630511408531,1.7903738553575528,0.8578534443848238,2.0560391094160697,1.7046254935939587,1.8780254266835605,0.945660409848957,1.9175496773475607,1.455665398450496,1.5062791760194227,0.4410309591943377,3.207914158298115,1.8935160271798965,1.8063175861121277,0.9216816094807544,1.9419191750535374,2.007074858174322,1.897479963129092,1.0001415372155562,1.7228047287922157,1.7888614607419315,1.7715630430973932,0.7735361016793364,2.2670922182180533,1.6106903297875075,1.8114698823664452,0.7018363534188646,2.4747098111780375,1.378874244753821,1.676587262711725,0.5240066416551108,3.241442315306566,1.9527396677545603,1.8657978567203721,0.9610513357562701,1.8120664529065362,2.033356908068437,1.8960510472414391,1.0823885542985547,1.6534617238489226,1.7735261458561382,1.7656278894639077,0.8173226709695431,2.151840878034153,1.7092565764277543,1.6454719695034346,0.6392464740305328,2.592507479734651,1.7822833685611927,1.741112032306121,0.7898228395371527,2.1867141524090394
Control_part2,v143.mat,1.094821579498571,1.4304231399897014,0.3067958458453261,3.970545932364032,1.3719602430353675,1.584977358477443,0.4425344467427671,2.6272991749144587,1.0422464209841316,1.3910558596338733,0.2907236061871912,4.022397365745852,1.2112027525660563,1.4616772959812392,0.37128935713969663,2.8982141159284636,1.1303473070838863,1.4197881591681207,0.31475251891402256,3.813382659697838,1.3631986350444198,1.5064250922659583,0.4101615475538546,3.02583088953893,1.2941839554702463,1.4959408035260526,0.3696522473558156,3.7302733231253953,1.4415935749824405,1.5811746980426569,0.4639977044373483,2.546294188866856,1.2925401992214227,1.51798258430051,0.37396039464932973,3.5048199752535916,1.5974949633960485,1.6720457997806597,0.5553256802725735,2.2096770595218294,1.1332067687893415,1.4498101849274698,0.3173677832452286,4.0414962169992155,1.2744032011889357,1.5333500753708407,0.39163614391882434,2.9610318902842154,1.079347483606218,1.4097710927223983,0.2948361747813589,4.359419438736013,1.685506480411144,1.7312780064401772,0.612845805549517,2.0732881947615045,1.2622747543558206,1.5142798382202736,0.36048287927984746,3.7973249215396363,1.632667243536198,1.6900351903494575,0.5609761966008736,2.339989833309056,1.1090554592675796,1.4441209482917658,0.31549351306127077,3.754369770839934,1.41631978163919,1.4822045537363615,0.42652152412517086,3.0812250426691916,1.2488214038521428,1.4640875072128972,0.3593984027252506,4.023022472344628
Control_part2,v121.mat,1.8412247255367538,1.7407208786992505,0.7084122912876781,2.1461446130751454,1.8742485209182327,1.8214905437583948,0.9080268035455238,1.9202405902781667,1.7207853387866008,1.6805757248512536,0.6127433877956433,2.4151455042142533,1.8791017702885604,1.8343073047790301,0.9441807624010098,1.8734663739153017,1.6282839155555244,1.6440739347122446,0.5697344298032043,2.7374477086372564,1.8090037412300646,1.8263853262141385,0.8756804628103435,2.024136295582394,1.5489369462046891,1.616763926683406,0.49094857085674043,2.6933000559664344,1.9241894354494775,1.877387654371181,0.9742180683479743,1.8090100888815714,1.8378585374100807,1.7365886417518204,0.730383576470683,2.196711910696674,1.8181017404754876,1.7351850257522115,0.7388965788670767,2.221451100015244,1.5787594367844688,1.6479984142515085,0.5228792580331176,2.9106551923717836,1.8301538414048233,1.8242372295835436,0.8866324354963611,1.9899882327018434,1.4002090827999156,1.5916310335671684,0.422021093529053,3.347106014354286,1.852068845397734,1.9101814175107408,1.0017798033600644,1.802567696128124,1.5897704147042706,1.6428587823475183,0.534242048079422,2.332260117870936,1.9848464426156038,1.90048673594828,0.9999010650857125,1.7360995071772463,1.8751284329796283,1.8210454032184347,0.9177722101362588,1.9081836183952712,1.89036490561569,1.8568723188881013,1.0252941375939448,1.7517763572061575,1.5400205294038463,1.5707770229639157,0.4963781107144975,2.516224110483471
Control_part2,v147.mat,1.282320791321537,1.4724695378987418,0.37402654962730986,3.9884313317499744,1.3914327678437308,1.574176421928412,0.46059103851626254,2.725429882828851,1.156437216885926,1.3881633521079468,0.3163110865724919,4.064558697010948,1.083950087791267,1.3775898318909634,0.31392932064688134,3.479644974024835,1.2504495346352602,1.4330472572693802,0.348748772849776,3.8317005976316514,1.167871926162622,1.3935988595090913,0.33332158033098824,3.5330277669482046,1.0800931532915885,1.3835562053089898,0.30316644829004863,3.7278134089993644,0.9540209266136994,1.3656496859310887,0.298153472050877,3.1493307603984944,1.0867205580206787,1.3756762828804585,0.29997670863668197,3.9045485591862015,1.1332067150033218,1.4617960986536813,0.3579233322193221,2.8749687832663873,1.3579143929274688,1.517663333679426,0.40905589137339704,3.637440465589979,1.3961060291334202,1.5609411099380524,0.43897773800466156,2.8559532823251725,0.8852340997552779,1.3581406719023308,0.24936545756780817,5.047441641181078,1.3339344258346881,1.5124553312995002,0.4228750766735244,2.806809475701097,1.495110799932943,1.58450032112538,0.47359064420696917,2.908768637262016,1.3275923561913836,1.5030492435960243,0.4056810658336772,2.9546303007511128,1.324422856758865,1.4973755758920164,0.3984760206594906,3.7545960230087814,1.0664319394373973,1.360230990260008,0.31443879958029447,3.2671799185625963,1.197863207653751,1.411737061748557,0.33114404844595596,3.957276824617493
Control_part2,v118.mat,1.8272019683397147,1.9401132736775892,1.148653791176685,1.5989686514164536,1.8702453202608078,1.9562754945519498,1.1589375419480694,1.577620382273104,1.7057661485587499,1.9050349246392153,1.072198547150212,1.7203710597391801,1.7933446855929107,1.8940066489220246,1.0335238826541864,1.7647081386596335,1.6286730037663144,1.9121625040785784,1.0852256388551151,1.7074871296687109,1.7757393025413446,1.9955517623204857,1.2497626552667664,1.4824504172666173,1.6641267618876316,1.9158405796987155,1.0778782222379826,1.7153855115048626,1.6198012032678122,1.735241643814574,0.6751183321451893,2.5563427167917756,1.671116397945359,1.8199975264563772,0.8678643707387586,2.0904231780681224,1.711825199051419,1.801797429355585,0.7857257320746174,2.2483727777129423,1.7250670026405661,1.871717476188281,0.9868749721485036,1.8535340765007278,1.7833086014967732,1.9456460204247432,1.0925472380583747,1.6817944729299703,1.617971224952207,1.9150060038247516,1.0699529309533002,1.7315863588624982,1.769402938401492,1.9843965870781068,1.1857349508319166,1.5591186860672455,1.7680505348450621,1.9647595864606633,1.1798545599247912,1.5670704458821587,1.7907164232584467,1.7990091020928143,0.7334968649551145,2.2054723863846184,1.7107749423800378,1.9252745575344292,1.1267643942301604,1.6401873945556342,1.7494076505619827,1.8026981345485054,0.881343132503016,2.035134360107406,1.6720193282276243,1.9672956351434239,1.2041532000409105,1.543209221667884
Control_part2,v131.mat,1.45624149505942,1.6253985308553267,0.48432392385033296,2.4153899002043047,1.796988782658425,1.8292000544203897,0.8077071228312043,1.5457914548918672,0.8712466001222943,1.3386304251758248,0.2687369514522723,3.4227384737581557,1.3782730749307976,1.5308477240110787,0.4426042135058786,2.540364805524144,0.9347785623669269,1.3686605590148435,0.2926857876269925,3.2653020770485353,1.3422932605509126,1.5193742254410656,0.4140182997918962,2.8328787973207192,1.0287177385312072,1.4141768951609714,0.30569754129069404,3.415054584480325,1.230394295054181,1.465887984415651,0.3986354484853283,2.5511392044818506,1.4317740711581837,1.596968549053828,0.4755001604818344,2.4711577430820637,1.8050617980544832,1.7938226854462722,0.7348621186026232,1.745548744635371,1.1532214526330113,1.4784085041004464,0.35697628683890287,3.0359269298624327,1.5807450057526387,1.675675931688513,0.5705016072513307,2.0390445580200294,0.8708020077593552,1.3505114855380724,0.2620444458029669,3.7022513663647225,1.693839890014897,1.7217550738277587,0.6543953169030459,2.001806208255376,1.2633865050356503,1.5289918143327004,0.3847748859160623,2.989351338117705,1.6339939281039273,1.691240829948326,0.5853636692581315,2.156068182678793,1.1581174024624277,1.4640010375955035,0.3552919074540662,3.0167852831935194,1.565102741247975,1.5779201242920502,0.5040125566272857,2.74576973191132,0.9315868988383902,1.3537252428101387,0.29068331649870016,3.0668904065398976
Control_part2,v305.mat,1.4849269650457417,1.5941866958956528,0.47664835058384397,2.719765435382633,1.9119336672786487,1.9305670525199172,1.1301359318788728,1.6125877170560001,1.642806097798272,1.6015696650056692,0.5666876239706599,2.70734196516085,1.8345627695039193,1.739309164575238,0.7864852880064568,2.1731871563481446,1.664821866226272,1.5948893587886237,0.6236229187303415,2.669054936940022,1.6324867465777242,1.5627912468006422,0.5463788785933056,2.8063241002943453,1.9230201658665935,1.8979638514054704,1.160251313685298,1.5729232909335693,1.7062432864533612,1.6266536765919017,0.6403125240397108,2.5512919647393213,1.8275877511295517,1.8714063254878233,1.043332050359942,1.762378586713383,2.017211289365063,1.9615399233615496,1.2984462746171908,1.4174091419210701,1.9705373810193327,1.9265178685760158,1.1404405253280125,1.5919217527220961,1.761254478026979,1.7706461768510826,0.7645965919929839,2.2277114541025473,1.9136747603378659,1.8033825660148657,0.94520619532528,1.893565437502312,1.7610399281583415,2.1253831394502236,1.6110322092009801,1.164943172263189,2.0397517209197984,1.8778250905035943,1.1038459101696934,1.6141537665540762,2.043486220654814,2.0232490446997717,1.4515352887525643,1.2737477984954702,1.9828984927630993,1.9627534892779928,1.2906196298120727,1.4335277320648026,1.5610943952759482,1.5086411238844244,0.48653343117633463,2.941569081799758,1.8705814312314866,1.7557939023621423,0.8665364986940501,2.0159645201213365
Control_part2,v125.mat,1.7115032872092701,1.7284376084231678,0.668778656286963,1.8460549695603767,1.6047228519467733,1.6757092112022085,0.6011313978773394,1.9187428499570653,1.3527644781496426,1.5125038345844923,0.436468719597368,2.5998207245714333,1.352882278484854,1.5365975187945973,0.46422977415064814,2.3130676678777533,1.4165790764109967,1.572821851401011,0.4816342217985812,2.3494277603306237,1.3155013252043366,1.5079613504352674,0.4348323216330109,2.4460889878079213,1.48022532176517,1.5954942194684543,0.49326523625659646,2.362258402586841,1.2848083930775394,1.5043427977276616,0.3995766142265605,2.8059381241888457,1.4593084016746531,1.5988465962347418,0.5056995097188016,2.1989571855657597,1.4708605367935488,1.606491924102759,0.5002996780284068,2.2214078159501955,1.6019117339816322,1.6759896342775513,0.5714900926444871,2.082624541786661,1.2226436856742313,1.5555276862423895,0.41300499488112535,2.709944485046588,1.3209296468985303,1.5347928348965025,0.4349880178523814,2.6641017127060915,1.2488652502532176,1.533083732175745,0.3894318788841188,3.1464635316504617,1.4709597799791387,1.5997032011800236,0.5016467087732848,2.2972495075908643,1.7822199062149924,1.7707779283020952,0.7162827385510091,1.774768677366675,1.5397661013068773,1.6022591473469092,0.5149080505178818,2.3600247709654525,1.4337276355529625,1.5011589946590493,0.4484843733641193,2.688662660669561,1.2846700342096624,1.4979848366650788,0.41144090006352096,2.551311047630945
Control_part2,v308.mat,1.8095776144379938,1.8885278647213475,1.073812745056722,1.695599590422295,1.8718491858976174,1.940081640198923,1.2460310964665102,1.4756127959004126,1.7982882249008627,1.8234309479378001,0.9610636480865762,1.8720196402311384,1.8349826212113154,1.8540151799646298,1.090413569254535,1.6723871264581014,1.7580432545947566,1.7448932601462583,0.8757304597925505,2.024049670722737,1.8277680118394155,1.8224468546565409,1.045959410604295,1.7357671635241696,1.831898454686451,1.8739586353658637,1.0816064301007953,1.6834449513685905,1.8437804745625588,1.8737712984785806,1.1549796808871502,1.5851491403075526,1.6200780931914105,1.6297293291727073,0.6086971852441367,2.685161173776285,1.863256970679644,1.930784815156918,1.2650866370285478,1.4556136747719952,1.7074541216210415,1.9165896083874827,1.0123916024367519,1.7994216679534902,1.899928143216183,1.9137777322661293,1.1619742829069923,1.5664397398922427,1.6948293649845017,1.7388508570781998,0.7685395606883255,2.2825668861187705,1.8430079904830459,1.9550861548596334,1.2982652159659047,1.4233781611106056,1.8696278580329606,1.9337815585487903,1.143464433138111,1.5945721602573937,1.9062328907869093,1.9449879406747428,1.2320565019897112,1.4877385441159827,1.7011395838896028,1.6873121085081766,0.7535201471058475,2.2990254493523494,1.7877846704768077,1.7571991512431864,0.9262985611433753,1.9325619596096653,1.7056911103736931,1.6998025965937014,0.762765655345966,2.2769580888296472
Control_part2,v123.mat,1.8648071819280458,2.047367203300089,1.4455927244285127,1.2842421243006925,1.8847513853510849,1.925220778515273,1.18364998675117,1.545066957165386,1.6463565110324048,2.1030025446955483,1.5517571564555752,1.205903684167438,1.782820525085394,2.03280169943618,1.399792484367761,1.3301914413103924,1.6754667699875005,2.107706201128427,1.556039003364564,1.202120196759903,1.6831893446452382,2.087008172680161,1.4960636166638264,1.2487256932897832,1.7304311275417117,2.083944141341496,1.4991126487198174,1.2455856390914624,1.723653483098179,2.0335791522322877,1.3789714876140329,1.3513227201815066,1.9240513789291445,1.9974520285199884,1.2951923570991697,1.4223873883936367,1.8757412761958152,1.971026860060347,1.2258336928839026,1.5021664830295454,1.6393551415667371,2.1019974205663052,1.5271626554873836,1.2248720925715624,1.7876768800687755,2.0485356721844235,1.425716011755605,1.3054116557765048,1.682723892292599,2.1217221043301793,1.5657257237354627,1.1946867958912126,1.5133736336274088,2.0047074805807017,1.1318769651147278,1.6419666118210916,1.7312739796682353,2.088278350080731,1.5148825368811167,1.232047837076473,1.6977272569087054,2.049664216257461,1.3859115924086585,1.3453915437480546,1.7805383815356857,1.9942518510870992,1.3758669477462957,1.3508327314620476,1.7763193363747165,2.012837262937094,1.3686808832519182,1.3582899986196493,1.7445906499411237,2.0124860865297114,1.3508926091698923,1.3781417624027412
Control_part2,v307.mat,1.9689301828673242,1.9898598061833779,1.3121082035020855,1.3951552392464848,1.9354662235117397,1.79029946911765,0.8037465295174091,1.9416665083479243,1.8404692530209745,1.8375308519364548,0.9488774378232825,1.8785790201855022,1.4084413081976632,1.5441507092065103,0.47077615715527554,2.3902623782914616,1.8334884314947706,1.753965179187119,0.8341670047125347,2.0468865813939696,1.5408110888122524,1.5824628984665248,0.5259735427202507,2.2231523150434565,1.9348904292882514,1.8611739592031706,1.063193942146393,1.678823866699671,1.7152805010432672,1.6327149350118855,0.610751104347112,2.4608638358274226,1.8085097722320596,1.6873538297576338,0.7104068217028819,2.2613816502542243,1.6939731745151523,1.6173309025368268,0.5802287372663183,2.459928918178863,1.923953998017053,2.023317629598415,1.3324250292556077,1.3768317209453942,1.3257307281121187,1.558478826101064,0.44829682354478767,2.53278961280527,1.9482942726682202,1.876525251801742,1.0733178490165047,1.6565235797351703,1.8693736782206338,1.7649613118335612,0.8058184973788257,1.9912701174131686,1.985521572821236,2.0176795772217897,1.4125726381674628,1.2986121600715546,2.0442502187059866,1.9175487268718168,1.1436385209397835,1.543414109129096,1.8375379823964773,1.7513577294337341,0.8198157056683056,2.080231971812004,1.6904397623941385,1.6003094302104883,0.5877403799434467,2.3768622227656078,1.9296620248289695,1.8503634765184895,1.0418309967774204,1.7172306098892747
Control_part2,v303.mat,1.7750101707019956,2.079576440282958,1.517709504732873,1.2255116661837846,1.9800465486915542,2.0070786466189903,1.3168221542307748,1.3865194321412726,1.8217228958752205,2.0114218374830313,1.3938620266568726,1.3314142739049872,1.9436392586165008,1.927126214058556,1.192737429137943,1.5280022172916394,1.7951443887857952,1.766082164797037,0.8560255858724715,2.0568515751224195,1.9222813377433496,1.964435945699867,1.2740697998188182,1.4398919471932432,1.8235492685428056,2.019042991248152,1.3799830448936605,1.3441220531115579,1.976051180448823,2.040838752002186,1.4495251728690381,1.272420172259732,2.0174096089375766,1.8503591352617232,0.9609806779249255,1.7477715866837986,2.1457999489591977,2.0576413935190323,1.4653140933738171,1.228942290733965,1.740240262180536,1.9409611955049306,1.0954253045185551,1.6744942563429357,1.7972812748534928,1.9591378232360228,1.1522321875763526,1.5888411630318275,1.1785732066556385,2.1780729013478175,1.7682923065734824,1.061875666366274,1.913599065539108,2.004999887044152,1.2688899426222118,1.4438278367596753,1.7596298360783784,2.149567781004133,1.7165003946946666,1.0851831712489366,1.8718781495657009,2.1259624358988356,1.6457037354140431,1.1285838141321693,0.8476910756408569,2.2043345220197397,1.8237268803088535,1.0308595751435976,1.899211614111623,1.8725866263161794,1.0636603758839425,1.694992310431315,1.7991184582935773,2.082977678126,1.5542330806080376,1.1985971961657673
Control_part2,v151.mat,1.5770962570382459,1.620404762545058,0.5266149538433591,2.876161402455848,1.5241209036987504,1.5825697344564034,0.48820862556009836,2.856794697639961,1.4729458074846793,1.5219767182946746,0.4613546545810088,3.285528741533687,1.446937907489584,1.5017432042036045,0.4389870448047744,3.078573107720936,1.5903870751631954,1.5836873854343114,0.5370112777962572,2.949665038282478,1.3274655871488696,1.45416411058574,0.38540845280682307,3.3534647939048408,1.809877512428728,1.9152544396602162,1.1391303557528314,1.619084248128946,1.7315906290318201,1.8972489530597272,1.1114825962280357,1.665432173946538,1.4151652234511274,1.5250768738152958,0.43250910906711254,2.842775929939946,1.5689267368114397,1.567349458205042,0.49990138215384655,2.8035818001178026,1.5863509184650564,1.625609462288463,0.5411762541240432,2.867226918555538,1.5971722604086462,1.6072490106700374,0.5266457296551196,2.630824871955356,1.3148154168559851,1.5136919423486739,0.4027629605561802,3.891289267669594,1.8490533532762585,1.7081173865312835,0.6923028028911866,2.2290261495903874,1.5914975275716512,1.593446071505304,0.5283518918748075,2.4345194134193866,1.6833570849074793,1.6540544542724105,0.5904176852441675,2.129871261064138,1.600833203577479,1.6867874047039226,0.6446906237383042,2.665901865979425,1.199657811867973,1.396211061651754,0.35256859063317636,3.167906987170736,1.5015685720883059,1.5822513486283287,0.546208952744257,3.0718541987852745
Control_part2,v133.mat,1.5942895712442402,1.701637615290304,0.6011784117546226,1.9348033203745627,1.6197242653899409,1.6651710715430417,0.5908082055152241,1.9882156168819833,1.1751601714933044,1.45398485044299,0.3967695958559742,2.4139645741340128,1.6134218213384632,1.5453299449622573,0.5266184511309164,2.5361908740106323,1.3192846042631605,1.559553503625518,0.4413785966335502,2.3850093036265694,1.3800842608468824,1.5258286454481216,0.4519133278365085,2.429691403698537,1.3339158870651935,1.5379115510582921,0.4454723746421009,2.4255269316254027,1.2573850391535615,1.4859191616299063,0.41772338753678884,2.3874553482484364,1.5412307064504729,1.6454771900373366,0.5706568092098974,2.039364761084041,1.6627458473790515,1.6847777589432127,0.6215917615083166,1.9242940407127183,1.4136605878952166,1.5846495575033752,0.48265047794114796,2.28687046241982,1.5195023791166808,1.5957147355554768,0.5211028825453998,2.2127064174291893,1.3469302690383214,1.5591778218499113,0.45101956306013363,2.461084155064878,1.472821122213512,1.585113197059164,0.4891306436926629,2.3733329955456948,1.4655148671225562,1.5926501428581055,0.4975189152056269,2.3060153126475598,1.7948796232104884,1.726286665895558,0.6702947403504874,2.0107608957400567,1.2395567788832147,1.5086035112022473,0.4127207072526238,2.4957582941874548,1.6861348095544324,1.58087756634221,0.5709038457564407,2.5938741207322065,1.055330600155683,1.4144825504295102,0.36806782466244037,2.4803754678252115
Control_part2,v149.mat,0.6617393524420154,1.315987275663878,0.2346988440029171,3.8285611569997635,1.36568062289459,1.5967536350174356,0.4518589910844313,2.5926211160535297,0.657148374327726,1.3049046623796818,0.23148085430069257,3.597807506692698,1.2520196698195485,1.5032475835148584,0.3843220363842251,2.921644883278185,0.700181284936662,1.3259773619065685,0.23655680220329295,3.769500436574225,1.1891692023792486,1.5054465638715697,0.38202267719585825,2.7947024280289003,0.8138185880242852,1.379135597017859,0.26837661753524744,3.752507555746354,1.7833547234351972,1.7357250476580404,0.7043257572948266,1.8129341353067254,0.6932362879722214,1.3487583172056223,0.27658222776432223,3.5232774237728157,1.8956951169902672,1.8390519643783616,0.861028398793155,1.506256180756093,0.6394168679802852,1.3148992449791703,0.23175907962293452,3.8623771083222436,1.3094725236333704,1.5406669947451854,0.4207355863076107,2.6763739552518286,0.5920506661984559,1.2827394337397482,0.2211274385966713,3.70272563154077,1.2488304953636944,1.5898058518239468,0.40348763008371497,2.9556637939824424,0.7184034566752064,1.3910416329427575,0.26243272473489776,3.778972904461126,1.8562876350295179,1.8371634016735034,0.8443893777073291,1.5316276030596123,0.7184741716118102,1.3394945143186305,0.2430031154032132,3.970171372109501,1.4462360682739863,1.5057086569986236,0.45651764061458666,2.665077408519756,0.8064492466813666,1.3894040414171653,0.26740492023365453,3.548774177978994
