ch1_mean,ch1_std,ch1_variance,ch1_min,ch1_max,ch1_ptp,ch1_skew,ch1_kurtosis,ch1_rms,ch1_zero_crossings,ch1_line_length,ch2_mean,ch2_std,ch2_variance,ch2_min,ch2_max,ch2_ptp,ch2_skew,ch2_kurtosis,ch2_rms,ch2_zero_crossings,ch2_line_length,ch3_mean,ch3_std,ch3_variance,ch3_min,ch3_max,ch3_ptp,ch3_skew,ch3_kurtosis,ch3_rms,ch3_zero_crossings,ch3_line_length,ch4_mean,ch4_std,ch4_variance,ch4_min,ch4_max,ch4_ptp,ch4_skew,ch4_kurtosis,ch4_rms,ch4_zero_crossings,ch4_line_length,ch5_mean,ch5_std,ch5_variance,ch5_min,ch5_max,ch5_ptp,ch5_skew,ch5_kurtosis,ch5_rms,ch5_zero_crossings,ch5_line_length,ch6_mean,ch6_std,ch6_variance,ch6_min,ch6_max,ch6_ptp,ch6_skew,ch6_kurtosis,ch6_rms,ch6_zero_crossings,ch6_line_length,ch7_mean,ch7_std,ch7_variance,ch7_min,ch7_max,ch7_ptp,ch7_skew,ch7_kurtosis,ch7_rms,ch7_zero_crossings,ch7_line_length,ch8_mean,ch8_std,ch8_variance,ch8_min,ch8_max,ch8_ptp,ch8_skew,ch8_kurtosis,ch8_rms,ch8_zero_crossings,ch8_line_length,ch9_mean,ch9_std,ch9_variance,ch9_min,ch9_max,ch9_ptp,ch9_skew,ch9_kurtosis,ch9_rms,ch9_zero_crossings,ch9_line_length,ch10_mean,ch10_std,ch10_variance,ch10_min,ch10_max,ch10_ptp,ch10_skew,ch10_kurtosis,ch10_rms,ch10_zero_crossings,ch10_line_length,ch11_mean,ch11_std,ch11_variance,ch11_min,ch11_max,ch11_ptp,ch11_skew,ch11_kurtosis,ch11_rms,ch11_zero_crossings,ch11_line_length,ch12_mean,ch12_std,ch12_variance,ch12_min,ch12_max,ch12_ptp,ch12_skew,ch12_kurtosis,ch12_rms,ch12_zero_crossings,ch12_line_length,ch13_mean,ch13_std,ch13_variance,ch13_min,ch13_max,ch13_ptp,ch13_skew,ch13_kurtosis,ch13_rms,ch13_zero_crossings,ch13_line_length,ch14_mean,ch14_std,ch14_variance,ch14_min,ch14_max,ch14_ptp,ch14_skew,ch14_kurtosis,ch14_rms,ch14_zero_crossings,ch14_line_length,ch15_mean,ch15_std,ch15_variance,ch15_min,ch15_max,ch15_ptp,ch15_skew,ch15_kurtosis,ch15_rms,ch15_zero_crossings,ch15_line_length,ch16_mean,ch16_std,ch16_variance,ch16_min,ch16_max,ch16_ptp,ch16_skew,ch16_kurtosis,ch16_rms,ch16_zero_crossings,ch16_line_length,ch17_mean,ch17_std,ch17_variance,ch17_min,ch17_max,ch17_ptp,ch17_skew,ch17_kurtosis,ch17_rms,ch17_zero_crossings,ch17_line_length,ch18_mean,ch18_std,ch18_variance,ch18_min,ch18_max,ch18_ptp,ch18_skew,ch18_kurtosis,ch18_rms,ch18_zero_crossings,ch18_line_length,ch19_mean,ch19_std,ch19_variance,ch19_min,ch19_max,ch19_ptp,ch19_skew,ch19_kurtosis,ch19_rms,ch19_zero_crossings,ch19_line_length,folder,filename
-0.018830726812626555,0.8302152770781771,0.6892574062939945,-2.995717799704157,2.9842560661044195,5.979973865808576,-0.012892297631825873,0.9263834370193158,0.8304288064405558,2979,5563.697778419828,-0.006188445534739703,0.7823428349090279,0.6120603113334945,-2.998575607771654,2.9920418324816382,5.990617440253292,0.01665731615267924,0.9358244550243437,0.7823673102779991,2688,4824.74955386408,-0.016084612816953843,0.867798159390395,0.7530736454413574,-2.997724314182521,2.99523797752514,5.992962291707661,-0.027213842179362863,0.6762128609019005,0.8679472104977518,2219,4470.107472823377,-0.0033664031582292275,0.9380387856157982,0.8799167633195615,-2.9865961857779806,2.9800022456916535,5.9665984314696345,0.04142457315818235,0.17874007159472827,0.9380448262155627,1968,4435.085175773861,0.0016186811256032809,0.9692677561644037,0.9394799831399779,-2.9594169911124393,2.9561355956440893,5.915552586756529,-0.016586582517684006,-0.08815745925659213,0.9692691077655186,2143,5253.954116142911,-0.004679813394523791,0.9627378145492393,0.9268640995630455,-2.9925124854952894,2.9812645626289878,5.973777048124277,0.003501168067026698,-0.052660335991139284,0.9627491886345338,1839,4395.755604779611,3.905136830971982e-05,0.9732673643715839,0.9472493625508095,-2.9520444226335156,2.9962367943703927,5.948281217003908,0.02809852358487557,-0.10060522861150822,0.9732673651550322,2805,6668.206123198168,0.00411211251324382,0.9751399479674362,0.9508979181219342,-2.972133479028485,2.9999843558995454,5.97211783492803,0.01926347998157784,0.011412884015205904,0.9751486182071201,1813,4532.738974364231,-0.0007067549893743047,0.9702707179223836,0.9414252660576178,-2.9930810895826574,2.989756929477174,5.982838019059832,0.019058978918156187,-0.06213574201778105,0.9702709753260852,2337,5611.495853461019,-0.00017807857563365814,0.965559061902453,0.9323043020219451,-2.9971744712887896,2.9967505712289437,5.993925042517733,-0.0156572007876484,-0.07286039808994937,0.9655590783240164,2444,5827.32965592071,-0.016584056415111938,0.9268865549761308,0.85911868579552,-2.99276130169735,2.966188944431035,5.958950246128385,0.06947781767904646,0.23736347314563666,0.9270349058814882,1701,3859.058231657312,0.00032600556680196765,0.9140146582438626,0.835422795484645,-2.998950615673017,2.998711242193212,5.997661857866229,-0.0038694463173150413,0.3001580565584119,0.9140147163827695,1754,3722.4725878136346,0.0036924769265827737,0.9748635754450615,0.9503589907295292,-2.9931704601956843,2.993195647620155,5.986366107815839,0.021884333951604204,-0.04410259136704475,0.9748705683912006,3079,7140.795661207938,-0.0067301257741233895,0.9799724462255871,0.9603459953613611,-2.9713153873276816,2.9926651353482003,5.963980522675882,0.08110134304400485,-0.06531450569294561,0.9799955560890553,2836,6721.095780114419,0.001009169069843037,0.9707252132315248,0.9423074396033894,-2.9437081067421635,2.996335477131362,5.940043583873526,-0.0076334225075689755,-0.06902770368420708,0.9707257377990969,2305,5520.317947709238,6.977994745980203e-05,0.9898309951259543,0.9797653989120368,-2.99923608869926,2.9981115925721564,5.997347681271417,0.046852132863606656,-0.17598820696593487,0.9898309975855867,2587,6283.642138816094,-0.003287878258376292,0.9454292551387244,0.8938364764721634,-2.9966447895138026,2.9890046065879985,5.985649396101801,-0.0035395574187631696,0.2034119790056983,0.9454349721771482,3802,8189.003903449056,-0.0007867903767514495,0.967928811001946,0.936886183167641,-2.9996272663736976,2.9941129565094795,5.9937402228831775,-0.01561506681124526,-0.04353803544323398,0.9679291307770099,2255,5185.556668275072,0.003361361956039789,0.9644112748936431,0.930089107141982,-2.975962380221696,2.9735400407697097,5.949502420991406,0.026818583096941667,-0.06989668600636634,0.9644171327263849,1909,4758.377359806349,ADHD_part2,v196.mat
-0.0217607157714919,0.8678743404881801,0.7532058708777936,-2.966287099136177,2.9949253719545923,5.96121247109077,0.03547654803790391,0.4312102794369377,0.8681471071360436,2271,4679.671284419126,-0.017447447971647993,0.8160922388022787,0.6660065422333155,-2.9567273984789297,2.9896932591516663,5.946420657630596,0.1462332868653449,0.7701795375059701,0.8162787242566346,2705,5189.507792810168,-0.011502027678372228,0.9531368927633665,0.9084699363466053,-2.9897480382497643,2.984176292124716,5.97392433037448,-0.019361982060284545,0.03889033074355064,0.9532062908874025,1877,4503.754229381502,-0.005075547499156971,0.9588378373856343,0.9193699984023601,-2.9998096928813767,2.9878812766879834,5.9876909695693605,0.04695115441288413,-0.012251869241875823,0.9588512708365027,2349,5424.759805645037,0.0020653868700483656,0.9778435813392166,0.956178069566305,-2.9958043408029065,2.987383685077826,5.983188025880732,0.012725560655900017,-0.0633096859707254,0.9778457625767103,2301,5487.914803632306,0.0018552005511720713,0.974841146585343,0.9503152610758262,-2.981773043811218,2.989384110211623,5.971157154022841,-0.014885797533203507,-0.06599128678251454,0.9748429118811457,2427,5812.372387601693,0.008048221796827291,0.9693854156274,0.9397080840311071,-2.991315809232268,2.999115931691074,5.990431740923341,0.05321601871967352,-0.03640488358773597,0.9694188248147434,2621,6253.158890092049,-0.002437396087646498,0.976509604320471,0.9535710073301227,-2.995797511517312,2.9921917136340674,5.987989225151379,0.07255533929824484,-0.07199013535367937,0.9765126462211385,2629,6196.320741502605,0.0020536279299146736,0.971193133564532,0.9432161026828949,-2.9896736743951466,2.9960420423237357,5.985715716718882,0.05371580463660418,-0.14360097247295878,0.9711953048025764,2879,6953.023589173939,-0.0011251541584617153,0.9749654803667102,0.9505576879066898,-2.9827279219966862,2.9522945418081035,5.93502246380479,0.04865042279209459,-0.08550121917243203,0.974966129605829,3211,7568.7297402161,-0.01928880244756543,0.8693344206122648,0.7557423348612622,-2.987122359614366,2.993398573189148,5.980520932803515,0.03622710048050447,0.7355666451850085,0.8695483843703715,2030,4006.2301162101476,-0.029238766236967074,0.9137047261191877,0.8348563265325398,-2.972145500513083,2.9952793376960254,5.967424838209109,0.13276041272001565,0.4259520642555956,0.9141724301156756,2100,4551.252788610866,-0.012277753560347894,0.7504856198384486,0.5632286655843005,-2.9891795118664137,2.9946723532116195,5.983851865078034,0.047048637698308325,1.536871653218637,0.7505860435798077,2427,3854.429137616695,-0.01365411103508123,0.9621847106490757,0.9257994174068457,-2.9711910456136663,2.990469310470971,5.9616603560846375,0.06434345750801575,-0.003204890334405963,0.9622815867276086,3912,8919.05973735708,-0.0012999441657119313,0.9677557177359404,0.9365511292106051,-2.9881373270512857,2.998752783699371,5.9868901107506565,0.04022403354570635,0.02975530892270939,0.9677565908147767,2919,6752.155364157026,0.0005288279972101123,0.9772074832248969,0.9549344652707371,-2.9787129513367874,2.9902358114681595,5.968948762804947,0.025652157235136405,-0.10388916479492805,0.977207626315814,3740,8935.393992199806,-0.011171857122659024,0.9544512216937979,0.9109771345927833,-2.9918445336476456,2.9779423232577624,5.969786856905408,0.034596579010599676,-0.00838586640514416,0.9545166027808801,1857,4414.009405452169,0.0011828607899169652,0.9738714194345879,0.9484255415915389,-2.9766012059282203,2.9888202758932585,5.965421481821479,0.03927709307764726,-0.08675893527267586,0.9738721377835939,2419,5819.019107886474,-0.002895701601404834,0.9728348777429151,0.9464076993530727,-2.993761734261525,2.968944329066053,5.962706063327579,0.12895958645358788,-0.10828471396529027,0.9728391873484729,2269,5424.556639097778,ADHD_part2,v179.mat
0.008345262933041614,0.9680483102372789,0.937117530953251,-2.976503441856711,2.9966321023157483,5.973135544172459,0.013677056642256595,-0.0679013452414412,0.9680842806112868,4526,10238.992190449891,-0.004253464464520925,0.8463039068663323,0.7162303027772176,-2.9986816008366137,2.9971412842758958,5.99582288511251,0.056729753115839124,1.1414665212989252,0.8463145956068396,3335,5590.809220914038,0.012639700564308043,0.9259804305756485,0.8574397578090633,-2.983105332192515,2.997604121023997,5.980709453216512,0.07248551875837318,0.23327315991634956,0.9260666929759533,3768,7933.860379288772,-0.013328297606031459,0.870110331221773,0.7570919884988634,-2.9875772843124473,2.987987497326229,5.975564781638676,0.028942721660464965,0.6141719244584563,0.8702124062640905,2996,5709.891259342196,0.0023501052729443988,0.972146091260015,0.9450680227521254,-2.9993205963750618,2.9888902329551277,5.988210829330189,0.01608001271769303,-0.0701395174876156,0.9721489318756255,3810,9087.987165424262,-0.006796274287820227,0.8348011494802596,0.6968929591735628,-2.9990473895747796,2.973140915917222,5.9721883054920015,0.024486413962057307,1.0794356234344766,0.8348288139000463,2073,3811.0043761338748,0.0023367687864945795,0.9756203186409563,0.9518350061450811,-2.986197979890811,2.9917296933799893,5.9779276732708,0.01475456142157704,-0.062273824760724406,0.9756231171069301,3670,8782.954320040693,-0.013697488389824194,0.9111918815459257,0.8302706449952043,-2.9931445718746432,2.9979143083979585,5.991058880272602,0.04112961061547228,0.2562819215387302,0.9112948294505976,2711,5888.807113949561,-7.372022023589596e-05,0.9754226824952765,0.9514494095262811,-2.9970278509855093,2.9772082423923076,5.974236093377817,0.034168220685900856,-0.024622952786470087,0.9754226852810796,3770,8885.282570027714,-0.010624338453902335,0.9228274663262199,0.8516105326060706,-2.9962907563688583,2.9972640634720333,5.993554819840892,0.05214857350843552,0.18337384782923705,0.9228886223015503,3071,6574.308761258553,0.012038965214707813,0.9255616645655673,0.8566643949133838,-2.9932185518764087,2.9950518762991565,5.988270428175565,-0.03456211343834123,0.1848526799731629,0.9256399578652732,5312,10801.520655637793,-0.0021107686482853606,0.751802969975602,0.5652077056641359,-2.9926299597837294,2.9962144590312434,5.988844418814972,0.22325693465404908,2.3744866006125234,0.751805933076098,3740,4749.272695229363,0.007916227064005757,0.9648876988533729,0.9310082713985571,-2.9987223268767877,2.989572275594585,5.988294602471372,-0.030463423065588274,-0.06766294385959037,0.9649201718533434,5830,12784.112872133966,-0.012019738498936573,0.852940985720969,0.7275083251226583,-2.9809361322163674,2.9931985582977467,5.974134690514115,-0.028944810746166737,0.8961825864818107,0.8530256732574003,4610,7901.714518074577,0.004100292896765456,0.9471977287343695,0.8971835373195483,-2.9960556083733416,2.9846221327146303,5.9806777410879715,-0.05682974178933567,-0.0005618518579395548,0.9472066035038964,6506,13704.979641196613,-0.007974798040608317,0.8509968714980329,0.7241956752994396,-2.983339907211439,2.983157422468117,5.966497329679556,-0.010904880604220398,0.7809598298868399,0.8510342370922735,4772,8339.46367989184,0.00623563359995993,0.9639106940900114,0.9291238261810876,-2.988118952357989,2.9840303159858936,5.972149268343882,-0.009170622712287507,0.005593217324416422,0.9639308633441926,4035,9248.135668274168,-0.009140352110098704,0.8279036679509294,0.6854244834066028,-2.9814735847009235,2.987813012887738,5.9692865975886615,0.11004355562806344,1.1343464358776707,0.8279541227889982,2527,4300.980206791454,-0.00907903001741836,0.9550622162981943,0.912143837000419,-2.998161910357936,2.9921242967464634,5.9902862071044,0.025158485063304366,-0.027123799592771114,0.9551053689444302,4730,10529.472051729927,ADHD_part2,v190.mat
-0.09026540690236774,0.8259860454756572,0.6822529473205144,-2.9471525679487933,2.999776319143631,5.946928887092424,0.2973004688403345,1.9044330172736075,0.8309035991038698,1662,2655.004312445567,-0.04901496009735647,0.8089470215632941,0.6543952836961247,-2.99159435433133,2.996787137723728,5.988381492055058,0.45690730102930466,2.2627255006980853,0.810430595430275,1370,2088.1059689750928,-0.04495312502984408,0.9151738245421871,0.8375431291271738,-2.992491443178362,2.9992348497553656,5.991726292933727,0.24082344924648103,0.5980203319131201,0.9162772029124824,1764,3762.387251106496,-0.003290676007393337,0.8399555837012191,0.7055253825908558,-2.990567548099095,2.9993114988262533,5.989879046925348,0.3337446926519759,1.3739298978679795,0.8399620295819576,1518,2663.1895539518327,-0.019053339428205206,0.9608690976904183,0.9232694228963987,-2.9879592563816066,2.992759741333649,5.980718997715256,0.15554630506028017,0.09183017727235576,0.9610579860964504,1851,4337.340039897946,0.022848959982874274,0.7612490762003994,0.5795001560159615,-2.9752574046301614,2.9858619766138825,5.961119381244044,0.20067685702459231,1.5526043729364627,0.7615919058053732,1322,2313.2269277356468,0.0005570774287237427,0.9765276725917622,0.9536062953374839,-2.98225714271766,2.9947737578285754,5.977030900546236,0.08416161200110162,-0.10167257555281672,0.97652783148907,1808,4437.494375357232,0.023441621399869272,0.8056959955864632,0.6491460373040622,-2.995798329371242,2.9935504508408215,5.9893487802120635,0.1699034232592162,1.0539637294594995,0.8060369389289284,1496,2709.732313565113,0.006143051175080119,0.9776038654562043,0.9557093177549123,-2.9990609980364025,2.9989527052704488,5.998013703306851,0.047391461612440566,-0.09569192022131334,0.9776231660679139,1895,4636.316996566246,0.023923255265792392,0.7848503861140637,0.6159901285833947,-2.9976120434916975,2.999783331543987,5.997395375035684,0.04735264408862788,1.1731785851564105,0.7852149073507882,1897,3215.7848982619325,-0.05560950523844033,0.8680988005070174,0.7535955274417223,-2.9901796033934303,2.999188478027597,5.989368081421027,0.3045899029260037,1.520422509234912,0.8698781204942371,1821,3168.8531004023826,-0.007973951881393018,0.8068189664861749,0.6509568446818194,-2.996083131466559,2.993861800905324,5.989944932371883,0.49493849058052114,2.0444016535866583,0.8068583695980517,1612,2460.8421287883966,-0.01330775329298804,0.8838613625090456,0.7812109081363464,-2.9680186760949323,2.9776094698210804,5.945628145916013,0.18616189345252016,0.510448380196741,0.8839615401328575,1935,4044.0974115681774,0.009959570180064695,0.7602688756741318,0.5780087633188086,-2.9906373047553334,2.984774299296648,5.975411604051981,0.33499776004620835,2.178230132785009,0.7603341083740622,1534,2382.2055826132114,-0.005169961059327748,0.9747291098948437,0.9500968376763943,-2.981789307824697,2.9893260547105673,5.971115362535264,0.023208646812515676,-0.10523756962724029,0.9747428205294715,2919,6801.741463287233,0.026334185757827783,0.7254615997366445,0.5262945326924513,-2.9887328417996213,2.993417599015533,5.982150440815154,0.21080984724042592,2.214320644228752,0.7259394065843092,1712,2472.8455935907227,-0.04186695236674987,0.9227397127440744,0.8514485774750169,-2.981789731935143,2.9956209180098847,5.977410649945028,0.22702167775032087,0.46034000102824413,0.9236890273114088,1693,3638.4248977172365,0.011939037856251142,0.8598030084381286,0.7392612133192566,-2.9870780258365195,2.9923436646025223,5.979421690439041,0.160324003254161,0.7035237903365092,0.8598858958863028,1389,2783.5928765110557,0.00010755237982429988,0.9841368530477042,0.9685253455266385,-2.9788436657332245,2.9765071290017757,5.955350794735001,-0.004974913502476346,-0.13029147360334248,0.9841368589246887,1688,4191.168357258514,ADHD_part2,v236.mat
-0.01822887532260844,0.9244315329548132,0.8545736591211859,-2.9950182764985853,2.993447826922006,5.988466103420592,-0.030589323771305937,0.13571547511162718,0.9246112431809993,1793,4117.3384785329945,-0.015658858158396023,0.8850157426371235,0.7832528647155392,-2.9533874960722293,2.9530216830078126,5.9064091790800415,0.07226208477831585,0.1838630382124551,0.8851542603153215,1905,4066.9183121767383,-0.007589928927962211,0.9733311017351953,0.9473734336050491,-2.9921494109293576,2.9892765193536737,5.981425930283031,0.066028268664921,0.0010346394486919763,0.9733606940010372,1329,3167.293476430298,-0.005820874823815433,0.9732392571012438,0.947194651562981,-2.9641701971233756,2.985560076531393,5.949730273654769,0.039535854340710615,0.03279255218826416,0.9732566640648783,1257,3046.8996572758847,-0.010594777150035721,0.9744262317518116,0.9495064811260353,-2.9646602143448204,2.997017608041358,5.961677822386179,0.07158282236845084,-0.056059647609440155,0.9744838276897644,1293,3197.776339371555,-0.0004783938293679721,0.9841991334370609,0.9686479342582616,-2.973836795667345,2.995076234992888,5.968913030660232,-0.0026097179611274134,-0.14466676729087613,0.9841992497045086,1335,3146.0770208308413,-0.008043824642672892,0.9599117768811425,0.9214306193951122,-2.964666385845819,2.989212333286998,5.953878719132817,0.012120258544851048,-0.07713692496310731,0.9599454789257535,1319,3099.1836179186685,-0.0040048476818910295,0.9770690726307537,0.954663972691521,-2.990985251304194,2.9876426517349897,5.978627903039184,0.03465484251177472,0.004023218066429912,0.9770772802068813,1224,2925.0469528757267,0.0009876302089332771,0.9820418213661063,0.9644061389120595,-2.997575540424303,2.998890238049211,5.996465778473514,-0.09795933642231291,-0.10721493702636042,0.9820423179911796,1219,3037.805219281822,-0.008025540184727434,0.9719474329807513,0.9446818124778719,-2.977085638529381,2.993073934714717,5.970159573244098,0.09140151917293073,-0.09804183032086611,0.9719805665614558,1663,3982.8271380666965,-0.018834784919365945,0.9017093295939174,0.813079715076712,-2.9979257776337316,2.984653350174011,5.9825791278077425,0.032917217559256154,0.3587538705274671,0.9019060173874387,1557,3464.604686380415,2.636730633550361e-05,0.82430418201038,0.6794773844798018,-2.982064472803578,2.9966145676015605,5.978679040405138,0.1367878266162539,1.1242940456451818,0.8243041824320902,1338,2607.868686234082,0.004872787981072949,0.6748038819067146,0.45536027903637116,-2.969010507395117,2.9872273446768025,5.9562378520719195,0.07388076339580203,2.8451370604720863,0.6748214749836283,1968,2748.804358876574,0.010014474921508322,0.8233934446355147,0.6779767646687384,-2.985747058904207,2.990998959258283,5.9767460181624905,0.06985144951992359,0.6589465246175008,0.8234543426181513,1473,3162.4794475980025,-0.005790210821298231,0.9497181285430885,0.9019645236833863,-2.9808519092829235,2.9990084205442264,5.97986032982715,0.041488161529027526,-0.0828864477645972,0.9497357791642587,1732,3967.7318958569,0.00471986217812092,0.9629498105497003,0.9272723376377037,-2.997142214374134,2.991741411933555,5.98888362630769,0.055029950543079756,0.03865917511003225,0.9629613775934546,1557,3680.166280972301,-0.006827448040012271,0.9751309974308678,0.9508804621505192,-2.9784881217637915,2.9973542640684516,5.975842385832243,0.09889346386310999,-0.08638145997774238,0.9751548985659962,1173,2793.352035645504,-0.0012760935416163647,0.9842374163713994,0.9687232917854474,-2.98660128528053,2.966171636049421,5.9527729213299505,0.010165155453361217,-0.1159438606457619,0.9842382436179639,1117,2643.7768622991607,-0.012514124894268742,0.9748846676003902,0.9504001151223231,-2.9994264131103754,2.9964027149220263,5.995829128032401,0.10407708606964025,-0.0470854441794506,0.9749649831887258,1166,2872.1505638220515,ADHD_part2,v181.mat
-0.04264558412436172,0.6868382420113373,0.4717467706892243,-2.997928392548453,2.98461058357811,5.982538976126563,-0.39486997144375835,2.4224403785329933,0.6881608943659414,2759,4182.520363934966,-0.0390838135373333,0.7201022981060955,0.51854731973768,-2.998488725447381,2.987547957123548,5.986036682570929,-0.17669780664131557,2.604599396940567,0.7211621622203296,2799,3996.811622751287,-0.032518137986509855,0.7901107692383909,0.6242750276664818,-2.9978138561007404,2.983802564265973,5.981616420366713,-0.07198587369313034,1.2299908173953735,0.790779651334423,2585,4642.162539528791,-0.011705145568229295,0.7537907621334876,0.5682005130777841,-2.9963262955067664,2.9992672524125554,5.995593547919322,0.03052538674049884,2.4367248871825176,0.7538816376000661,2485,3687.817559896971,0.0014463746075764178,0.7013628960873105,0.49190991200797957,-2.999660356099147,2.9910348010570984,5.990695157156246,0.1472399721561942,3.29742967964431,0.7013643874673742,2408,3153.1190753287538,-0.009696025417538516,0.9341193358651483,0.8725789336371457,-2.99646737757638,2.9885580576979036,5.9850254352742835,0.07096203912398959,0.11479767404830499,0.9341696561899466,3195,7231.724217709415,-0.013088085803280108,0.8748185180158223,0.7653074394633996,-2.9939012282011945,2.9931679566690845,5.987069184870279,0.030681841918751243,0.5697796037106215,0.874916417409911,3460,7075.941856325977,-0.00039220113039720357,0.9023586760775982,0.8142511802925158,-2.994295290067204,2.9910958748701235,5.985391164937328,0.029600350094562064,0.4070508240727584,0.9023587613107341,3027,6570.263131388411,-0.004077872044678307,0.9614688682639331,0.9244223846407283,-2.985643529194933,2.989674904218889,5.975318433413822,0.028978590214477188,-0.016753638024430195,0.9614775159519546,3903,9215.418829038177,0.0026866168733635544,0.9277547839957146,0.8607289392269352,-2.996101285431011,2.9989343540286195,5.995035639459631,0.012275134124384137,0.22805324147586203,0.9277586739757056,3597,7969.7454799334455,-0.04287503597242511,0.7432586374429453,0.5524334021335436,-2.998923012900725,2.99409364208094,5.993016654981664,-0.20170864263413918,1.7859711293351133,0.7444942382874299,2779,4398.879771960794,0.0006821308671427084,0.7295614537271855,0.5322599147645242,-2.9942336432252183,2.991812790063256,5.986046433288474,-0.011754488286824145,3.2711525457354327,0.7295617726190456,2305,2833.535740745971,-0.003272918191547165,0.7193437871952696,0.5174554841764333,-2.996689844743331,2.9917643484308964,5.988454193174228,0.06490029080647344,2.5475156488776696,0.7193512328271371,2703,3849.093766772293,0.019480163847281972,0.6611752917073149,0.43715276636425293,-2.999296905493876,2.9907301584723514,5.990027063966227,0.3125902749546348,4.837451243746522,0.6614622008458003,2801,2523.4694926962597,-0.001286866734692988,0.9211469667090787,0.8485117342773365,-2.999923940036302,2.9878710409417653,5.987794980978068,0.03609410828379621,0.2309484934705961,0.9211478656021135,3980,8702.72322385024,-0.004414249679346831,0.8257235744493822,0.6818194214014643,-2.9997310733708815,2.997731530076148,5.99746260344703,0.015028592270160698,0.9934599035991503,0.8257353734712447,3399,6365.613319510973,-0.01886204146284058,0.8978083796806198,0.8060598866247398,-2.98592528620788,2.992644975713325,5.978570261921205,0.009756779050461267,0.22993517758348103,0.8980064939814665,2607,5616.912202888003,-0.006490249197922763,0.8387825262098769,0.7035561262750228,-2.9998841996929158,2.999960292513787,5.999844492206703,0.07607845026488894,0.8243520958045143,0.8388076356410175,2535,4870.5391542636835,-0.00808383777184441,0.9522617003270681,0.906802345909799,-2.9967769073195654,2.993894778897703,5.990671686217269,0.01433176876785954,0.03606170427395794,0.9522960119326975,3254,7696.658043157403,ADHD_part2,v263.mat
-0.03774996727884327,0.8861725863912671,0.7853018528713877,-2.9955062678004203,2.9924589742155328,5.987965242015953,0.038828162285646804,0.537681567542768,0.8869762752751289,2365,4791.859250463034,-0.0334801823762526,0.8998031562695308,0.8096457200326097,-2.984502462865082,2.9871713220618035,5.971673784926885,0.06501177654213847,0.34374157516234183,0.9004258118493477,2556,5338.253519566893,-0.0043290783561538435,0.9053666081130365,0.8196886950861046,-2.9946379435754324,2.9615603617836217,5.956198305359054,0.07496846189531045,0.5380136567340137,0.9053769579603395,1991,4149.988723520506,0.0007445618852927884,0.9722111968397449,0.9451946112605691,-2.9882472568819938,2.99420773563218,5.982454992514174,0.00037131132471016006,-0.07990568181325974,0.9722114819487426,2113,5199.102907176759,0.02924883189060697,0.9200737112518745,0.8465356341367978,-2.999570792327541,2.9879401765001696,5.987510968827711,-0.019002667015963755,0.2301500493900983,0.9205384990883123,2270,4878.018823835716,0.0016767987777387009,0.6986980513409866,0.488178966947692,-2.987701706853817,2.991789957802734,5.9794916646565515,-0.013597453367175825,2.787225825086786,0.6987000634047724,2157,2922.235499225876,-0.0009535400061284295,0.9800589729580896,0.9605155904756654,-2.984124789837875,2.9819258256057735,5.966050615443649,-0.014100615487190013,-0.08981313659497481,0.9800594368272819,2420,5933.262161416448,0.0025477409940766536,0.9017426866132849,0.813139872860545,-2.984728962441366,2.995181248957436,5.979910211398803,-0.002330099204910595,0.24629535449218443,0.9017462857393526,1847,4067.770694532869,-0.0024953006957560333,0.9779960054368371,0.9564761866504098,-2.996467794237757,2.994945396975784,5.991413191213541,0.03945467946486384,-0.17845320161308598,0.9779991887399355,4724,10508.424078085533,0.004386953944413062,0.9550690378174299,0.9121568669975113,-2.999618583271966,2.9978933002498165,5.997511883521783,0.02397244480113562,0.0718980008483201,0.9550791131432106,3018,7119.469766828272,-0.011288801016456781,0.7481264830892287,0.559693234699458,-2.9832813409915784,2.990028982664014,5.973310323655593,0.10034320085091972,1.972752638133775,0.7482116490190776,2756,4081.588267544409,-0.02130901758710255,0.6392068133368494,0.4085853502162498,-2.9950790920675674,2.994053388762822,5.989132480830389,-0.09992249088772957,3.18425716501003,0.6395619004027501,2483,3132.535550085433,0.0061275435632290615,0.9507501160310697,0.9039257831330926,-2.9952086946639134,2.9862215165101125,5.981430211174025,0.017806180932655295,0.03015798819712856,0.9507698617032473,3028,6973.819338419136,0.00014288732387017077,0.7809086388122288,0.6098183021715681,-2.9998211378469635,2.9937643716343216,5.993585509481285,-0.009898045894654236,1.6528546566667632,0.7809086518846846,2743,4202.035300189238,0.0009451819888625027,0.9569318873832506,0.9157186370908703,-2.9707557758582595,2.9821970987987636,5.952952874657023,0.001823753421482687,-0.030564510808074985,0.9569323541713188,3627,8302.169560728264,0.006024555384217846,0.9425159841706309,0.8883363804171329,-2.999436778420133,2.9925559143227645,5.9919926927428975,0.018822346860052623,0.1480351037676737,0.9425352384312804,3445,7714.648109928916,-0.003798064792360126,0.9761132785965229,0.9527971326524531,-2.9947534509250953,2.987689230947945,5.9824426818730405,0.04996999054947714,-0.01666743426409445,0.9761206677192221,2407,5693.893235050814,-0.007837398774235203,0.9736020919010814,0.9479010333541618,-2.995439321262125,2.994876896616376,5.990316217878501,0.009330209418641296,-0.050776368740797384,0.9736336365254171,1925,4605.466283616523,0.0017122546657758486,0.9772870483295413,0.9550899748326671,-2.9719007290776878,2.973560527378239,5.945461256455927,-0.031611631117657774,-0.000828880872067117,0.9772885483053138,1995,4688.995820074006,ADHD_part2,v286.mat
-0.0060151675158155865,0.8612093493608245,0.7416815434264947,-2.962871285976144,2.9906059338584727,5.953477219834617,0.08260702943830574,0.21208407836850718,0.8612303557508514,3525,7320.281409201618,-0.0026125419305436056,0.9320387513393634,0.8686962339982398,-2.999197548182298,2.997635824459938,5.996833372642236,-0.020214017077024308,0.0065157715574595265,0.9320424128619784,3670,8419.200732514599,-0.007249517976001352,0.9680314757467293,0.9370849380363906,-2.997497563640775,2.997962073563299,5.995459637204074,0.01706896965606152,-0.08057807280762885,0.9680586209250321,2867,6936.606070311074,-0.0011048472244305704,0.9675056154518403,0.9360671159308442,-2.9973481565987763,2.978310164845699,5.975658321444476,0.024020344747065592,-0.13173598806572473,0.9675062462941693,2524,6153.562649371051,0.0022196462832319527,0.9726261180002405,0.9460015654162176,-2.986591827455632,2.995706162161921,5.982297989617553,0.006068692160210345,-0.1505684962047651,0.9726286507428413,2923,7084.335284586292,0.0018592492385585712,0.9656087897210368,0.9324003347865254,-2.991242815997379,2.996187421002878,5.9874302370002574,0.03177615453129621,-0.10381694485528792,0.9656105796822322,2568,6187.736346804344,0.00039368413427091643,0.9804920926412614,0.96136474373204,-2.996486175357458,2.994481861626027,5.990968036983485,0.020123117573263044,-0.07451097986945676,0.9804921716766725,3903,9373.530904487947,-0.006538224553921599,0.977703377271181,0.9559038939274731,-2.996577520933286,2.993183508449578,5.989761029382864,0.12008353222362946,-0.053184152213472835,0.9777252386574617,2765,6719.910111463098,-0.012036395607901092,0.9713876336404819,0.943593934789655,-2.999963720060378,2.992002005500732,5.99196572556111,0.1639113123757269,0.017664132605114347,0.9714622018426065,3075,7309.867111099267,-0.01755922919081674,0.9458604752289577,0.8946520386003497,-2.966335279894159,2.9988336685257138,5.965168948419873,0.28580543254924884,0.05581923249261189,0.9460234485096685,2839,6842.099736124583,-0.013337623264303414,0.8953710707733666,0.8016893543778452,-2.9980463286215424,2.984496341063837,5.98254266968538,0.02064595908864361,0.4088552652850672,0.8954704051905823,2910,6226.602045623604,-0.0037773123849352158,0.9068044888752861,0.8222943810443688,-2.9867426025342647,2.9947946387642967,5.981537241298561,0.03172409916354706,0.15180460044744049,0.9068123560766154,3176,7060.894146299406,0.00602473506068044,0.9272032987154628,0.8597059571488358,-2.9823306350669325,2.992329201872943,5.974659836939876,0.02257844904463622,0.03993649413211697,0.9272228721194204,3512,8002.613831819312,-0.0019756824671366725,0.8054046754798123,0.6486766912847418,-2.995977176182508,2.9897797046775842,5.985756880860093,-0.004112808628568187,0.39696527841669216,0.8054070986811283,2872,5572.455405910739,0.0018457143444681626,0.9536141266318009,0.9093799025117324,-2.9997260005286264,2.969826352607955,5.9695523531365815,0.005168616037245907,-0.08385298006488684,0.9536159128145743,3956,9666.048718495189,0.0031702357363508817,0.8807054444046664,0.7756420798040209,-2.963601241468605,2.9668312440169924,5.930432485485597,0.02438020631034562,-0.06156265357808266,0.8807111502636065,3021,6606.316630118449,-0.006732766251864777,0.9692014452193427,0.9393514414152626,-2.9914410350685947,2.993486186070787,5.984927221139381,0.010420950223005104,-0.07353744233935133,0.9692248302415002,2786,6794.030748173052,0.0011096025571672849,0.9844141895732641,0.9690712966331863,-2.9900857363165727,2.9984827859621914,5.988568522278764,0.021194345214081985,-0.21083976848185992,0.9844148149286566,2542,6276.2005876466,-0.005057874109665719,0.9765198947427686,0.9535911048284278,-2.9983168269596936,2.9996482099413666,5.997965036901061,0.10091852910660572,-0.034141679679688064,0.976532993256724,3753,8881.575781652773,ADHD_part2,v198.mat
-0.010468706106180115,0.8934430123332319,0.7982404162870795,-2.990113964199188,2.998702170428825,5.9888161346280135,0.1052227633983377,0.6620252954437382,0.893504342515814,1704,3460.5384563494044,-0.01623335954380002,0.8750014266103988,0.7656274965702332,-2.9882640982190543,2.9928519261136297,5.9811160243326835,0.06821893939011525,0.7404999149942793,0.8751519973880603,1907,3823.709587188916,-0.0047333568796145056,0.9223910582723847,0.8508052643808498,-2.993648475836213,2.9796032940270774,5.973251769863291,0.026600225436785516,0.29536215775507557,0.9224032030778078,1767,3938.1240024033677,-0.0059465982037929695,0.9191143425950838,0.8447711747639931,-2.959703840554164,2.9830823902648325,5.942786230818996,0.0636315618826733,0.24076169544716874,0.9191335794073626,1913,4194.120646924839,-0.0052114317078520355,0.9417815945860869,0.8869525719011125,-2.996436300600122,2.9982157190667795,5.994652019666901,0.03136340627960378,0.06375859160548947,0.9417960134347343,1727,4127.684178294225,-0.00161574045540035,0.7614437831250628,0.5797966348598076,-2.9923554818918356,2.9977563587488842,5.99011184064072,-0.019647877764814973,0.775763555522297,0.7614454973778667,1681,3055.790727075877,-0.015257773829405965,0.9440124346312821,0.8911594767384808,-2.9993156430597065,2.994051254901646,5.993366897961352,0.008974402597313852,0.010210173279150858,0.9441357298612896,1830,4317.93455096073,-0.0011451429303422464,0.9316925243349103,0.8680509599015576,-2.9958513389323795,2.999406686039474,5.995258024971854,-0.02039290817884232,0.006750898934719807,0.9316932280820165,1841,4273.415705660627,-0.010666450396981816,0.9603241883614334,0.9222225467520458,-2.999556396043264,2.9968678314602823,5.996424227503546,-0.02491998202879446,-0.014907427070812052,0.9603834233867832,2604,6138.345331750967,-0.003770665319754753,0.9230741245382073,0.8520658393919778,-2.963278692381719,2.9644577758118023,5.927736468193521,0.005340614602490252,-0.02446558404497523,0.9230818259011123,2533,5759.936117533492,-0.002159150492172844,0.8769542332267014,0.7690487271742319,-2.981192391491467,2.9663757075307835,5.94756809902225,0.08975706126577443,0.5990532786655836,0.876956891246702,1894,3778.0385912874794,-0.03299331311571701,0.7160379820395847,0.5127103917233207,-2.9898065719719167,2.98584349768852,5.975650069660437,-0.15858928719157556,2.6173011649874898,0.716797705376958,2276,3181.9098190489913,-0.03953808914533245,0.7491308381376547,0.561197012648825,-2.9909564609823023,2.963639461624579,5.954595922606881,-0.17543597595021307,1.5955080307730976,0.750173495360966,1941,3076.023333768012,-0.0514231297639259,0.726110607132279,0.5272366137900069,-2.958973862011106,2.9995928517634813,5.958566713774587,-0.09547002509000489,2.740434557854095,0.7279292218785591,2069,2958.9155357682607,-0.016119427679271926,0.8654884776728149,0.7490703049844066,-2.9982611551884912,2.996484039764082,5.994745194952573,-0.05312365240070496,0.5311479519829478,0.8656385740787628,2662,5320.71459733361,0.0005224470856006236,0.8840356994205726,0.7815191178500209,-2.9958377964921943,2.9829709750047435,5.978808771496938,-0.060947594842233416,0.21116920142382645,0.8840358537983503,3120,6522.358701269813,-0.0044266586778389455,0.9473330259838086,0.8974398621196394,-2.994630827139884,2.986265392107788,5.980896219247672,0.009405268989488739,0.11351989016986863,0.947343368281369,1806,4132.99519481403,0.0006550427901075894,0.941501722357519,0.8864254932021749,-2.9772848504001432,2.9902826203488133,5.967567470748957,0.0538181007390005,-0.10674417894997568,0.9415019502280555,1741,4135.529619350523,-0.0064145034329859026,0.9615167170673133,0.9245143971999038,-2.98926223144033,2.998166303533382,5.987428534973712,-0.008383502968566273,-0.01377426260754877,0.9615381131573495,1882,4481.376703735685,ADHD_part2,v213.mat
-0.003084911480045945,0.926733689387087,0.8588353310450019,-2.9851249751387186,2.99974214829559,5.9848671234343085,0.031204666617866316,0.24003091926669695,0.9267388239001544,2858,6258.758410655665,-0.008187226830278057,0.8496039435888203,0.7218268609616754,-2.9890227584530793,2.999463223488558,5.988485981941637,0.004688758099159008,0.8132860835614202,0.8496433908675132,2776,5344.372901579399,-0.004260265408494885,0.8173258641395104,0.6680215681913974,-2.9945170956419465,2.9995756043707837,5.994092700012731,0.018014320318644205,0.5162459063774505,0.8173369672618193,2499,4725.285711060152,0.0026820637424928135,0.6754652048235805,0.4562532429273615,-2.9884556801525854,2.9847743935094115,5.9732300736619965,0.18735794767525968,2.2136903911418973,0.675470529626038,2439,3532.5922587477144,-0.00016827716774239746,0.9793028305812805,0.9590340339845083,-2.993085115320214,2.996989555950699,5.9900746712709125,0.009793479630465037,-0.10381426194929277,0.9793028450391194,2743,6560.788686657372,0.005317331579455505,0.8168407809853012,0.6672288614806768,-2.9965923676922093,2.997173009696013,5.993765377388222,0.07071109731031897,0.6321012353349222,0.8168580877336055,2357,4505.655503083889,0.008631110558432548,0.9462899464760209,0.8954646628015906,-2.9966392763638057,2.9970591147314054,5.9936983910952115,0.041372870922335096,0.11451562601586573,0.9463293078368981,2721,6277.947811077154,0.010337201649582142,0.8810395694596492,0.7762307229536441,-2.999387582206101,2.991433724624402,5.990821306830503,0.10931612158799046,0.2810718106756407,0.881100210357249,2501,5326.170752490105,0.004315283162797389,0.947503470626341,0.8977628268489614,-2.9865690619227676,2.9983924322576656,5.984961494180434,0.034410444393159934,-0.05249345294853258,0.9475132972775298,3457,8068.144078797679,0.00011461520201263576,0.9050021958566637,0.8190289745053831,-2.9972864953412723,2.9943442794810062,5.991630774822278,-0.025691671915181933,0.332662297464021,0.9050022031144608,3574,7572.066937433762,-0.002550980588081447,0.7875952904859991,0.6203063415957253,-2.9884311966831305,2.9894741805402787,5.97790537722341,0.032910076974837034,0.9550394440308447,0.7875994217225442,2528,4466.805177351247,0.0014192814625364973,0.7428060401814325,0.5517608133300198,-2.999017100477253,2.9813663628282545,5.9803834633055075,0.1812051916375522,1.531149788202284,0.7428073960926141,2790,4622.185410817284,0.002698048710341078,0.6911262409606702,0.4776554809444264,-2.9969610864945673,2.992949536989593,5.98991062348416,0.09587338157690038,2.838765218462118,0.6911315073206182,2389,3349.7118783586943,0.0023406177017778456,0.7055744324150672,0.4978352796778443,-2.998816353468008,2.992766803728132,5.99158315719614,0.04555298852598111,2.7146258752092685,0.7055783146958743,3359,4647.651407513443,0.004210949747353594,0.7582799111764266,0.5749884236937294,-2.9967445887471182,2.998971336483059,5.9957159252301775,0.05255880337935589,1.105503626274345,0.7582916034030076,4028,6647.379360593773,0.01273215306936283,0.8065376124835408,0.6505029203506503,-2.991921523652687,2.993919642165686,5.985841165818373,0.10340953976722128,1.0017616965005054,0.8066381022939791,3894,6947.967432740912,8.06992713781864e-06,0.7606146507006425,0.5785346468604604,-2.9995983803975985,2.9927848946703457,5.992383275067944,0.05429957521132038,1.0567622933533638,0.7606146507434525,2275,3866.1612342072003,0.0007326823484817305,0.8824258571174876,0.7786753933095325,-2.9992757582637575,2.995727666729407,5.995003424993165,0.09135118347539008,0.44800975062894244,0.8824261612922388,2407,5153.6387478669485,-0.001256461123716862,0.9635744424551649,0.9284757061527819,-2.9845750534953805,2.987949600545458,5.972524654040839,0.04430488190667789,-0.02993209868078539,0.9635752616414233,2719,6382.138336759655,ADHD_part2,v288.mat
-0.006483160224923412,0.7071214149670092,0.5000206955049452,-2.991520090229811,2.9957418697986267,5.987261960028437,0.10885559823493594,1.7920970767626425,0.7071511343916852,3240,4955.149801039233,0.006854090625659145,0.8692790432623074,0.7556460550550326,-2.990073205676303,2.9986055771161353,5.988678782792438,0.0924839335200877,0.5924256129261924,0.869306064406166,3132,6320.933530640381,0.0014325569475307225,0.7312000585726018,0.5346535256565764,-2.9849694298078795,2.989844820026365,5.974814249834244,0.06832074462530927,1.287716018073609,0.7312014618940422,3043,4970.793109918959,-0.007988877376259512,0.7762675010329644,0.6025912331599634,-2.975332762841306,2.980360386133629,5.955693148974936,0.030575941611003313,0.9624513464284021,0.7763086083006528,2337,4134.7509325812625,-0.00548689447240804,0.7153878743283574,0.5117798107360456,-2.9914501661256225,2.9933037226664587,5.984753888792081,0.0673413355034373,1.3241265556069832,0.7154089157586708,3075,4902.239074793384,-0.0017709156314489312,0.9429616606766545,0.8891766935060742,-2.9985534035251944,2.9874934278546257,5.98604683137982,-0.011280791759291062,0.06256498556094625,0.9429633235965479,2363,5471.6812700150485,-0.004003854195942113,0.6983133729705401,0.48764156686949267,-2.9572810070460807,2.9969566218203916,5.954237628866473,0.08003458964089213,0.6078557245859244,0.6983248511387197,2970,4841.167908400817,0.0023674900988532623,0.9416667140858527,0.8867362004172471,-2.985978901778791,2.9938855936427156,5.9798644954215066,0.00886898573250109,-0.020869171434661382,0.9416696901921688,2468,5724.9558148178,0.02390535319669977,0.6166053883841549,0.38020220498437457,-2.9635941596332556,2.9625645132132954,5.926158672846551,0.2654429492943985,1.7080601874824568,0.6170686111736956,3410,4775.755502528064,0.0007884676844671684,0.9450769669725584,0.8931704735020501,-2.989336516988557,2.978364680529045,5.967701197517602,-0.008635999590542363,-0.046683141496732805,0.9450772958776121,2705,6421.703260341742,-0.0153673090917002,0.651010721245407,0.423814959176465,-2.979823838165544,2.9954377291348915,5.975261567300436,0.0951350966881676,2.747295567823474,0.6511920710245057,3456,4496.926982516776,-0.002909515838173056,0.6654766821935993,0.44285921454340077,-2.9746171628326623,2.997709537850834,5.972326700683496,0.11136388564435554,1.5788390443569442,0.6654830424780284,2516,3771.9851580919303,-0.00907025679451027,0.6650702295795959,0.4423184102730565,-2.9759015537150684,2.9459893267603996,5.921890880475468,0.05463882955244168,1.304766700201676,0.665132076982741,2864,4281.780497737862,-0.014831610766157972,0.810928347324664,0.6576047844947108,-2.992047059991229,2.9954179009961477,5.987464960987377,-0.038248071839271855,0.7492086267057068,0.8110639686070572,2780,5107.922157788229,-0.0037568806770494757,0.607123219177291,0.3685986032641969,-2.993814083851809,2.9989475883851067,5.992761672236916,-0.08046094752837549,2.8876811800680864,0.6071348428616319,3918,4826.519934384564,-0.009151450764420834,0.8128683682048081,0.6607549840279475,-2.983128033968216,2.9974748538146168,5.980602887782833,0.00010079053794573825,0.8593890585349331,0.8129198810947122,3165,5787.149581050129,0.0019178623748340427,0.7586873676091281,0.5756065217696683,-2.9757821015276362,2.96506952328183,5.940851624809467,0.08714215279737454,0.9640645274650588,0.7586897916578008,3045,5257.599428805689,-0.0003459172198963943,0.9610095380467624,0.9235393322168516,-2.998820384583773,2.9983415686073513,5.997161953191124,0.009285494948286722,0.013024581257707002,0.9610096003035425,2421,5673.4604312366155,-0.0011588172572215602,0.7216822235219508,0.520825231747587,-2.9501769189357123,2.9925228504527075,5.94269976938842,0.0807245155151855,0.5534018874860425,0.7216831538875094,3268,5462.536390431919,ADHD_part2,v265.mat
-0.0018030750681960104,0.9667764672503837,0.9346567376291322,-2.9940774933569867,2.9898261785147215,5.983903671871708,0.048920996775648276,-0.03056016699092856,0.9667781486508854,4150,9796.78241724766,-0.0007676590209083704,0.9499222130608571,0.9023522108664365,-2.973750642988557,2.9952125528751687,5.968963195863726,0.02120199251363071,0.08147372951674159,0.9499225232442953,3158,7147.522568104861,-0.0013183865510150209,0.9788784231111883,0.9582029672326466,-2.9879657803342368,2.9789358441939937,5.96690162452823,0.0361028198458474,-0.13366422938461486,0.9788793109345729,3524,8459.719173708065,0.0006698889536526399,0.9692396274809687,0.939425455479447,-2.991706196023743,2.968503286202432,5.960209482226175,0.014981345342273845,-0.01049086000335242,0.9692398589774655,3170,7514.320932427963,-0.0027603908286602664,0.9781130887516263,0.9567052143872466,-2.9808345260470084,2.9959154734826994,5.976749999529708,0.016362750054372325,-0.18322895555859642,0.9781169838750238,3363,8180.766860721235,-0.0017177399496817582,0.972405269190731,0.9455720075498981,-2.9985285022702253,2.993330602106916,5.991859104377141,0.05713955432026034,-0.11385838308700302,0.9724067863710294,2802,6855.986703083325,-0.003974301455674017,0.9785069480051402,0.9574758472943341,-2.952107507408054,2.9991828229699067,5.951290330377961,0.0010184532635425583,-0.16504110958183782,0.9785150189784491,3466,8443.313104453695,0.0024363891360922006,0.9640943948071133,0.9294780020984942,-2.9969259618823156,2.990762768961258,5.987688730843574,0.030643902003979484,-0.06011347994843996,0.964097473334785,2899,6879.100003321375,-0.004499700561815034,0.9805637438595893,0.9615052557719342,-2.998767772827992,2.9927128652043065,5.991480638032298,0.04685884248377416,-0.13797019529096088,0.980574068123913,3420,8454.177851318194,-0.002782013355469301,0.9619219740994127,0.9252938842553112,-2.9477633439195094,2.968759953674656,5.916523297594166,0.027694882911149705,-0.005085157192187051,0.9619259970775409,3712,8611.370677697787,-0.009403526053963827,0.8922949422751388,0.7961902640097934,-2.982220702967178,2.9993471922689356,5.981567895236114,0.01998387471960086,0.33592593980183816,0.8923444908285371,3687,7991.819731693655,-0.005294618383912384,0.9227919873679346,0.8515450519504624,-2.987556616567808,2.9904824886792487,5.978039105247056,0.08521021250834832,0.20207598364097556,0.9228071764644518,3299,7213.520649271342,0.0001725651574493536,0.9807595258102163,0.9618892474674804,-2.989187398495495,2.997272779032101,5.986460177527596,0.005832210676215168,-0.15696383754981813,0.9807595409916817,5422,12984.579846124723,0.002337483467864878,0.9506755949326087,0.9037840868004695,-2.9954207521896703,2.9825207617335603,5.977941513923231,-0.029403553991592214,-0.06126825933588531,0.9506784685841119,3938,9292.594022197376,0.002734699394581298,0.9751308781560747,0.9508802295334374,-2.9823246608850495,2.9886709339666684,5.970995594851718,0.029892243221041132,-0.1767900804368674,0.975134712803424,5351,12878.10121280337,0.00541373951563742,0.9472067478131801,0.8972006231028214,-2.981707270361348,2.99280611722376,5.974513387585108,-0.03142827944003826,-0.0009696346789911381,0.9472222187419194,4619,10595.66657026756,-0.0006611351495066752,0.9769132992821141,0.9543595943142655,-2.9902268094681994,2.980676841186798,5.970903650654997,0.04483419149852725,-0.14773639356617219,0.9769135229967653,2956,7044.102954011481,0.017567778225761173,0.7732642502364115,0.5979376006936796,-2.9378471132954562,2.855190811330179,5.793037924625635,0.08999075575574597,0.11652704200899411,0.7734637855293997,2804,5468.505049354905,0.0185702163574595,0.7412783760936723,0.5494936308640719,-2.991007065400223,2.973698693358757,5.96470575875898,0.12319949271041311,0.1770593545183914,0.7415109465136943,3283,5883.5035667527845,ADHD_part2,v215.mat
-0.008081180288404101,0.88514478027873,0.7834812820546811,-2.998597852434826,2.998100607035167,5.996698459469993,0.08915662403448808,0.40886412317313425,0.8851816692236317,4341,9008.481337606721,0.004934610408829849,0.9369616099227902,0.8778970584691069,-2.9934228950904966,2.994966424386019,5.988389319476516,0.058995353508480716,0.13541337092013617,0.9369746041643786,4934,10992.7642706475,-0.0036998867562444437,0.9696643564288956,0.9402489641286643,-2.9933272132340307,2.9969160750370127,5.990243288271044,0.018894084389538827,-0.07320500170471433,0.9696714151147663,4447,10619.81797568399,0.0005208624976341996,0.9754031253045722,0.9514112568539269,-2.9900185212289903,2.998181974688296,5.988200495917287,0.026497392393831372,-0.05244895966303709,0.9754032643741092,4360,10413.256085611887,-0.004303899245458681,0.8235240622134962,0.6781918810446182,-2.996491710153346,2.9983502860118554,5.994841996165201,-0.006112296466173247,0.822561449967913,0.82353530865005,3916,7294.369672633161,0.0009382750828507448,0.9749228960347128,0.9504746532127115,-2.9979346603344146,2.9957109545724743,5.993645614906889,0.03063734662316924,-0.11049427378705134,0.9749233475370475,3542,8645.429160629987,0.0029893555053777184,0.9701571387897718,0.9412048739447567,-2.9884267771616435,2.9857908535801903,5.974217630741833,0.019282039316931152,-0.06946334182436686,0.9701617443452891,4377,10330.644610800251,-0.0012037560022796618,0.9823783016289216,0.9650671275113245,-2.9762762087423673,2.9907002953966835,5.966976504139051,0.012803868777259107,-0.15343948938003793,0.9823790391390879,3600,8926.83531525627,0.0006448054330615765,0.9708098331282848,0.9424717320985683,-2.990891474545331,2.9962164466897243,5.987107921235055,-0.00175982030200877,-0.09878083178568486,0.9708100472660008,4336,10498.21777936542,0.0009377614910861505,0.9835756492528226,0.9674210578031114,-2.96732537094312,2.9977280996654865,5.9650534706086065,0.02283203859574866,-0.17059343716478148,0.9835760962933805,4251,10485.067035846598,-0.004274418953630711,0.9160863161623897,0.8392141386599777,-2.999171915281024,2.9982653925417035,5.997437307822727,0.062383751095726594,0.3333734610971373,0.9160962882346861,4335,9625.212932827439,-0.003790567665331279,0.7062539279623063,0.4987946107621867,-2.9740510795613906,2.994907874315004,5.9689589538763945,0.008122807196230816,1.1317588236691556,0.7062641001533436,4696,7432.929503018869,0.008880375667317801,0.9113272600746851,0.8305173749552328,-2.9898004474147744,2.994194387086764,5.983994834501539,-0.013155890934110787,0.1867964599054579,0.9113705262006367,4362,9597.463496681143,-0.017669230310302868,0.9241495067616444,0.8540523108477907,-2.992749777479229,2.9933566197000343,5.986106397179263,0.018501510576588186,0.2439499710610673,0.9243184043107383,4500,10047.681558789653,0.005701752183098733,0.9639701489950957,0.9292384481536271,-2.993433695357211,2.999392248167261,5.992825943524472,-0.022098396559892937,0.015339860299949493,0.9639870113915355,4437,10474.20833156306,0.004950087357835837,0.8665974883718769,0.7509912068524454,-2.9346946294968403,2.985530900557458,5.9202255300542985,0.0023128693758373937,0.10952199685668162,0.8666116259416876,4813,10463.627381274238,-0.002462105271063293,0.9768488538758503,0.9542336833185623,-2.9989469348641626,2.9910297447948095,5.989976679658972,0.022721213381041078,-0.0526851284916825,0.9768519566858267,3919,9276.510271947438,0.0010632405854515982,0.9666105525161914,0.9343359602356568,-2.9857201889837235,2.9852189969768395,5.970939185960563,0.01324249328398302,-0.12862404965944307,0.9666111372812747,3649,8741.83334027775,0.003730665876213534,0.9756618580116506,0.9519160611787463,-2.986158562518329,2.998292717240329,5.984451279758658,0.007045926244939693,-0.09831461714770251,0.9756689905119594,4134,10136.164632128652,ADHD_part2,v227.mat
-0.013754525104891972,0.9497614160558764,0.9020467474284636,-2.991117492638158,2.998856429542083,5.989973922180241,0.04060670588420669,-0.001419638708618276,0.9498610079318577,2807,6553.50616304721,-0.018062266710222697,0.7886209738370794,0.6219230403757434,-2.964466793525324,2.9994897400999463,5.96395653362527,0.2090200637947995,1.1316573013701285,0.7888277922680302,4034,7040.588270666531,0.005197450536115457,0.9356679641914174,0.8754745392141116,-2.9898342258915944,2.999967943786622,5.989802169678216,0.03562721046921041,0.008587935491693344,0.935682399485096,2211,5127.770004229708,0.0026461569474625925,0.8094390930871255,0.6551916454177082,-2.9915582638584723,2.982771754131485,5.974330017989957,0.07471736055341291,0.7337866456430988,0.8094434183834586,2329,4431.7015614521815,0.0017108041160209314,0.9824167901139079,0.9651427494977142,-2.987576126861127,2.9836275863754693,5.971203713236596,0.03882910520126924,-0.14627282267157327,0.9824182797303995,2245,5620.247888638113,0.0077927011851842256,0.8380260167686385,0.7022876047811104,-2.989018404621256,2.983028966970992,5.972047371592248,-0.010190084928698401,0.4800258709220069,0.838062247671897,2135,4403.613258207278,0.0048776301673689616,0.9713778474850858,0.9435749225847586,-2.9891912798485083,2.997388362176365,5.986579642024873,0.013139652686357231,-0.045481476994496894,0.9713900935570674,2282,5624.564843846618,-0.005027100690578826,0.7246492543535862,0.5251165418352084,-2.9891786623971353,2.9906587277674026,5.979837390164538,0.009744398288565622,1.627108367918079,0.7246666913668391,1944,3181.2792444534934,0.0013472072359791156,0.9668119605705076,0.9347253671021887,-2.996845422875735,2.953720952194817,5.950566375070552,-0.008013860365880199,-0.08796053970770323,0.9668128992051799,2417,5841.072324407978,0.00863005714934059,0.8594427762276932,0.7386418856099647,-2.9980481186030783,2.991451261321082,5.98949937992416,0.05525517487855843,0.3390970565413296,0.8594861043067338,2498,5246.83439281014,-0.008588018210968109,0.9222311339728086,0.8505102644687725,-2.992721812815004,2.9844742212014994,5.977196034016504,0.058783299651020034,0.04858662385645074,0.922271119858778,4073,9146.895793164504,0.011190721163117923,0.6857449771953764,0.4702461737486873,-2.995885885066059,2.9987972785177526,5.994683163583812,0.2243762603350951,3.990315702205863,0.6858362822050449,2178,2439.3621449025773,0.0029419649556619056,0.8225827533327206,0.6766423860804395,-2.9973134509469403,2.9940753708618426,5.991388821808783,0.03573278730336305,0.13305027371960243,0.8225880142806846,3193,6440.400036983821,0.002821457429703685,0.7594363261714652,0.576743533508812,-2.9941849805606204,2.994501025214365,5.988686005774985,-0.016992971827267604,0.9809261809969909,0.7594415672919409,3911,6626.6621002827505,-0.0031056240989985337,0.9596333017044572,0.9208960737401978,-2.968164005933232,2.9834933115070497,5.951657317440281,0.019788548004016117,-0.0689341590035597,0.959638326996813,2757,6550.432319134445,0.004233688712843882,0.786715658956975,0.6189215280481075,-2.995797209351406,2.995967044070857,5.991764253422263,0.012452582676366982,0.7464047660716298,0.786727050614268,4257,7579.77646195021,-0.009881667187764755,0.9704564636870056,0.9417857479118884,-2.9326641748011637,2.9868934287886835,5.919557603589848,0.05945174183995526,-0.13673740165514303,0.9705067723917737,2103,5214.935396352634,0.01122826016268913,0.8875912336225493,0.787818198003599,-2.9653651580453606,2.9934262326424936,5.958791390687854,-0.01163023971848335,0.17380802546980068,0.8876622509884489,2153,4725.723299449649,0.004307372761682781,0.970315689252135,0.9415125368088457,-2.9959185414523986,2.9925730396232084,5.988491581075607,0.014240243800211319,-0.025541628448038534,0.9703252497327655,2233,5562.499007312448,ADHD_part2,v274.mat
-0.03175445361265185,0.7361867368118226,0.5419709114576398,-2.9834096386710987,2.991074452549012,5.974484091220111,0.042357762861788634,2.160274539892076,0.7368712620138458,2076,3227.81918720791,-0.0039788808585835235,0.6935981824574353,0.48107843870825767,-2.9991229675792446,2.9995901834199987,5.998713150999244,-0.10962308202097018,3.6993830661515172,0.693609594945993,2199,2637.535346385428,-0.016986781071833334,0.9060489814941978,0.8209247568666731,-2.997943239754626,2.9945346861416238,5.9924779258962495,0.0660038458644343,0.4363451745478004,0.9062082032280747,1798,3864.469366389399,-0.014122591849572536,0.8048599063869429,0.6477994689091985,-2.992859647433894,2.9976110842760977,5.990470731709992,-0.043290645607692066,1.2399198429551292,0.8049837989113496,1765,3267.5535021818964,0.0027498277750938765,0.9598348520773569,0.9212829432623615,-2.990932846779172,2.9989529882439876,5.989885835023159,0.019137088954082022,0.040361022327427776,0.959838791055641,1866,4403.239964406723,-0.0093773039075508,0.904623402445808,0.8183435002526303,-2.9926526721260727,2.999853236952734,5.992505909078806,-0.003113569545260469,0.3342193654279,0.9046720035909174,1805,3849.935651829638,0.007571382493089906,0.9596315695858756,0.9208927493458511,-2.9913698235472355,2.995102121572328,5.986471945119563,-0.04046053481971646,0.058497562923426116,0.9596614377887172,2276,5320.97810029713,0.0006069175995002924,0.7600807438233461,0.577722737131051,-2.9694959102700467,2.9927971323854003,5.962293042655447,0.08909312430654426,1.0321391941515392,0.7600809861324145,1865,3232.3116900635237,0.005194515532888917,0.9637281134122372,0.9287718765811099,-2.9897412352570734,2.9815959043810123,5.971337139638086,0.00994543482525176,-0.04045718644642182,0.9637421125865214,3634,8634.615530301091,-0.005283734507725384,0.8613857799166766,0.7419854618426612,-2.995012129902462,2.9952857741871872,5.990297904089649,0.01656838261830244,0.3172906332446974,0.8614019849599891,2215,4521.480564020815,-0.03539356653497372,0.8558567479939626,0.7324907730868012,-2.9984891315155475,2.99696049013774,5.995449621653288,0.018696311221007116,0.9725210604690706,0.8565882777851135,1950,3734.423302669424,-0.014102137085893618,0.7685898892621474,0.590730417876,-2.9992380797141744,2.9973102831452487,5.996548362859423,0.06667901331524133,2.022688525024357,0.7687192518380097,1731,2727.2133686067846,-0.033794860107830435,0.6060954075065018,0.3673516430004725,-2.974467230446209,2.9851212665205304,5.95958849696674,-0.2543023830521117,4.908728018342791,0.607036848609852,1842,1828.4402123843308,-0.02164654062855952,0.7797706247677008,0.6080422272506104,-2.9984855387377913,2.994596193252288,5.993081731990079,-0.10702771569431385,1.6556777393529964,0.7800710223894965,2027,3225.1798403417097,0.0037079873260580445,0.9387267018814675,0.8812078208252575,-2.99443201380163,2.9950591166957845,5.989491130497415,-0.033892747643754995,0.15316041734174002,0.938734025161157,2888,6607.535430665321,-0.0014036181448419656,0.7742627351122429,0.5994827829834912,-2.9884004721174784,2.989032042326003,5.977432514443482,0.054101491890726175,0.9501886701443065,0.7742640073820994,2853,5055.979396709056,-0.0015620277957150187,0.936864188368987,0.8777145074482808,-2.9937789411332196,2.9978580784194238,5.991637019552643,0.046488692990505696,0.22452261787298733,0.9368654905476642,1804,4160.651794044046,-0.00696351027039033,0.9211238581076752,0.8484691619751684,-2.964446234319859,2.9954467615842195,5.959892995904079,-0.004110226299577992,0.11659788583632347,0.9211501790970104,1692,3838.9256725661617,0.005680828908169782,0.9583317606248767,0.9183997634223758,-2.976930517016726,2.9992484217096815,5.976178938726408,-0.00037489716168765904,0.018522711266194314,0.95834859797438,1938,4527.572342420938,ADHD_part2,v250.mat
-0.014793907285002223,0.7500508536764444,0.562576283100763,-2.9992301770929295,2.980598367870805,5.979828544963734,-0.07621190574759885,1.1631785386104125,0.7501967360589622,3309,5504.490032331837,-0.004398525552446183,0.8013381153754273,0.6421427751534416,-2.9582597339364542,2.9976271874272085,5.955886921363662,0.050400608583044924,0.7883196670129418,0.8013501869847397,3262,5712.068527826287,-0.0011022057086926896,0.9632552050327794,0.9278605900227419,-2.9809175702468846,2.9982544263993276,5.979171996646212,0.07665052589238733,0.09189349137114222,0.963255835632552,2357,5514.055781933224,-0.0019855430466836303,0.9419656498911744,0.8872992855749026,-2.9938075568853346,2.985119341203302,5.978926898088637,0.03657917041720496,0.18834289584018782,0.9419677425241763,2704,6039.201517644735,-0.002146254702392653,0.9830547394498331,0.9663966207547793,-2.9981945208787297,2.9722819788666612,5.970476499745391,-0.0030081255638249992,-0.1316178562012933,0.9830570823528137,2440,5967.522632845492,0.004312344230294347,0.9652029935603572,0.9316168187778749,-2.997625507475958,2.9884863496087206,5.986111857084678,-0.02020409974987715,-0.10427019896767487,0.9652126268810595,2203,5370.438733562734,0.0030030978621123474,0.9733605089281354,0.9474306803408389,-2.997267301757109,2.9877551518960104,5.985022453653119,0.022730226321956943,-0.06218324873090486,0.973365141628571,2768,6665.192550487606,0.0018553767824372987,0.937028438971026,0.8780222954404777,-2.9883790156425634,2.99827606540439,5.986655081046953,0.08996927389552661,-0.027054676675070777,0.9370302758521107,2140,4951.067926600024,-0.0023383328170128435,0.9537921301108652,0.9097194274614215,-2.9910379593652365,2.996584159285784,5.987622118651021,0.09068501295667653,-0.06457776196231357,0.953794996454576,3024,7219.92884145817,0.0002357216507269091,0.941767914505123,0.8869268047913287,-2.9829645693337206,2.9889710837361028,5.971935653069823,0.11645716938413242,-0.051972510355267065,0.9417679440053294,2392,5528.522097383578,0.002141446720260842,0.6423300981389645,0.4125879549752118,-2.9839831205486105,2.9951188054892404,5.979101926037851,0.03259004077862329,2.3085385099366125,0.6423336677843281,3036,4127.1872395913215,0.002955385192272983,0.66120256715423,0.437188834811344,-2.9638789035475566,2.9978516535475195,5.961730557095076,-0.0027371788427701547,1.0286296886456539,0.6612091719818917,2599,3827.147110986705,-0.001559378986912957,0.9119077441621672,0.8315757338629327,-2.985912609681653,2.984116365717091,5.970028975398744,0.042816106896195354,0.1833557406253119,0.9119090774445431,2913,6277.577106881487,0.0047252851238278725,0.9172096730365225,0.8412735843117645,-2.9927888748291704,2.9544580715396376,5.947246946368808,0.05083416289638988,0.024007880288694494,0.9172218448288647,2785,6306.196408793896,0.00782007358155543,0.9617987375816385,0.9250568116136334,-2.9983979328529315,2.9757447347804185,5.97414266763335,0.005639384647882354,-0.010882720936593149,0.9618305282971914,4677,10743.08328107649,0.003569184157622022,0.8884436988107343,0.7893322059564987,-2.9768011026642,2.963599854212095,5.940400956876295,0.0404674702058905,0.21532571465789685,0.8884508681024796,3308,6890.333604486518,-0.0063215716200794355,0.698265562202402,0.48757479535783654,-2.932908317780946,2.9908463262631417,5.923754644044088,0.141503212929063,1.6244090770604807,0.6982941769953294,2426,3751.8761163337003,0.00652989414331274,0.9448576822834862,0.8927560397701213,-2.98490723621698,2.976305694541967,5.961212930758947,0.0554184578065415,0.041308498130072646,0.9448802460035051,2291,5357.051574100468,-0.00030726673607483335,0.9790851301814731,0.9586076921424722,-2.9891497974185115,2.9963615463528286,5.98551134377134,0.014724148498162596,-0.07445334389759761,0.9790851783963024,3028,7258.166555727877,ADHD_part2,v177.mat
-0.016975901739402163,0.8369407869447567,0.7004698808517087,-2.99143839955557,2.999018278162729,5.990456677718299,0.004603409990878814,0.5605794485603193,0.8371129326987934,1692,3282.2278503762827,-0.008071944268208857,0.9565808916277869,0.9150470022274119,-2.9771273640412033,2.9863914903329616,5.963518854374165,0.027547112602616074,-0.0675393929589978,0.9566149478822087,1586,3845.515155317443,-0.009865578429774641,0.9522663787752752,0.9068112561457758,-2.992951425025048,2.95496999339901,5.947921418424058,0.009980208015035564,0.018510144360203373,0.9523174816118466,1604,3674.024837651959,-0.010336226417060187,0.951653585250386,0.9056445463199138,-2.983675937102396,2.999498472992429,5.983174410094826,0.06300514651045437,0.12293234115990481,0.9517097161931564,1317,3070.791559938444,0.004512616544821131,0.9860657777164378,0.9723257179835232,-2.991013571489606,2.9985516808014494,5.989565252291055,-0.021468846866695295,-0.10243627300351354,0.9860761033975034,1583,4075.1705597679274,-0.0002503098862487948,0.9867248281590354,0.9736258865054779,-2.9985609563799436,2.9932324836094018,5.991793439989346,-0.002207268990513705,-0.1780493606598248,0.9867248599080277,1433,3470.1038800514334,-0.001149931530420427,0.9840659474351101,0.968385788901361,-2.973879068782625,2.9603167372683483,5.934195806050973,-0.03175487987551215,-0.1623416965340838,0.9840666193118662,1684,4187.8879461237,-0.00425757528259582,0.9829004059237263,0.9660932079650258,-2.996924750870016,2.9953789707421286,5.992303721612144,-0.027143078812190254,-0.17676729524159418,0.9829096270320649,1383,3426.432147839591,0.0073709242930275485,0.983683228938414,0.9676326948947043,-2.996674620988019,2.9536778344827868,5.950352455470806,-0.18003785983699777,-0.24258837697324775,0.9837108444149825,1507,3731.3721791120247,0.004474087596653166,0.9761115494567978,0.9527937569829507,-2.996346060047784,2.9957984099114228,5.992144469959207,0.10108741598916801,-0.09646285934861343,0.9761218030772457,1587,3877.4968052170466,-0.022601115510318338,0.661257103220046,0.4372609565589666,-2.9967564747647124,2.987421894520343,5.984178369285056,-0.041622440207213,3.3463376354266767,0.6616432324004208,1311,1608.9730707149401,-0.00471326325626,0.640885228454775,0.41073387605152917,-2.9623823066291592,2.9392498664531024,5.901632173082262,0.07484721406231815,1.8419628081389217,0.640902559600172,1624,2293.8356116987043,-0.01169245905863978,0.7960998952582025,0.6337750432301209,-2.994225860627178,2.9899162969449495,5.984142157572128,0.06760373336046191,0.9941385456237888,0.7961857552286142,1511,2669.6171318757906,-0.016165120330351702,0.8174024670389574,0.6681467931213737,-2.964731928519273,2.9984770584840312,5.963208987003304,-0.00233069622900937,0.9589961636867343,0.8175622937958114,1503,2676.156902864798,-0.005852262794414805,0.939851453271394,0.8833207542163513,-2.9889860108605824,2.9970484372267636,5.986034448087346,0.04209457928780172,0.04338246323956918,0.9398696735165819,2486,5427.125743893093,0.002268063343862102,0.9088804472558678,0.8260636674040263,-2.9960107941353886,2.97629800878434,5.972308802919729,0.03850325403368118,0.24871278854843526,0.908883277167843,1723,3734.1681387169683,-0.0013889652936670278,0.9822252395494946,0.964766421208062,-2.9963082643660752,2.99829002623274,5.994598290598815,0.11726225191493209,-0.1406617852932368,0.9822262216173263,1535,3665.906607535104,-0.0023103332234215537,0.983486066905753,0.9672448437977472,-2.983691650553895,2.9716497969964832,5.955341447550378,0.025887930952053124,-0.18679735116176133,0.9834887805345572,1370,3409.6445166388626,-0.006976322726537881,0.9740830453643251,0.9488377792662379,-2.9700955398493027,2.999027634155644,5.969123174004947,0.06788621363601118,-0.04974230096771004,0.9741080270406475,1536,3612.166211131236,ADHD_part2,v238.mat
-0.010658399187627763,0.9358972568959247,0.8759036754653164,-2.9928601903325545,2.9915292458484157,5.984389436180971,0.034162236627809955,0.09496306424229806,0.9359579461378377,4039,9258.849317520913,-0.0040920014481477035,0.9290459730050168,0.8631264199568385,-2.9940777456330943,2.9681104418088045,5.962188187441899,0.046664904532737514,0.16912791573038577,0.9290549846121542,5095,11302.210965559647,-0.009528851561815998,0.9610648961549145,0.9236457346212565,-2.9885537666739124,2.9851908487887395,5.9737446154626515,0.05094261700179953,0.0001535452558090178,0.9611121337457683,3037,7281.445311995371,-0.005496318674468603,0.9653830038107554,0.9319643440466769,-2.9945811477630055,2.992814696432474,5.987395844195479,0.04403748599942182,-0.037933623520516324,0.9653986500744903,3962,9540.315473160741,-0.0008761836860182489,0.9745548378547639,0.9497571319861253,-2.99773887330713,2.9999620253182218,5.997700898625352,0.02837778032641605,-0.08204360412790246,0.9745552317257227,2715,6559.218398396919,-0.01926784248379033,0.7033681594821521,0.49472676777331015,-2.999437196503821,2.9950162112743692,5.99445340777819,-0.08965556734927123,1.9208101684119878,0.7036320185489644,2687,4400.0310002048245,-0.0015613548910056107,0.9718308268730677,0.9444551560607903,-2.999255557225168,2.99043081371212,5.989686370937288,0.022768636321923625,-0.09137308366116681,0.9718320811178678,2843,6955.236237167615,0.0010985453644403176,0.8883290871965863,0.7891285671595202,-2.9982910032276315,2.9990894610410628,5.997380464268694,0.029888548153480958,0.29982576149756923,0.8883297664501838,2559,5483.674671008536,-0.002134887430018806,0.9739063042036248,0.9484934893675633,-2.9778988881749675,2.9830237746649844,5.960922662839952,0.02630577810075717,-0.10920294045602397,0.9739086441303939,2745,6725.093383313262,-0.0009191548330251696,0.9807889124530789,0.9619468907908931,-2.9857226315091068,2.984425094506098,5.970147726015204,0.047085122206720016,-0.11752340291450514,0.9807893431499447,3819,9231.475355332032,-0.00798425569562158,0.9477317378743264,0.898195446974291,-2.9892643403622174,2.9975316832014434,5.986796023563661,0.0067833619287196376,-0.011676947385449665,0.947765369336369,3689,8634.318195162848,-0.013009086812430268,0.9105091192760824,0.8290268562849071,-2.9944892047856415,2.9947812016777093,5.989270406463351,0.0678761258567948,0.2073075115836467,0.910602049538985,3737,8122.608370758729,-0.025439718357827698,0.7442025431484306,0.5538374252285917,-2.9988447617338085,2.999875059459637,5.998719821193445,-0.10868705713444,2.2444387672844632,0.7446372301320404,2342,3566.30222070086,0.014628854832223545,0.7761467301613908,0.6024037467402188,-2.984322957284495,2.998746076495948,5.983069033780443,0.05121464479800234,0.8136199972060068,0.7762845806364578,4413,7919.8429706211255,-0.010076557456173245,0.9671388167062526,0.9353574907799704,-2.991921891494012,2.9894909884088023,5.981412879902814,0.0439835825160387,-0.03648905830360105,0.9671913087854636,3826,9240.498054146492,0.00812828391683331,0.9332188103608117,0.8708973480112485,-2.994783129300433,2.989930792516792,5.9847139218172245,-0.024461423114703805,0.07833003536412297,0.9332542081398192,4695,10795.75404404653,-0.007566188789410901,0.9645005318289929,0.9302612758984101,-2.9712156960380227,2.9941005193944954,5.965316215432518,0.05908754845102067,-0.07068444544580244,0.9645302085011164,3374,8054.039971721954,-2.702284804383987e-05,0.9815978715974828,0.9635343815247083,-2.9953805053104228,2.9905808503800277,5.985961355690451,-0.01603064925383288,-0.05445811618767005,0.9815978719694449,2957,7099.566247391171,-0.0024430833304253914,0.9794497382560322,0.9593217897698101,-2.9992007780360357,2.9965783432893955,5.995779121325431,0.028883368119774537,-0.0976805203354485,0.9794527851948605,2735,6790.357520127476,ADHD_part2,v279.mat
-0.018396753761668765,0.8751192116029909,0.7658336345166403,-2.998967516442809,2.9993081472465004,5.998275663689309,0.050552903614603954,0.48651177089981834,0.8753125584987386,4722,9696.406518602373,-0.033490580388223896,0.7699155047901424,0.5927698845162597,-2.99998331104363,2.9958282453917393,5.995811556435369,-0.15304311577092208,1.7548162329730381,0.7706435644907441,5215,8569.45706400305,-0.008105578422688595,0.9367687067275126,0.8775356099039365,-2.9960449538533154,2.9999679277275253,5.996012881580841,0.06373509229143784,0.2029677748431027,0.9368037736396575,4844,11073.034641462104,-0.01389472289662089,0.9177799935577884,0.8423201165749341,-2.999909504646025,2.9986458198017627,5.998555324447787,0.07046078716562461,0.2979971851648573,0.9178851670548489,4629,10053.359765651185,-0.0008728414803068827,0.9572819873336486,0.9163888032734596,-2.996699471048986,2.9982257051299706,5.994925176178956,0.03228760586436807,0.10489683048719689,0.9572823852582419,5274,12205.329405728875,-0.003532917267658755,0.9388619580227805,0.8814617762223692,-2.998230515689767,2.999427915431028,5.997658431120795,0.01638892132996128,0.2833562202028612,0.9388686051449315,4887,10960.278090414104,0.000758624345033165,0.9599718854720497,0.9215460208967622,-2.9973320548957676,2.9843673084684457,5.981699363364213,0.025730270078442533,0.03238547523439106,0.9599721852260403,6217,14498.04838743463,-0.0022180161083264044,0.9371675455139038,0.878283008364555,-2.999448312670736,2.996210659413776,5.995658972084512,-0.008630025992096616,0.2626437448259451,0.9371701702252435,4713,10496.134123136977,0.008513224410598895,0.9649255421644664,0.9310813019213893,-2.99876897950022,2.9929384813048596,5.991707460805079,-0.03793916765962373,0.035642586044056124,0.9649630961395645,7388,17420.71295092361,0.0032666840238150395,0.9440912545044748,0.891308296831833,-2.9977856859788106,2.9995430740889804,5.997328760067791,-0.012559928548525542,0.19052120868944655,0.9440969060728588,5753,13045.728455339819,-0.01602850050456032,0.9012091012323545,0.8121778441440282,-2.9990550387906443,2.9999621531109883,5.999017191901633,0.048977790649979765,0.39224571465484503,0.9013516278192728,5180,11042.856461566344,-0.008266559359829395,0.8316575702390088,0.6916543141358518,-2.999446606707589,2.9925318879599487,5.991978494667538,0.08139438392910196,0.9014089325509427,0.831698653443362,4839,9219.979004408196,-0.006048699165514948,0.9213545730194082,0.8488942492237759,-2.999805211444838,2.9933454195846276,5.993150631029465,0.05203424889729987,0.24813928215183756,0.9213744276814777,5174,11524.815176672315,-0.003580200246576107,0.9225153368835671,0.8510345467854014,-2.9987121523216747,2.9960721425039343,5.9947842948256085,0.01712468820391403,0.30873643701272924,0.9225222840773046,5536,12021.396250990632,-0.0009332131796028558,0.9697806755483614,0.9404745586670363,-2.9889440807340932,2.999752739794361,5.988696820528454,0.016827325885498474,-0.018609387379640907,0.9697811245605241,8190,19186.21546103267,-0.0020912657995449313,0.9210015682995037,0.8482438888101455,-2.9982655964274603,2.990343788195694,5.988609384623154,0.023481848253121267,0.3195827399470157,0.9210039425555082,6036,12980.278209193088,-0.007315430454087952,0.9267211391496265,0.8588120697467814,-2.996964040722311,2.996452772578478,5.993416813300789,0.08102360165312626,0.16196560093934176,0.9267500122846021,4856,10715.179018647932,-0.0013507762932807625,0.9527449952257151,0.9077230259276479,-2.995786436837988,2.9995836302629515,5.995370067100939,0.010353697219398184,0.13844202418788498,0.9527459527724285,4424,10317.443315372642,0.001161787009189203,0.9678566334095398,0.9367464628348482,-2.9960826617419136,2.9967737463017925,5.992856408043706,0.02647805833510258,0.02189670158869461,0.9678573306969901,5418,12908.051167121863,ADHD_part2,v244.mat
-0.01456211685475047,0.7461126959371555,0.5566841550386101,-2.9992463893496155,2.999166039206304,5.99841242855592,-0.006611549655379352,1.249716299957771,0.7462547891209151,4337,7142.031070843554,-0.016611285272071934,0.7188728963163158,0.5167782410582085,-2.981428389182595,2.9979514335258948,5.9793798227084896,-0.05383091089905702,1.7416920454405842,0.7190647925302688,3504,5478.936060496683,-0.011841283094461155,0.9170061764942062,0.8409003277285233,-2.9981688232154844,2.9820421623498414,5.980210985565326,0.026743691087469046,0.18645449280894288,0.9170826264376872,3402,7550.082801581273,-0.001086104266602142,0.9521172086526231,0.9065271790124626,-2.9958159110693314,2.998045469706771,5.993861380776103,0.055758176086904976,0.0842511258925085,0.952117828125774,4211,9719.537681601672,-0.0022552437968678166,0.9531274378685233,0.9084519128178158,-2.994055436904361,2.97049358921895,5.964549026123311,-0.006289866243623254,-0.0071321269984734315,0.9531301059888934,4006,9106.86860385529,-0.004503012670875001,0.9113950034023103,0.8306408522266973,-2.9986781004403613,2.9987932972947733,5.997471397735135,-0.030478681183942136,0.11733930233831824,0.9114061275577486,3459,7627.004370427325,-0.0027554443190267084,0.9666496784285732,0.934411600806064,-2.9919296968316655,2.98490730823033,5.976837005061995,0.008152657972380312,0.005626494540217131,0.966653605631024,3557,8478.906892313094,0.012673640637711328,0.779930288759101,0.6082912553238546,-2.9898362492497332,2.9855453108705365,5.97538156012027,0.1417222605362843,0.6623845694425432,0.780033253451972,3050,5617.698613466264,-0.0009476864039302324,0.975790160036411,0.9521664364238845,-2.9944047557550104,2.9977992499292374,5.992204005684248,0.042864481189654115,-0.02814936216579733,0.9757906202323349,3735,8995.85380650106,-0.0030941890502191997,0.9790438696392808,0.9585268986782571,-2.9860312467037096,2.98515161608118,5.9711828627848895,0.04810331346467494,-0.08845301667408867,0.9790487590943239,5216,12475.712359801864,-0.00863763156326135,0.9763397053599651,0.9532392202623833,-2.989410655728868,2.9930825504832597,5.982493206212128,0.005258955385507249,-0.9175140137931987,0.9763779129729461,14987,30553.141516237025,-0.004964921635302726,0.9116261392618725,0.8310622177855069,-2.9996637287510515,2.9999541073666958,5.999617836117747,0.0316643535392779,0.38164675897025413,0.9116396592033235,4192,8827.224964121056,-0.0042778963801447965,0.9507224407711068,0.9038731593857706,-2.986167518428374,2.9999520252715097,5.986119543699884,0.032687866807312276,-0.00590338729120754,0.9507320651914554,6551,14625.768497809211,-0.00024936836308302765,0.9774930897015808,0.9554927404143426,-2.998998382570228,2.9993200798538218,5.99831846242405,0.037975204764757575,-0.17801439886762216,0.9774931215097747,7956,17881.18895193271,-0.0029579081674020683,0.974611525590437,0.949867625813719,-2.993272946200284,2.994411266807821,5.987684213008105,0.032838759759736734,-0.10527764045238808,0.974616014148365,7948,17687.096746102798,-0.0009275551901752098,0.9731136480627143,0.9469501720459241,-2.990493296502378,2.983312951615518,5.973806248117896,0.03547920515172989,-0.14703421324154053,0.9731140901274398,4574,11231.483134822676,-0.009992785686156337,0.9233210029182901,0.8525216744300371,-2.996941222701965,2.9812739075003094,5.978215130202274,0.022246267735262382,0.09849025749977613,0.9233750755764456,2787,6316.49831750542,0.00028003000107391566,0.9798152174570909,0.9600378603604863,-2.987488344841056,2.9905418711740284,5.978030216015084,0.014846186391516787,-0.05460287222384652,0.9798152574732074,3453,8336.14330721333,-0.008103844596601363,0.9693366386031664,0.9396135189384858,-2.9960679844620275,2.9922881822344594,5.988356166696487,0.054160966803271524,0.023110340947554597,0.9693705128771618,3122,7503.222393666863,ADHD_part2,v204.mat
-0.014627240270720977,0.9211519884876481,0.8485209858947482,-2.995937838159562,2.9962211436558412,5.992158981815403,-0.033720198706865954,0.16311376139827782,0.9212681162683779,3872,8601.187481147794,-0.023929142364482844,0.8627370214395428,0.7443151681623742,-2.9987176327526432,2.9993194673074592,5.9980371000601025,-0.04269818786682033,0.5064765838982095,0.8630688107078567,3205,6442.37145174842,-0.005321187190163654,0.9642217448075545,0.9297235731597248,-2.9944769004660863,2.9985217082335884,5.992998608699675,-0.013361405672753412,-0.003139919007840497,0.964236427538826,3916,9312.009268969585,-0.008433962348246097,0.8460458643590728,0.7157936045990907,-2.9854633872674627,2.9947745956801652,5.980237982947628,-0.01183442882875107,0.4195243317192534,0.8460879010599207,2889,5917.28965696632,-0.003883736723874041,0.9808571311463978,0.9620807117207418,-2.9913979096488426,2.995285294650273,5.986683204299116,0.020390226219670477,-0.1434074197200923,0.9808648200092009,4234,10623.8916845132,-0.01563864476226674,0.8747141871642521,0.7651249092264182,-2.981785924280827,2.9990350970146338,5.98082102129546,-0.053663591697912474,0.28311459245512927,0.8748539743502446,2807,6024.886183558634,-0.0017079564148176562,0.9750265093613195,0.9506766939573194,-2.9912238449094826,2.9676461036968744,5.958869948606357,0.03398772559751086,-0.10956004116651341,0.9750280052759687,4308,10166.105698990645,0.0010786059177281056,0.9647378059348451,0.930719034199979,-2.9924856781352753,2.988810818056272,5.981296496191547,0.01846094985463687,-0.14388963893699813,0.9647384088916046,2878,7084.298375928965,0.0030012706458984613,0.9501947305356773,0.9028700259377684,-2.9975356100115462,2.9918061001253875,5.989341710136934,0.02700332536660791,0.029201763389980595,0.9501994704077973,5468,12807.41859723756,-0.002014776020198534,0.9799971204259028,0.9603943560430614,-2.994187878349005,2.973152786398021,5.9673406647470255,0.01777198350092232,-0.08240713486014295,0.9799991915126629,3725,9242.927843984335,0.0037864782105442333,0.6751906397192884,0.4558823999645419,-2.9992496935055857,2.9986065203484675,5.997856213854053,-0.09991854665704719,4.36467631475094,0.6752012569462388,4549,4862.05218586634,-0.013555676911148725,0.6871631330303585,0.47219317139609807,-2.996196012166533,2.9818757485678185,5.978071760734352,-0.19114957579308078,2.143821231876921,0.6872968265404821,3273,4808.880081087527,0.01153751898772835,0.6443719945428951,0.41521526735118874,-2.9961576181916265,2.997897103962966,5.994054722154592,0.3521947881315452,2.659370617375232,0.6444752762485004,3366,4648.189866727365,-0.03329095304530656,0.6170681916264757,0.38077315311716897,-2.997354402055846,2.9923959288189717,5.989750330874818,-0.5971138962108582,4.6661475338582035,0.6179655659272882,3472,3961.9756924515486,-0.000930826381274537,0.9432761376850142,0.8897698719259578,-2.994953722894892,2.961637795549729,5.956591518444621,-0.005350970948924347,0.026790551933788542,0.9432765969553734,4626,10525.357101822046,-0.014225270112998772,0.9172833334874163,0.8414087138937866,-2.999834898303109,2.9825569378962316,5.982391836199341,-0.017473799398650885,0.10335710903969897,0.91739362991225,4264,9495.068456396468,0.0017875520648088258,0.9528445551081068,0.9079127461991661,-2.973451800037397,2.9885314598320116,5.961983259869409,0.003102430823095797,-0.019354638312184758,0.9528462318451758,3699,8493.641006585765,0.0011586837968399594,0.9836838762006478,0.9676339682971313,-2.9969139226473303,2.997277265750048,5.994191188397378,0.054325797003386814,-0.08158588687044555,0.9836845586087403,3030,7468.674748641628,-0.00013213311586100587,0.973349192573709,0.9474086506838914,-2.9919937172686626,2.99223317604822,5.984226893316883,0.03604408463564593,-0.07763504681085287,0.9733492015423096,3479,8512.515660606732,ADHD_part2,v270.mat
-0.027168418630682825,0.7584945065668474,0.5753139164920852,-2.9940288365355148,2.991770851661992,5.985799688197506,-0.04305383265615554,1.472075258259407,0.758980921672592,2200,3520.0515906663795,-0.030048164358716326,0.7688246095705784,0.5910912802813523,-2.992528814100392,2.9690502979788014,5.961579112079193,-0.162536823897793,1.4465421940419443,0.7694115754670453,1764,2990.4486515549406,0.011537581924852724,0.7823723429313412,0.612106482983876,-2.978535452773915,2.9990434637792136,5.977578916553129,0.2460345872760634,1.6192902497216686,0.7824574102023373,1608,2738.085555086551,-0.016554195826127226,0.8946171088538858,0.8003397714540853,-2.995370389833693,2.9974437328745767,5.992814122708269,-0.004548549471612838,0.4195163726932236,0.8947702570232959,1848,3773.293209889713,-0.0014716098830516273,0.969681717371655,0.9402826330048423,-2.9892623981898967,2.9528276483518625,5.942090046541759,0.03378706938056594,-0.04744813697444661,0.969682834044457,2047,4906.01341460673,-0.004874238232654897,0.9760033267551225,0.9525824938370664,-2.9844716197089864,2.971129009001956,5.955600628710942,-0.01635591057350034,-0.056410489557501275,0.9760154978459179,1960,4489.691347198554,-0.004220201250884814,0.9635850166498291,0.9284960843120513,-2.9943642723936907,2.998350722150537,5.992714994544228,0.040725918744767955,0.0304327545141323,0.9635942581868414,2129,5012.043047796591,-0.0018903526386269453,0.9779984761391438,0.9564810193304875,-2.986892699749551,2.9954487016004774,5.982341401350029,-0.06593159522432517,-0.0033676353953651095,0.9780003030488211,2050,4900.2738165865085,0.007655420774019894,0.9611056696692017,0.9237241082702848,-2.99390626294018,2.995661428178026,5.989567691118205,0.019837857133061437,0.018203453524689106,0.9611361577516019,2665,6351.833115869954,0.003307070615415018,0.9766161148350383,0.9537790357554847,-2.9973370892250735,2.996141401748014,5.993478490973088,-0.03787868826732536,-0.11670787466354726,0.9766217141101973,2329,5662.017766486435,-0.029310123125701994,0.8490752344519786,0.7209287537596826,-2.993409824036686,2.9657672538151085,5.959177077851795,-0.049010253453717866,0.7585251751095945,0.8495809773513802,2413,4576.10981524015,-0.017914711590638167,0.8228220019751924,0.6770360469344635,-2.9976141326899937,2.9850542183884734,5.982668351078467,-0.02401821536172907,0.9816548686634059,0.8230170009336618,1776,3274.8430716334237,-0.0018567686361594523,0.9638706331159757,0.9290465973833918,-2.987331788225888,2.9700500321652425,5.957381820391131,0.09270179612362466,0.007958386112855376,0.9638724215232845,2203,5237.038547284058,-3.367920529902063e-05,0.9598688580827018,0.9213482247169901,-2.994491501897709,2.981053953166872,5.975545455064581,-0.032793936588244775,0.07905656456610011,0.9598688586735581,2396,5541.640568438151,-0.003008535317792866,0.9587345682867847,0.9191719724280474,-2.994788085945923,2.99070865020474,5.9854967361506635,-0.0061633376577646965,0.06649384044552109,0.9587392887082524,2899,6750.169260947534,-0.0006878012644709918,0.9668246676671678,0.9347499380097295,-2.9806654959000194,2.9954548444587346,5.976120340358754,-0.04804550373358247,-0.018700551135347077,0.9668249123188276,2758,6667.921271589736,-0.018834829776338147,0.9064875467317843,0.8217196723798089,-2.9981827289006553,2.998919522025786,5.997102250926441,0.05262145930902478,0.35289500530018625,0.906683198913773,1865,4003.8650032104692,0.025621187577706234,0.6671979462704296,0.44515309950747906,-2.9231990382844373,2.7691564564723805,5.692355494756818,0.08783836515519765,0.38752097042924305,0.6676897069450533,1934,2979.640990615564,-0.003552449396247207,0.9645389954852464,0.9303354738116881,-2.9972110379607515,2.996459751402348,5.993670789363099,0.03497742503639764,0.03744233041435496,0.9645455373948919,2209,5302.889727797279,ADHD_part2,v200.mat
-0.003350261893143185,0.9520549540516101,0.9064086355342135,-2.979658906156818,2.9968490247356687,5.976507930892486,0.03410967235995127,0.12074870406662486,0.9520608487848694,5535,12676.423019648264,-0.007696600254963303,0.9479075751531975,0.8985287710328147,-2.992005371693734,2.9864236747539414,5.978429046447675,0.045712154075325404,0.15029799582103376,0.9479388211737609,5051,11588.015104503702,-0.0006818570425329253,0.9742759628857763,0.9492136518570067,-2.9981259797458817,2.9964399087876146,5.994565888533496,0.00914015772644375,0.012799308595053294,0.9742762014880755,5347,12697.888785156734,0.0011086661306279897,0.9750699408433414,0.9507613895362372,-2.996097156776861,2.9868868838805307,5.982984040657392,0.005113691449051709,-0.021222051709227863,0.975070571126432,5157,12368.878252376966,-0.002869660126825259,0.9796573912605808,0.9597286042514866,-2.9879099518283776,2.9943303616189,5.982240313447278,0.016697088097730125,-0.06349027590277867,0.9796615942256438,5759,13515.770986383839,-0.001160066434027051,0.9751391773842761,0.9508964152696828,-2.991339893465901,2.999094989428267,5.990434882894167,0.018726869597598374,-0.052358191820113476,0.9751398674158566,4585,10966.413000201592,0.001044742193176363,0.977589890868671,0.95568199472862,-2.998028801282798,2.9856621599069055,5.983690961189703,-0.0008127800025597023,-0.024085467631462354,0.977590449122162,5291,12810.594399435313,-0.0004444951823465662,0.9639972312632581,0.9292906618832274,-2.993425907239156,2.9960776983578477,5.989503605597004,0.006557533586377206,-0.02581363027661787,0.9639973337407083,4447,10781.733631289417,0.0005491604026351566,0.9768912878225384,0.9543165882235777,-2.9939099463816485,2.9963144752243718,5.990224421606021,-0.0015303897747714792,-0.08099994303832103,0.9768914421780577,5351,12930.77203489621,-0.002878170806699528,0.9703011904959303,0.9414844002778197,-2.9979078224956726,2.9991505751682985,5.997058397663971,-0.024915134469137356,-0.08825711266425573,0.9703054591957175,5427,12658.929949649651,0.0015377988741379074,0.9652957650530817,0.9317959140294143,-2.998185481246286,2.999174656107263,5.9973601373535494,-0.002133951592431973,0.11096903652553314,0.9652969899749981,6937,16070.542870341758,-0.0042879973218302074,0.9627492777840249,0.9268861718736615,-2.997031272604089,2.998793545006611,5.9958248176107,0.02473328855060359,0.00865664282606815,0.9627588269108176,5952,14047.595281390604,0.004516708772356905,0.9657878576459915,0.9327461859764339,-2.993284913309901,2.998178972681352,5.991463885991253,0.017965548414953805,0.03915350898183867,0.96579841925454,6797,15738.024530858673,0.000358100294086118,0.9487513182429654,0.9001290638677646,-2.9992759026394546,2.9973787426300635,5.996654645269518,-0.014705057727262832,0.07261744314853535,0.9487513858243292,5523,12785.221829983278,0.0015425709976150208,0.961999709019393,0.9254434401533969,-2.983218069614002,2.993500764288962,5.976718833902964,0.003941186246850919,0.028793404731441985,0.9620009457784746,6795,15798.963220641128,-0.00984438733203903,0.9228089850470559,0.8515764228835775,-2.994168199740353,2.9984590260098942,5.9926272257502475,0.029618663532603007,0.20464089408001662,0.922861492774252,5354,11954.482392796548,0.0008066303752102815,0.9663249469367778,0.9337839030723665,-2.9989101671509637,2.9986855922892617,5.997595759440225,0.02393813371684233,0.030679993995528676,0.9663252836001593,5224,12400.886372079749,-0.0013262082752712931,0.9814516059897207,0.963247254899802,-2.9943730868109673,2.9924665963272092,5.986839683138177,0.026695438626808038,-0.04328557041170322,0.9814525020235015,4199,10244.815383033823,-0.001097999884743924,0.9803464384220958,0.9610791393268882,-2.983110981705851,2.9984588290894383,5.981569810795289,0.0540188974784867,-0.0655557116857115,0.9803470533084878,4809,11474.382997105438,ADHD_part2,v219.mat
-0.004892009416539771,0.7113353319341731,0.5059979544579002,-2.78082881569772,2.99620277854512,5.777031594242841,0.10597162749043247,0.6552723855096776,0.7113521534472442,3169,5278.791331583192,-0.014817641998496058,0.8088230452864679,0.6541947185864757,-2.992125224266986,2.9928747593707694,5.984999983637755,0.07889188721305955,0.9024619938494691,0.8089587635354915,2346,4264.528077375604,-0.0012925834442606265,0.7320453000183614,0.5358903212789727,-2.8731714457577193,2.991319786334064,5.864491232091783,0.04675102879285592,0.24553114733718973,0.7320464411845282,3106,5630.033199084217,-0.005081640780905681,0.9026911266782046,0.8148512701835664,-2.976869389382627,2.9895319868994594,5.966401376282086,0.025500454078725386,0.16867615028549654,0.9027054299474401,2711,5878.283591760211,-0.001170412304750649,0.7200785436036018,0.5185131089582842,-2.7366351888704545,2.996719439386156,5.733354628256611,-0.01403529381241948,0.41260648718395476,0.7200794947943229,3284,5635.078032278719,-0.005186351923293061,0.858722040242781,0.7374035423987243,-2.981891742111271,2.994810868432269,5.976702610543541,0.00949037219801947,0.2615557632554104,0.8587377018886481,2755,5684.701695110026,-0.000476983219056475,0.6946210554320683,0.4824984106495605,-2.973374163645253,2.950535053847276,5.923909217492529,0.026046464752947557,0.4863121439165452,0.6946212191997534,2996,4927.591094025985,-0.0017349056953443554,0.8677841560426248,0.7530493414786107,-2.97694735748486,2.9983294388744857,5.975276796359346,0.07556458759152843,0.2261247054466562,0.8677858902842236,2717,5764.377399153625,-0.000449171229189571,0.6995127642974427,0.4893181074150496,-2.9506792251228315,2.967475433485494,5.918154658608326,0.03823970931950003,0.40779360221627137,0.6995129085083724,3879,6570.7256419656305,-0.001280607885624,0.8193964373885708,0.6714105216050821,-2.955632990510361,2.9959687303919584,5.951601720902319,0.12728196417195947,0.4551713739942329,0.8193974380980446,3618,7229.843376479952,0.006281865451684318,0.642128447374887,0.412328942928083,-2.951617730743704,2.9935252538754518,5.945142984619156,0.17529175937048322,1.524788294210853,0.6421591740072208,3684,5292.04033421207,-0.011727298595042734,0.8154972917889839,0.6650358329151671,-2.9911951545270603,2.9901690209035494,5.98136417543061,0.06422700781570304,0.5695097974222181,0.8155816099247851,2745,5098.496251844031,-0.008241171311396627,0.6188853319720875,0.383019054130201,-2.9539697803935265,2.9480245303146764,5.9019943107082025,-0.12950013215206316,0.6171701814639543,0.6189401998858893,9312,12216.691389914457,-0.001024943403237191,0.815869670662443,0.6656433195068432,-2.9801909998611134,2.993173449444065,5.973364449305178,0.02505095080382152,0.4285311820464912,0.8158703144592423,2936,5688.76999095493,0.0009937256499862952,0.5393040630063669,0.29084887237517537,-2.965574794494352,2.9552008147402544,5.920775609234607,0.06024965177771571,1.2686800784096208,0.5393049785287012,4870,6006.519569476259,-0.0021197424127012403,0.640017158759839,0.409621963507017,-2.950394565923485,2.9670315389363053,5.917426104859791,0.08172431531837714,1.4757841324491991,0.6400206690528933,4175,6116.048160410649,-0.0022579845649537433,0.7582393826887055,0.5749269614601492,-2.9824602113699896,2.9825171979222165,5.9649774092922065,0.02320738354325799,0.34663506474255135,0.7582427447423712,3337,6165.901351830458,-0.0008974442422349635,0.9320643293517487,0.868743914049925,-2.9764267470551555,2.9795442833462484,5.955971030401404,-0.0014301604914759877,0.0406727002742735,0.9320647614066808,2773,6317.044477852734,-0.002045538141532334,0.7590414576372534,0.5761439344120863,-2.9814918549527265,2.9734593266026668,5.954951181555393,0.07805142833874573,0.3773060990468742,0.7590442138890031,3561,6402.395928755866,ADHD_part2,v231.mat
-0.016436291835290596,0.7731091839423478,0.597697810296003,-2.9852730368014093,2.9938675719783374,5.979140608779747,-0.05308771520873878,1.0408701248045409,0.7732838818863986,6547,11331.035579244499,-0.011253081740087365,0.683181624884439,0.4667371325797423,-2.9996996049954734,2.989859675059536,5.989559280055009,-0.024826314545535896,2.475677763370996,0.683274296625002,5515,7829.876513864294,-0.019055931335206232,0.9094613377071613,0.8271199247840992,-2.9914753497402287,2.9941476161983984,5.985622965938627,0.0027405794725742713,0.13112353699182488,0.9096609551383149,4227,9423.78015970639,-0.010141365009969506,0.8957723816522429,0.8024081597309315,-2.999872397148277,2.991846515457042,5.991718912605319,-0.011384883478785962,0.30205542241095396,0.895829786854175,4937,10590.842283401229,-2.1111261405892617e-05,0.9754900328457601,0.951580804181422,-2.9896845564917998,2.9958679809171325,5.985552537408932,0.035949629679017395,-0.07620907792388998,0.9754900330742018,4607,11047.25277649931,-0.00035996371993796394,0.9746560822214906,0.949954478611345,-2.9943866407715904,2.990724476173786,5.985111116945376,0.045844583002857056,-0.09348169709021326,0.9746561486930786,4633,11176.285355565444,-0.0007761537057769923,0.9805789748827977,0.9615351259821983,-2.9942289775260558,2.9854501537232707,5.979679131249327,0.027300081393374673,-0.14926009182144906,0.9805792820556497,5228,12683.40786049325,-0.00012261847828879768,0.9730484279768498,0.9468232431882186,-2.99312534278182,2.9703233527839816,5.963448695565802,-0.004588007567155303,-0.03426312455697911,0.9730484357027197,5328,12840.8319365938,-0.0006753888413207529,0.9614957256942265,0.9244740305282672,-2.996115515554364,2.9918239635769113,5.987939479131276,0.021059780816985008,-0.04158457260800308,0.9614959629027852,5230,12603.698680025831,-0.0004604291172859644,0.9761983250489414,0.9529631698283588,-2.9988130484207924,2.995099730918674,5.993912779339467,-0.007237661801218536,-0.02579778866774962,0.976198433630853,6236,14950.426884348813,0.002891909050872287,0.5545081061048158,0.30747923973594965,-2.995620650908817,2.9999209839741092,5.995541634882926,0.18508946227735876,3.251849479482244,0.5545156470956507,8251,9097.143263577153,-0.01154387525308408,0.6655664040423328,0.44297863818984173,-2.996167714559416,2.99917177188316,5.995339486442576,-0.13609444458886302,2.968082034124248,0.6656665075288829,4517,6247.157684927948,-0.0034723817352090677,0.9702523992925899,0.9413897183330273,-2.9996513717385227,2.998101959309593,5.9977533310481155,0.0001706990359874855,-0.08001862495425316,0.9702586128285295,7063,16641.922630223755,-0.001980186088104495,0.9642699657819133,0.9298165669090521,-2.9992009599398433,2.9970812132752167,5.99628217321506,0.017926596581050322,-0.0038413711252491822,0.9642719989950946,6619,15427.73043381324,-0.0043033460794311,0.9696711723601978,0.9402621825064006,-2.9999271682329893,2.996587586209133,5.9965147544421225,0.03226607521275145,-0.06777094791101668,0.9696807213170117,6064,14448.462267228544,-0.0003357970136872603,0.9598594728399767,0.921330207600638,-2.998492870655222,2.9987422718143555,5.997235142469577,0.022132923228811257,-0.06243273919065517,0.9598595315775493,12972,28668.400140518363,-0.011445699835396858,0.9561723368146512,0.9142655376895908,-2.9999154182617693,2.997123701049355,5.9970391193111245,0.0592048018535649,-0.02085091574601483,0.956240838771443,4353,10238.363573276452,0.004010773867690645,0.9667342561313671,0.9345751219778676,-2.971951148160799,2.9989976138701913,5.97094876203099,0.06432747948849571,-0.06814343867370232,0.9667425760174656,4575,10991.180580858581,-0.002767673606910197,0.9737713574445933,0.9482306565794859,-2.994037715372565,2.994600908133859,5.988638623506423,0.07182292956895239,-0.0696260863973941,0.9737752906069655,4258,10438.181289381484,ADHD_part2,v234.mat
-0.01929190763288943,0.6957766314462204,0.4841051208666496,-2.975083549170536,2.995511410033562,5.970594959204098,-0.08410320926114657,2.4053585145349343,0.6960440349336855,2839,4027.275518034345,-0.0343441937455943,0.68812150568308,0.47351120658354906,-2.9966145397819752,2.9927688081039894,5.989383347885965,-0.2209920235604976,3.184594996993277,0.6889780331966935,2823,3563.193023459943,-0.0008368248576722011,0.937835163312321,0.8795347935450478,-2.980905755946494,2.992500251762608,5.973406007709102,0.01982058557815453,0.1304176059961133,0.9378355366592217,2411,5402.419041315579,-0.0026071050727096336,0.8130747808667831,0.6610905992815673,-2.9930646293308647,2.9927785104778724,5.985843139808737,-0.078181831972481,0.8395562452763254,0.8130789606664457,2276,4159.459003539672,0.008038347355686863,0.6145278836593996,0.3776445197949006,-2.991627204317796,2.999503829650725,5.991131033968521,-0.014972340962797627,5.52126409590409,0.614580454312624,1767,1875.7353966813712,0.00561803684938134,0.7876982220234308,0.620468488978874,-2.9959167597313785,2.9987982845136374,5.994715044245016,-0.02386118121397231,0.8667817469042456,0.7877182563054603,2142,3823.359515680221,-0.00199180160986255,0.9789328885176086,0.9583096002214287,-2.9960772990909783,2.9896429727977725,5.98572027188875,0.041471686966978234,-0.08511223983080862,0.9789349148411665,2762,6581.640535327799,0.0009917756037047221,0.6884872040792596,0.474014630180876,-2.9901111177389317,2.997354498926508,5.98746561666544,-0.11612745741770268,2.4507745377026033,0.6884879184123162,1988,2783.0816377285837,-0.0007656831295504098,0.9811748233891969,0.9627040340528217,-2.9677434694102054,2.9695720856731698,5.937315555083375,0.0741136133371939,-0.14423788285051886,0.9811751221486797,3394,8135.631265806285,0.0033880252599692976,0.7868239166472661,0.6190918758081441,-2.990505908139773,2.9998322193148277,5.990338127454601,-0.1403164065477517,0.8678373096337229,0.7868312109488961,2490,4614.366627504467,0.003059866278048323,0.6612388105130289,0.4372367645286853,-2.9992173055183247,2.9948376985536505,5.994055004071975,-0.055722606596107484,3.247012968304287,0.6612458902029751,2642,3309.5519109674965,-0.007892289545146442,0.7033026352774634,0.4946345967882247,-2.996725999605708,2.9954510692500813,5.992177068855789,0.11925803039669108,3.0007120308794306,0.7033469165514903,2124,2817.901577394836,-0.0018775938249387257,0.9386490956437132,0.8810621247527608,-2.9990991681903667,2.9956697194034296,5.994768887593796,-0.0006243609187766793,0.08601337183562663,0.93865097353134,3377,7608.962988449198,0.008616843712926302,0.7786993068719267,0.6063726105228191,-2.994621314171121,2.9879821791642383,5.982603493335359,-0.018164271042089904,1.039218382915788,0.7787469810653471,2695,4744.091299618551,-0.007339183962819727,0.9354224925791116,0.8750152396229182,-2.9953904447814157,2.9926942895960487,5.988084734377464,-0.011468525974979197,0.010822377186819665,0.9354512832019412,4122,9349.81778019802,-0.008137654276923608,0.5923080249275269,0.3508287963935478,-2.9732300886415453,2.98807218335386,5.961302271995406,0.31599056826872424,6.150098464385627,0.5923639234547277,1942,1510.0827798330804,-0.0034960847175060285,0.9673750535792751,0.9358144942875054,-2.9982902092600088,2.9957917716157065,5.994081980875715,-0.015062088740068579,-0.03387343199448889,0.9673813709679638,2212,5278.712520066863,-0.0015388687369444997,0.9059202225424379,0.8206914496113402,-2.9978042280019945,2.9962087439460885,5.994012971948083,0.017867907362301566,0.0833165431502425,0.9059215295644153,2066,4584.606727700721,-0.0002917072587983072,0.9863393258500621,0.9728652657183551,-2.984831390186395,2.9888929082283346,5.97372429841473,0.011020514566974157,-0.16822706784129426,0.9863393689858881,2228,5572.801416889377,ADHD_part2,v284.mat
-0.025898107761769002,0.8222376198004933,0.6760747034151805,-2.999822253378998,2.9967115044005563,5.996533757779554,0.014622367842896276,0.9879302927623788,0.8226453764538038,4378,8248.460610300508,-0.022282794985712825,0.7241378638736831,0.5243756458955408,-2.9990154639090516,2.990418074901507,5.989433538810559,-0.026849669542618502,2.078799198206837,0.7244806200637227,4640,6973.406853492968,-0.017272157076432537,0.9345004922053937,0.873291169932123,-2.996771511446821,2.9980102419153978,5.9947817533622185,0.044296357343148955,0.11413080047864321,0.934660097223689,4193,9585.630877136275,-0.010855444534310208,0.7962666141183594,0.6340405207595162,-2.9833026183500486,2.99805487427817,5.981357492628218,0.12228400290491198,0.7293873242126132,0.7963406064213691,3896,7190.697217078547,-0.004602307181074926,0.9536910217685864,0.9095265650020105,-2.990799110407887,2.9943168673098306,5.985115977717717,0.08506367836405548,0.012811347256865169,0.9537021265748543,4379,10227.368651363991,-0.006203461233623549,0.7747090852487615,0.6001741667669728,-2.9933190587467444,2.9895186658230353,5.98283772456978,0.08258897836519984,0.5131947192519069,0.7747339218714061,3617,6787.516821165231,0.002143779653774076,0.8795056688105992,0.7735302214699795,-2.9753860292003975,2.999963223615824,5.975349252816221,-0.01392453453915305,0.3979479948843361,0.8795082815193861,4381,9232.902855541604,-0.007910867422196939,0.7694049365191012,0.5919839563399623,-2.9820023455172677,2.9969860220223397,5.978988367539607,0.09482890022196751,0.7100033302221074,0.7694456044213482,4290,7637.116625145085,-0.004023724763867839,0.9083547251478564,0.8251083066984377,-2.9855630878255566,2.995965113529691,5.981528201355248,0.0322216983071589,0.19604958267441708,0.9083636370195656,4859,10602.829764714348,-0.011799128659237204,0.7583366052866664,0.5750744069177052,-2.9873059930727197,2.996725052853148,5.984031045925867,0.0459826965681304,1.1570282910144787,0.7584283923712392,5070,8686.86969078766,-0.024709919593232866,0.7719816721930972,0.5959557022020506,-2.9981933095003614,2.9998772210860594,5.998070530586421,-0.030370605222096808,1.3844053366271591,0.7723770337913697,4467,7469.793875274476,-0.00442416477894345,0.7160229131892272,0.5126888122119875,-2.9878012614613962,2.9984471672016633,5.9862484286630595,0.17230632433701518,2.4810814913500066,0.7160365810808682,3459,5019.129971709193,-0.0017401267362412412,0.6929059811016911,0.48011869864649714,-2.981091088720133,2.9974680114431904,5.978559100163324,0.14794742251528725,1.0827565570773308,0.6929081661284959,4672,7679.910605567762,-0.0043137781574561634,0.6509883477558139,0.4237858289138446,-2.9953382466756135,2.995002373644271,5.990340620319884,0.024985684238182187,1.6282699731191181,0.6510026402372239,5455,7934.6504461350105,-0.0020173326765622938,0.8959593907251701,0.8027432298286179,-2.984162605033995,2.9936713293490174,5.977833934383012,0.010590159873255333,0.14391580570270213,0.8959616618247378,6456,13997.515280527914,-0.004056443612365373,0.6269149672194797,0.3930223761238013,-2.967908829394392,2.984056558738422,5.951965388132814,-0.03189958755811742,1.704900728552757,0.6269280906599908,5739,8265.327777381626,-0.013604252603701681,0.9305146087436007,0.8658574370852562,-2.9971362135771806,2.99668299092353,5.993819204500711,0.0671575454334926,0.19751372194785777,0.9306140514596594,4049,9250.358099849942,-0.0023873506035316894,0.8311556916285197,0.6908197837264828,-2.9652469963660146,2.9991544484045587,5.964401444770573,0.0826453293925472,0.3127388679752543,0.8311591202467713,3598,7291.541745929069,-0.007317438562305419,0.959356673289679,0.92036522658544,-2.9881851366188803,2.9987437556567014,5.986928892275582,0.025122909561099634,0.005948882394862576,0.9593845795574125,4494,10616.136584648095,ADHD_part2,v209.mat
-0.02844102443636317,0.8097077232293867,0.6556265970573171,-2.9981856428687084,2.995005722258346,5.993191365127054,-0.12820137346976015,0.7936714535549356,0.8102070654643212,6465,11331.800678389185,-0.01888561027070649,0.8351385782888556,0.6974564449463311,-2.9929066783027554,2.9934392102844316,5.986345888587187,-0.03616625499358668,0.6855627272025946,0.8353520881769723,5844,10828.660727762275,-0.0003152870318507745,0.968268067148193,0.9375430498588976,-2.9752119518457554,2.9965196997532018,5.971731651598957,0.022133302618499814,-0.08328315992173208,0.9682681184800056,6912,15479.625780981678,-0.0007898350287596814,0.982912499498867,0.9661169816711103,-2.9947457999598077,2.984242438830291,5.978988238790098,0.02281580959140497,-0.09202648937194846,0.9829128168410883,6222,14591.318102264431,-0.003127636515298512,0.973367608185907,0.9474445006655533,-2.9946600585872423,2.9719358123130917,5.966595870900334,0.03213514294850799,-0.03454237335076904,0.9733726330525865,5766,13057.693225836158,0.0010042642435574413,0.8044253720079464,0.647100179130123,-2.9976522256413602,2.9934122947234134,5.991064520364773,-0.03638273732913135,0.41258391270063566,0.8044259988816833,5477,10022.632371221376,-0.0022165528794850418,0.9687634039501686,0.9385025328331176,-2.998201468200226,2.9967304469360987,5.994931915136325,-0.010076930775594177,-0.1044399836357468,0.968765939708754,4419,10522.05673984713,-0.003698027431589699,0.9147427397287731,0.8367542798865019,-2.998730809699164,2.9920841064767285,5.990814916175893,0.006590085847678906,0.015225863142542373,0.914750214699831,5755,12325.244224430688,-0.007017996693300428,0.9662484695958985,0.9336361049964159,-2.9929490047997906,2.970519780744831,5.963468785544622,0.0464870998914121,-0.13660795324249797,0.9662739556016209,6653,15005.370538165722,-0.0003813317036740735,0.9844338593323213,0.9691100233999286,-2.985211757884497,2.9942996752200775,5.979511433104575,0.0383252490154286,-0.08875206370984001,0.9844339331889149,5161,12357.423924625607,-0.019612289803677598,0.8365101768013202,0.6997492758921761,-2.9892717711139154,2.9989281814219244,5.98819995253584,0.16300640778617081,1.1540794709719755,0.8367400539017595,6033,10133.455964630362,-0.006126339784606191,0.7993437645458096,0.6389504539182667,-2.9974035487368766,2.9986565891914894,5.996060137928366,0.1587439069876908,1.5644666866856332,0.7993672409834063,4641,7557.3445791674785,-0.0006003420725543319,0.9729124664680985,0.9465586674090389,-2.97797813501974,2.989483446857716,5.967461581877457,0.03873358881935605,-0.11450039599621764,0.9729126516906043,4232,9878.19867008716,0.0035135860102684176,0.6159957360905495,0.37945074688173785,-2.996027765553072,2.9882620154632944,5.984289781016367,-0.05769878374631891,3.05177597507155,0.616005756603288,6271,7593.678523667073,0.0007726137655147738,0.9587712983443938,0.9192424025289946,-2.997924754523278,2.99517526566793,5.993100020191208,-0.007582037863969661,-0.26325047365847043,0.9587716096448754,11177,22844.820980900255,-0.005162969451164185,0.9738146319592017,0.9483149374178356,-2.9859216034995666,2.9871425700665553,5.973064173566122,0.02487458585108189,-0.09511854374374717,0.9738283183761854,7267,16432.61678225567,-0.00018565499011234538,0.9777538085076378,0.9560025100511905,-2.9900081204078965,2.9922175159181177,5.982225636326014,-0.008938803289327403,-0.10953431868394325,0.9777538261336367,5490,12885.528837769554,0.0015423074648364718,0.9792025462734881,0.9588376266284827,-2.9977734353362946,2.9731642391294737,5.970937674465768,0.027483692799190353,-0.10061244270277969,0.979203760889836,5168,12192.617543671144,-0.0026847828137218786,0.9815954559999823,0.9635296392398133,-2.993993170632386,2.9967745549464944,5.9907677255788805,0.0700026437997502,-0.07178508022387087,0.9815991275966836,5835,13635.73370066411,ADHD_part2,v206.mat
-0.036710539863145306,0.7446818379351128,0.5545510397504176,-2.9957015846548147,2.996052945908197,5.9917545305630115,-0.15840012948176546,2.950502193116712,0.7455861475962796,1686,2332.842548918271,-0.03452116328472277,0.7633372182287786,0.58268370873325,-2.999763652099069,2.99444199551886,5.994205647617929,-0.1453023185775243,2.396166712755168,0.7641174120825807,2430,3363.6563039559096,-0.019009118977182916,0.8696077770128162,0.7562176858411719,-2.998734405639862,2.9937191759784674,5.99245358161833,-0.04256811002176988,0.6309324004896006,0.8698155163282962,1650,3345.413772146164,-0.005773653121678776,0.8644263106510288,0.747232846545749,-2.9579908501936325,2.996357383549225,5.9543482337428575,0.05954769273465862,0.8463255108235619,0.8644455920508349,1349,2570.93593673183,-0.03293551336495304,0.8519861659024422,0.7258804268891438,-2.978210531389667,2.9953008872634115,5.973511418653079,-0.09579946024912506,0.40110942600177335,0.8526225278103768,1561,3159.861952808593,-0.01622967791997271,0.9321356256864525,0.8688768246738743,-2.9954983023971655,2.958457996599619,5.9539562989967845,-0.05413132081129755,0.25492964469636403,0.9322769047441111,1420,3197.479440929931,-0.0042243280315463145,0.973009276953694,0.9467470530379504,-2.9977749748385736,2.999134941371579,5.996909916210153,0.049785032829302855,-0.04023806844635658,0.9730184468884793,2023,4718.54092144559,-0.0025716413527166883,0.9171260153548173,0.8411201280406045,-2.9894673392698627,2.9701108788576174,5.95957821812748,0.037315188630000565,0.2704550094260707,0.917129620816955,1325,2861.769973913949,-0.0050561620249062545,0.9709849064970775,0.9428116886451383,-2.9868907731019787,2.9861706124012,5.973061385503179,0.07366884548621531,-0.010381563506741909,0.970998070759958,1748,4090.802452948326,0.0019346285486646069,0.9283012321298177,0.8617431775737378,-2.995881012752084,2.9928474608953257,5.988728473647409,0.11360839541422847,0.19012478258431642,0.9283032480614074,1601,3645.4750536027973,-0.032348708620400325,0.7516788029660523,0.5650210228284772,-2.9873693054070793,2.9935921649358335,5.980961470342913,-0.17173560572859656,2.3636992373854167,0.7523745488637191,1948,2807.505165088851,-0.010868267259177248,0.8262925503433619,0.6827593787529374,-2.9922652407828996,2.9984103468427588,5.990675587625658,0.05150730265311303,1.2092194353545356,0.8263640226838015,1468,2547.3062407735197,-0.027051061270717065,0.8437822303997495,0.711968452338376,-2.982741277879039,2.9911117457230043,5.973853023602043,-0.10514864584590373,0.8706193559934614,0.8442157379806705,2123,3880.6936601025236,-0.011399405391308877,0.8519741695991349,0.7258599856641355,-2.9967050349485724,2.9930389150542354,5.989743950002808,-0.011438209695144315,0.7197156249951346,0.8520504281481296,1949,3754.0673889199356,-0.013421142462076712,0.9551129430241898,0.9122407339323293,-2.997906373880147,2.998196606496943,5.99610298037709,0.02767212108193745,0.047233298277197466,0.9552072345817513,3044,6919.284872748105,0.005497653848972471,0.8618980630020676,0.7428682710067162,-2.9573674505540737,2.9893703447032913,5.946737795257365,0.04362577811905377,0.518063194987981,0.8619155963344434,2023,4055.274689413077,-0.020354647802983843,0.8962977500633817,0.8033496567686804,-2.995403078181702,2.9932941198949568,5.988697198076659,-0.09511527200700574,0.44525767725680687,0.8965288441850958,1607,3473.5312810657097,-0.007144539273957876,0.9349223695823827,0.8740798371455375,-2.9895803056923484,2.9935623624375767,5.983142668129926,0.02428156464668006,0.1324156601060662,0.934949667943133,1295,2880.801039806674,0.0006354281827874962,0.9754134163478988,0.9514313327914793,-2.9533780589107166,2.9945749553449326,5.947953014255649,0.08196149258637339,-0.036677460743600676,0.9754136233211297,1871,4479.464111145264,ADHD_part2,v254.mat
0.004857145712798759,0.695685536424318,0.4839783655899911,-2.9874894891677677,2.9858363071711382,5.973325796338906,0.1159600436116709,2.225280959686838,0.695702492057105,3354,4946.22529150057,-0.024890590220992687,0.8531685352823023,0.727896549595749,-2.9830198098208367,2.9990841545942244,5.982103964415061,0.049289345569506475,0.5644903803460228,0.8535315407630221,3939,7559.94372328938,0.005573810565265826,0.6567000283358823,0.4312549272163485,-2.9990598317566923,2.9865390354129993,5.985598867169692,-0.01568379806301752,2.0002561027785237,0.6567236820616156,3211,4598.751135633822,-0.011841460535590152,0.9491368369079388,0.9008607351756073,-2.9815586525600497,2.9935373072501137,5.975095959810163,0.02622508825634378,0.029027725936202398,0.9492107012477383,3307,7703.066323237889,0.006898033649072174,0.6405912464507102,0.4103571450292745,-2.982898867987456,2.980740581376116,5.963639449363573,-0.050442625310053425,2.6657780535784665,0.6406283851793473,2868,3879.888912200538,-0.005591423700372695,0.7515311954548812,0.5647991377418429,-2.930899772048382,2.995382176395565,5.926281948443947,0.007297908847902701,0.23240255902848572,0.7515519953807853,3074,5525.549579634779,0.00859162970032371,0.646366361864393,0.4177894737498114,-2.9999295632116487,2.9881187183317692,5.988048281543418,-0.029863589604906395,2.577706282396397,0.6464234601642478,3344,4467.384872109384,0.000518345644794874,0.9723109660061634,0.9453886146158387,-2.9934056412142787,2.9921783313926715,5.98558397260695,0.06781892892149212,-0.053275353862660246,0.9723111041729628,2975,7228.396555863802,0.007480539535131612,0.6594270304889319,0.43484400853945077,-2.9674393367369922,2.9932508414615584,5.960690178198551,0.006249822596998979,2.4815658335231436,0.6594694587402721,3928,5378.051492180112,0.0013711597571202394,0.898095599918798,0.8065757065935056,-2.9860632849060034,2.997714815423292,5.983778100329296,0.01562918748281237,0.1431968694103909,0.8980966466213897,3465,7562.264969308293,0.00452534234597466,0.6626450304954342,0.439098436440295,-2.9954793099501655,2.998997967458982,5.994477277409148,0.06698426643548,2.993986845870361,0.6626604825728204,2964,3793.7391599990133,-0.010258201260562524,0.7922234310562982,0.6276179647146133,-2.99927458936962,2.9829229684512155,5.982197557820836,0.13879949335488348,1.4406456714635931,0.7922898430547469,2923,5024.15693628866,0.006447069097515945,0.5895751752528111,0.34759888727438293,-2.993531105778228,2.995790606469435,5.989321712247663,-0.041524721446559325,4.5837718695847665,0.5896104239023688,3315,3640.538067728873,0.0011495874792318732,0.7998617111907714,0.639778757029029,-2.9996320787991957,2.995823205048464,5.99545528384766,0.001383176222620258,0.43011084463684934,0.7998625373027551,4067,7701.964615793514,0.00550625847501762,0.5636183892703862,0.3176656887237446,-2.9948842028055798,2.9934377125037126,5.988321915309292,-0.0867850754934418,5.190315497046797,0.5636452852691471,3706,3728.691964877713,-0.005306220849302479,0.9041486866501531,0.8174848475711968,-2.998815734427825,2.993968411716747,5.992784146144572,-0.05215784830214155,0.06570379234451584,0.9041642569527389,4829,10482.451104760588,0.005358940112701224,0.6756838268238629,0.45654863383133987,-2.9923480844453,2.9564181578540722,5.948766242299373,0.019450563808915872,2.0604560813263317,0.6757050777302709,2947,4276.704572796914,-9.550289073037873e-05,0.9805064928730204,0.9613929825661504,-2.9823345582521514,2.993329534546663,5.975664092798814,-0.0033289358940921695,-0.09371673741330921,0.980506497524087,3102,7519.222691758154,0.008660243844936891,0.6583156815212196,0.4333795365367477,-2.9946523759890704,2.9958004871375676,5.990452863126638,0.021417717471835535,2.3737856684746177,0.658372642475522,3153,4306.35071703233,ADHD_part2,v183.mat
-0.007114370379018844,0.8401370981089051,0.7058303436188521,-2.9882306075410794,2.9971026656154423,5.985333273156522,0.023315040452685867,0.8985967064626306,0.8401672201917556,5160,9021.862181996383,-0.014285874560994713,0.9028721466972573,0.8151781132817137,-2.9989777655022962,2.993778402213254,5.99275616771555,0.05058803016676647,0.4429970319016925,0.9029851601735691,5170,10526.090623702878,-0.006291057278860068,0.8334145094309559,0.6945797445300408,-2.994121776277366,2.9990825214983428,5.9932042977757085,0.04122959337635097,0.9411811266924608,0.833438253220793,4521,8139.7200910361735,-0.013104557398903156,0.8615619454306589,0.7422889858142617,-2.98699831012204,2.999592156638078,5.986590466760118,0.11176157170720082,0.5788478137360653,0.8616616013487446,3303,6433.567788341262,-0.00946942063995677,0.8156010713074928,0.6652051075179299,-2.999468194219592,2.9998510842598587,5.999319278479451,0.013875751393100842,1.149446169227061,0.8156560411381665,3082,5579.513514331015,-0.01635789985808326,0.8702773984925091,0.7573827503268894,-2.996104000725322,2.9979648676945443,5.994068868419866,0.06496865318458107,0.6743184191300031,0.8704311180183395,2885,5650.009126264655,-0.008890252762641162,0.8262861683121888,0.6827488319440389,-2.957722736045797,2.9921733244999897,5.949896060545787,0.041543390520406426,1.0201274184425868,0.8263339933333389,3971,7240.6980756221365,-0.011566578877459389,0.8797162485803647,0.77390067801631,-2.998287423433353,2.999241540959614,5.997528964392967,0.04647488808783734,0.6099994181869834,0.8797922844417531,3045,6050.781037844019,-0.008595842822795626,0.8245956999045041,0.6799580683009989,-2.9931577745382523,2.993423576092872,5.986581350631124,0.01117032902855989,0.9563187303016694,0.8246405015610336,4295,7857.278703158359,-0.012357018294411935,0.8848778439474712,0.7830087987091252,-2.9906862388959707,2.998144638407332,5.988830877303302,0.04961723714373802,0.5469572363431907,0.8849641205214218,3447,6946.401379837065,-0.0019327675934150835,0.8293049721670446,0.6877467368609825,-2.998441451338718,2.9924575614264275,5.990899012765146,0.0717178049142297,0.951043525482989,0.8293072244057401,4109,7427.096275467367,-0.017327987366132325,0.8405687112349645,0.7065557583072091,-2.979761215236699,2.9987177252638553,5.978478940500555,0.08387365094335704,1.0586901238078976,0.8407472970241237,3685,6449.436505882477,-0.010374759574642213,0.8119389903565001,0.6592449240611328,-2.997600291959591,2.994155129119928,5.991755421079519,0.026068304479323314,1.2927695838028237,0.8120052707325023,3363,5852.386745318525,-0.011048278202858877,0.8467129777705724,0.7169228667251099,-2.994988527767238,2.973849535924244,5.968838063691482,0.04636419080569581,0.8281127970622459,0.8467850560657986,4301,7941.324103214309,-0.006622706308973557,0.7802421818434144,0.6087778623277718,-2.995009552855895,2.9941789892111763,5.989188542067071,0.05653746512831096,1.504676999998738,0.7802702881480409,5711,9262.549339361696,-0.01108907524221443,0.876180865809056,0.7676929096099069,-2.997607562953157,2.9898630637201227,5.98747062667328,-0.028983950685871843,0.6293876036664621,0.8762510354913337,5198,10464.884108566666,-0.006930461658384411,0.8381218072780993,0.7024481638351073,-2.9888724382762306,2.9902818848766515,5.979154323152882,0.021615943329608627,0.8361663900898897,0.8381504609161208,3331,6213.293407336215,-0.012374645674070131,0.8933438031832415,0.7980631506858981,-2.993429688174414,2.9979291381106927,5.991358826285106,0.068909976213192,0.5337413800483346,0.893429506195904,2783,5815.703182875051,-0.007792377038384624,0.8286608714712448,0.6866788399074829,-2.990571158043351,2.982571831137376,5.973142989180727,0.03541924413854431,0.884187300715845,0.8286975087734917,3381,6398.828594058173,ADHD_part2,v246.mat
-0.0016084845313583788,0.6894639897237229,0.47536059312575396,-2.9996945397416805,2.9951899721322683,5.994884511873948,0.09996924111420212,3.2951121128228964,0.6894658659775997,3523,4275.913071444431,-0.003000273797562127,0.710288275489484,0.5045094342978251,-2.999507513810338,2.991814706581896,5.9913222203922345,0.09386043308584412,3.5887166649136963,0.7102946120735293,2616,3210.728951032342,0.0025300618653841963,0.7863122017550433,0.618286878628864,-2.99768231623579,2.9916615108274134,5.989343827063204,0.07015768677064403,1.5386162595302793,0.7863162721462063,2863,4686.987028912544,-0.011412420020060966,0.8652712142775609,0.7486942742573648,-2.9994230799092567,2.973819663476981,5.973242743386238,0.03819995470301159,0.32361765826524236,0.8653464725692703,2686,5572.737580699831,-0.004915744258744378,0.852846599716507,0.7273473226480079,-2.982592143156018,2.999568398059696,5.982160541215714,0.036725250064950865,0.4078762989368907,0.85286076659067,3353,6557.918719940133,-0.005379021967788852,0.925540478236583,0.8566251768544028,-2.9779145763277484,2.9696296977559014,5.94754427408365,0.02125798671665695,0.12295630902551258,0.925556108905199,2341,5303.399436073385,-0.005567548129142513,0.9250698246747394,0.8557541805237532,-2.9816880179875196,2.9998370131009637,5.981525031088483,0.006014996373867269,0.16731675866455387,0.9250865787135404,3587,7578.66046643874,-0.0014078567914913727,0.9325046354100434,0.8695648950612178,-2.998250670158732,2.996468820653987,5.994719490812719,0.08225476748890759,0.08271954678073667,0.9325056981713105,2843,6448.233734668853,-0.020034863737285358,0.905696451705935,0.8202860626327212,-2.986911358817189,2.994946018626358,5.981857377443546,-0.012567241551198441,0.1999377190859586,0.9059180196892502,2633,5685.364132454174,0.005842465362322177,0.8783135857639006,0.7714347549374407,-2.950229772722976,2.98632040400161,5.936550176724586,0.07072498539325951,0.1971928981607558,0.8783330173339441,2655,5633.204393960458,-0.015864882297167534,0.7066334462411844,0.4993308273466928,-2.9950047431737223,2.990870252270644,5.985874995444366,0.09175062443841889,2.7966906000789633,0.7068115179006322,2435,3107.2457102682783,-0.005790896517350477,0.7597947837772719,0.5772881134551514,-2.968387678440611,2.9926462990998224,5.961033977540433,-0.06475956709255806,1.4323245875784822,0.7598168515751846,2782,4352.722737538614,-0.011203478421443366,0.6458364473815945,0.41710471676647914,-2.9913409717467654,2.9842216113013333,5.975562583048099,-0.016115965215103008,3.6526525622085124,0.6459336147741647,2663,3136.5652716957993,0.000505363425540656,0.8685840138715756,0.7544381891532573,-2.9886860931420896,2.9958967634592066,5.984582856601296,0.031052075687462762,0.4952399897457602,0.8685841608879644,2667,5408.479946982317,-0.012534702231937964,0.8955063438215967,0.8019316118247237,-2.993916776460128,2.998711561595952,5.992628338056081,0.011434070767658056,0.33961317978484873,0.8955940657378023,4117,8146.879601330783,0.0035101194619373732,0.9321106795133698,0.868830318862876,-2.9947982797354973,2.957629819970905,5.9524280997064025,0.05359423043705353,0.05200623166304119,0.9321172886506898,3674,8084.125971670566,-0.007030218641524324,0.9026465158300704,0.8147707325401655,-2.9998501144456515,2.995321060279656,5.995171174725307,-0.010147080875495457,0.3667691457922526,0.902673892673491,5597,10643.391428356648,-0.001031485104648742,0.9318434561308315,0.868332226733853,-2.9730365725183607,2.982550642279703,5.955587214798063,0.022304412951858518,0.07733974663822618,0.9318440270213542,2358,5271.5411352789215,-0.010624488897572918,0.9170578398544824,0.8409950816385695,-2.9913477537370627,2.9963728569616483,5.987720610698711,0.0027851034380465744,0.2454728448367791,0.9171193823068533,2476,5510.7982694715065,Control_part2,v297.mat
-0.020426385838943583,0.8537942658816732,0.7289646484524253,-2.9941985033762983,2.9897326253923158,5.983931128768614,0.00186540416359237,0.5703457659677169,0.8540385738892985,7499,12310.803926731809,-0.015961837976944577,0.8074965067285839,0.6520506083788659,-2.979831449914981,2.9981409910163817,5.977972440931363,-0.019380976277290296,1.1307649586698343,0.8076542506855692,5924,9044.690448837959,-0.006692351728968641,0.9356161175329079,0.8753775193873521,-2.9992161167176077,2.9690588254838763,5.968274942201484,0.010456032386031926,0.06553386931951133,0.9356400520280309,3285,7260.649012628435,-0.0048717200375393115,0.8919833078909968,0.7956342215561648,-2.991513274352223,2.9919634403593673,5.983476714711591,0.08630556585925973,0.4065006881578257,0.8919966116596457,2698,5532.5203669934035,-0.0027911957632999257,0.9728124013893855,0.946363968296983,-2.992235182630591,2.999216477503657,5.991451660134248,0.0520417872470789,-0.07632826590235053,0.97281640563406,2350,5631.8692358348235,-0.0011394582378399598,0.9778590219779631,0.9562082668636985,-2.9787521159397765,2.9839075761025584,5.962659692042335,0.023444554596719045,-0.14104220143337098,0.9778596858592618,5023,11383.836997875307,-0.002449987825844196,0.9882924855048465,0.9767220369053473,-2.994241649709681,2.990602036137092,5.984843685846773,0.017718805302654565,-0.3521032886572941,0.9882955222734211,7481,15934.803942428915,-0.0008978402720147262,0.9605638607101907,0.9226829305024667,-2.9591666099153264,2.9969734178797336,5.95614002779506,0.043219931230377866,-0.06014009288875943,0.9605642803163258,4485,9864.20040252972,-0.0038854833885390246,0.9723448600365346,0.9454545268394681,-2.8919689948161187,2.991150865021288,5.883119859837407,0.017601377044694822,-0.4090862908576889,0.9723526231880236,7936,16404.826821217768,-0.0019756378107217256,0.9835272284413196,0.9673258090854635,-2.9942650580515138,2.9878197158414497,5.9820847738929634,0.04888775656089197,-0.13293465919289815,0.9835292126979364,5163,11581.581499041431,-0.014924682232516629,0.8968468563221582,0.8043342836949379,-2.9947554622712707,2.9994455218175986,5.994200984088869,0.040503142119241185,0.10714766761179506,0.8969710306552154,8078,14250.178061733515,-0.03890646740860595,0.6068956681305551,0.3683223519956328,-2.9711490310479562,2.996599625049869,5.967748656097825,-0.13659322220455228,4.456944023445632,0.6081414845262982,1915,2074.494266396545,-0.006389031412700359,0.957656757232388,0.917106464672853,-2.898528786374444,2.995561519904795,5.894090306279239,0.027550154492262263,-0.42060411015986165,0.9576780692880281,8414,16751.72294804803,-0.01521444183189788,0.9326188580063324,0.8697779343090355,-2.99096131336659,2.9727785607786816,5.963739874145272,0.037644548537531415,0.066103149797756,0.9327429514873279,5975,11889.237959116275,0.0006912221670601765,0.9548053399676419,0.9116532372307242,-2.992789892690987,2.994057311542922,5.986847204233909,-0.04915298834126506,-0.012057678908851344,0.9548055901694379,5247,11497.325161911924,-0.005874516150930896,0.8245307875678412,0.6798510196472444,-2.9891229644127097,2.9903807135252056,5.979503677937915,-0.06760747288027523,0.43137546152016526,0.8245517143195155,2715,5305.106144496865,-0.00046342403872877175,0.9993549777701964,0.9987103715940697,-2.7328318308149013,2.9522393927178436,5.685071223532745,0.01381051759374025,-1.118189502497024,0.9993550852204183,10152,21230.038094641946,0.022997745924138092,0.7747516349134208,0.6002400958010186,-2.7406738999946074,2.9919918015353346,5.7326657015299425,0.07797426381527628,-0.1427770369738557,0.7750928925739222,7473,12271.204577865588,-0.0010464302892538686,0.9929786008319225,0.9860065017101225,-2.9348271896941025,2.992881334400997,5.927708524095099,0.01944772455522373,-0.7461732134695866,0.9929791522114011,9242,19057.47255803325,Control_part2,v304.mat
0.0044060150374877136,0.7976130996713816,0.6361866567673893,-2.997893655848499,2.994749204855083,5.992642860703581,0.01412845430224583,0.8765866649448637,0.7976252689928396,8711,14785.325774682071,0.0010857414975098685,0.7679096022171396,0.5896851571772855,-2.9972237175592418,2.998066459606371,5.995290177165613,-0.024811317561416805,1.2391380275518582,0.7679103697775442,7893,12801.63589059723,0.02827685797251096,0.7937673900007235,0.6300666694285607,-2.993866690785566,2.9981563665546394,5.992023057340205,0.05357941615582169,0.7862219855350134,0.7942708921554146,7868,13512.356828371485,0.014937072736206985,0.870313982560444,0.7574464282402209,-2.9921554028355595,2.997368723880068,5.989524126715628,0.00401242728727275,0.3557809948313633,0.8704421545296089,9365,17700.927235062332,0.016202185062782336,0.8481759520044735,0.7194024455586949,-2.997426262950198,2.998611754314804,5.996038017265002,0.0331187462273404,0.27012829594036214,0.8483306880925052,13576,23485.366259933264,0.011593185545566003,0.7878789849231114,0.6207532948834724,-2.997530129486708,2.9894497006741734,5.986979830160881,0.020227317540352577,0.8820904448053635,0.7879642738313498,9074,15031.765883486343,0.01168991308208787,0.8116901121780552,0.6588408382076238,-2.974100251405668,2.9991892499954087,5.9732895014010765,0.07079630230566704,0.48920115235234896,0.8117742865325871,10957,18904.52961102661,0.007532987552386404,0.8967580171303428,0.8041749412875441,-2.995278645166349,2.999472628380452,5.994751273546801,0.02361600959516384,0.07937546756381808,0.8967896560448322,11552,22310.027373502217,0.018002485875978323,0.8547837713520524,0.7306552957668377,-2.991871876961148,2.9804423000341504,5.972314176995298,0.016247048934172694,0.38057380094781124,0.8549733242999763,6306,12503.788703569673,0.011883784135677474,0.8868235216981817,0.7864559586371653,-2.9804126411709597,2.9920487015739474,5.972461342744907,0.0439970548705559,0.2518630329038962,0.8869031418156936,8403,16863.409590832867,0.003289559996439924,0.8151485900458277,0.6644672238537009,-2.999725372720798,2.997026350443395,5.996751723164193,0.0682049264978792,1.033022825339187,0.8151552275847044,6335,11006.773104652928,0.016783074738944147,0.8316038725787963,0.691565000888051,-2.982741342423062,2.9862934215083,5.969034763931362,-0.03883202009086719,0.7412073187523629,0.8317732097667875,8884,15557.69767737188,0.04309351135796611,0.7030408744083502,0.49426647108885763,-2.9905663877355084,2.9723192151076963,5.962885602843205,0.17097809293710453,2.217742798992086,0.7043603635994978,6230,8132.754246259996,0.015482104942620882,0.8264492425299048,0.6830183504782534,-2.998500986028712,2.9861279564236893,5.984628942452401,0.013977632332047922,0.6173180698139262,0.8265942451116555,10201,17654.46430107414,0.017150532192140237,0.8428136586950649,0.7103348632829614,-2.9958907875110476,2.995744853062715,5.9916356405737625,-0.0024101469859250705,0.43028474667559946,0.8429881399150494,8901,16380.17090388782,0.015599535649696487,0.8517091566122321,0.7254084874571198,-2.9730651846325644,2.9961152288831223,5.969180413515687,-0.07604207007652707,0.6210393476274727,0.8518520017993771,6917,12575.869279233395,0.005966983103950319,0.838540011961758,0.7031493516608252,-2.997657575080111,2.995390420501605,5.9930479955817155,-0.001277055577781578,0.43766770587949644,0.8385612419782995,9551,17421.341040421717,0.011694546691812467,0.8961150582764144,0.8030221976697416,-2.9845176510655667,2.9975267061308193,5.982044357196386,0.006025629323552456,0.2718145308409601,0.8961913635446777,8648,17228.241489916738,0.011102845523723088,0.8792993165175907,0.7731672880283021,-2.9975630140541325,2.9930418101891862,5.990604824243318,0.05425063993242037,0.16980206723909363,0.8793694111162987,11310,21408.712894763543,Control_part2,v117.mat
-0.0064420835849568255,0.7884615089544978,0.6216715511028037,-2.9971983243247413,2.904706478293486,5.901904802618228,-0.15358863718584964,1.3144094075208246,0.7884878258690614,2230,3584.245252842862,0.0016504779119672413,0.9103437655366111,0.8287257714513765,-2.9902378348590646,2.9931781111991773,5.983415946058242,-0.062134711233075034,0.44680335713386743,0.9103452617159682,2493,5098.018119682526,0.007890394129508321,0.7061807032660424,0.49869118566532233,-2.9258437364592336,2.9956690314433114,5.921512767902545,0.11510843302301257,1.848206293383459,0.7062247829019038,3803,5218.16029811757,0.007381379049777369,0.8789095362031831,0.7724819728288945,-2.9955258220793892,2.9768357261386575,5.972361548218046,-0.0792269372071752,0.6099259714933232,0.8789405313134506,1541,3128.418352041489,-0.01246218973366649,0.774997943123026,0.600621811844921,-2.9980279039319244,2.993414231359267,5.991442135291191,-0.16153613086514126,1.6264367590824582,0.7750981344435548,1522,2449.9457406433353,0.008021599064583409,0.8709684882393262,0.7585861075058972,-2.99270713371654,2.9716502206828577,5.9643573543993975,-0.06729017626368705,0.6835287986758778,0.8710054268243397,1741,3445.6152309338486,-0.005660053172596673,0.791164855775189,0.6259418290137756,-2.993322660823267,2.991273699717541,5.984596360540808,-0.07273111696452476,1.159813107352,0.7911851017402263,3546,5616.21145796981,0.01821531214975775,0.881657898984224,0.7773206508412761,-2.999581103799902,2.999520294589678,5.9991013983895805,0.04030759106425437,0.7215632589982595,0.8818460457687551,2305,4553.470324328009,-0.005532587760481029,0.7987218925425652,0.6379566616267771,-2.999466766344707,2.9969743838219083,5.996441150166616,0.005551760168010792,0.939329002947626,0.7987410538804829,2056,3590.340979887242,0.01293920457838768,0.9115119561337676,0.8308540461748074,-2.9951575925089347,2.9894738661121547,5.98463145862109,-0.0062167495091390804,0.481005299745628,0.9116037895873013,3227,6409.425923481122,-0.005191228551988947,0.7756317302792055,0.6016045810159142,-2.997736329162239,2.9887445310291993,5.986480860191438,-0.10749673111282149,1.435324885003575,0.7756491022813043,2142,3401.4447689333383,0.008660905199867642,0.9054661606258109,0.8198689680384468,-2.973666511149593,2.991694665190064,5.965361176339657,-0.004909852397561883,0.43725394175000387,0.9055075810380208,3135,6243.509180677946,-0.005174640761214218,0.764614967965573,0.5846360492369943,-2.9857551127535684,2.9947144084629946,5.980469521216563,-0.048893000005622154,1.368841288399639,0.7646324778244787,2608,3887.150911975612,0.015324351613374866,0.8793842896318188,0.7733167288512586,-2.9960871808537246,2.9984712634947095,5.994558444348434,-0.011235408811138551,0.6785754035387139,0.8795178023233123,2864,5378.394801224641,-0.0016558771390690955,0.7833837152372469,0.6136900452989119,-2.9909482095235997,2.9765079062182647,5.967456115741864,-0.09272822751203147,1.1110013710582836,0.7833854652902438,1950,3310.571693784983,0.016626083753097997,0.9018201892469793,0.8132796537334575,-2.9975806033206482,2.9993179352373933,5.996898538558042,-0.04974933262664655,0.5216433545065859,0.9019734366345954,3011,5915.690762767171,-0.004846799987772206,0.854292289233917,0.7298153154445265,-2.9696736954581557,2.998890218213737,5.968563913671893,-0.062367833045628915,0.4661285708288525,0.8543060382056584,5838,9920.798671684046,0.00925653782232403,0.8871252854144885,0.7869912720217377,-2.9988085616808875,2.98416298980148,5.982971551482367,-0.07269007631608224,0.5539076504247951,0.8871735768800791,2104,4238.411697973788,-0.004317040409844467,0.7698180154979226,0.5926197769851599,-2.9852795003374033,2.982488468439406,5.967767968776809,-0.06135410875168545,1.5417312691623746,0.7698301201064168,1526,2428.997551950568,Control_part2,v120.mat
0.043642394041842045,0.8650992302234177,0.7483966781331499,-2.9838674231226903,2.994557573484869,5.9784249966075595,-0.01052904996567616,0.8178678187908401,0.8661993631323297,2594,4942.191234711639,0.016885453359397815,0.8241368473492369,0.6792015431587393,-2.992115798972882,2.998975471870975,5.991091270843857,-0.039111989245403406,0.9463860960779811,0.8243098092913196,3683,6608.842812700133,0.033959058180845124,0.9175306542991386,0.8418625015786053,-2.995779755268755,2.9526992325645818,5.948478987833337,-0.10201467808116225,0.3848285005741965,0.918158874711308,2230,4750.372845281342,0.02654663978861483,0.9274013897401808,0.8600733376920188,-2.9989163302380417,2.988308749329782,5.987225079567824,-0.1087530538567043,0.15906014402997704,0.9277812575042056,3035,6728.1853988506355,0.04914480961677987,0.8459521387784505,0.7156350211038349,-2.959580324326597,2.978088290939912,5.937668615266508,-0.019455062569094662,0.7964804482961769,0.8473784475758775,1890,3519.193660535462,0.040978765881210105,0.8827182998196549,0.7791915968365022,-2.974207929662294,2.972435719564786,5.94664364922708,-0.11418232867084704,0.42597363087786544,0.8836689742712761,2213,4586.4975292437775,0.05494528489507114,0.8539232254701219,0.7291848749972967,-2.9884787529916035,2.9658873861764126,5.954366139168016,-0.0260176097616253,0.8691777332677444,0.8556891137144945,1971,3691.172635482134,0.04920130266582237,0.8647969736091669,0.7478738055635741,-2.9937636993800205,2.9646742190992526,5.958437918479273,-0.1444354469895325,0.6477808845985855,0.8661954593205785,1923,3901.7943612425224,0.025065664845123133,0.9082839859020264,0.8249797990460725,-2.9960050387980446,2.990766487706786,5.98677152650483,-0.11298264431519503,0.4700519870705877,0.9086297852261946,1957,4112.069043178006,0.024944011978022276,0.938478543043413,0.8807419757528873,-2.995872290775246,2.9774807020850207,5.973352992860267,-0.034839360081209844,0.30018009070140117,0.9388099805000195,2241,4893.316131524591,0.025210520588039936,0.9287892787291016,0.8626495242821246,-2.9986109309811657,2.9971468661754477,5.995757797156614,-0.06896105016702665,0.309371789274798,0.9291313656477456,3056,6637.822009339361,0.025607068055538272,0.9070331432441356,0.8227091229433368,-2.976621137690398,2.9933850426137725,5.97000618030417,-0.05191954180994034,0.429906675676488,0.9073945365042363,2583,5371.862636657872,0.03789305516214767,0.8340921456057797,0.6957097073612533,-2.9978639321869847,2.9951583251713076,5.993022257358293,-0.04587962239580531,1.1845118147518532,0.8349524483410865,1626,2954.411846934475,0.03763833935644229,0.9029874598709603,0.8153863526842092,-2.9992720594614273,2.9555956537986967,5.954867713260124,-0.06737307830632341,0.3185097094997884,0.9037715404203209,3102,6428.734297362652,0.03819199237909768,0.8953399344624131,0.8016335982431583,-2.99512167317564,2.989217803471562,5.984339476647202,-0.07622002494734867,0.5088211043127311,0.8961541310093053,2117,4358.170287762929,0.03368444448692999,0.9037364392779672,0.8167395516788188,-2.9914579204055536,2.9934646039866704,5.984922524392224,-0.1443405010591648,0.280296942950669,0.9043639717941068,2691,5789.553440536472,0.036999259204289384,0.8095130039892375,0.6553113036276793,-2.9837506377756324,2.9979294573848057,5.9816800951604385,0.02257134638558847,1.3300725664780444,0.8103580991199789,2126,3738.742877445784,0.033379867579434286,0.9191784357247508,0.8448889967013998,-2.993443183400544,2.9872464280849234,5.9806896114854675,-0.07093161062044546,0.3198824837432581,0.9197843292103973,2157,4686.886047154666,0.046418770009939644,0.8668546311168973,0.7514369514888122,-2.9989788184289314,2.9973970913946952,5.996375909823627,-0.06144764266059134,0.5747171003770735,0.8680965693389462,1917,3812.0672697734935,Control_part2,v127.mat
0.006333741847822501,0.9080852125286543,0.8246187532132111,-2.9965782488059878,2.991622704594075,5.988200953400063,-0.0022407719117002864,0.3072312073359882,0.9081073006528502,3609,7625.523714916074,0.0025583960910864974,0.9434090084920064,0.8900205573038706,-2.995041798092445,2.989435643753154,5.984477441845599,0.013588740718566236,0.10290001710771923,0.9434124774956231,4307,9669.8578936892,0.007452039092968326,0.9335365651876903,0.8714905185424308,-2.999783585880651,2.999602935998585,5.999386521879236,0.008764444935051954,0.07840203982210525,0.9335663079980306,3285,7401.669172279764,0.0008443680126451728,0.9551343909476293,0.9122817047708988,-2.9662939533652777,2.9976637367801238,5.963957690145401,0.02589376325802446,0.0015230822244260978,0.9551347641711297,3674,8502.002164778645,0.010059533843844976,0.9539308121248885,0.9099839943212494,-2.977686625359227,2.9979049681005496,5.975591593459777,-0.01828503068235221,-0.057637895620779034,0.9539838513006417,5260,12071.281906346278,-0.0013163372976370124,0.97308619592755,0.9468967447047503,-2.9950044911365787,2.999266735633811,5.99427122677039,0.015287312554853596,-0.12633918178491443,0.9730870862613641,3788,8901.734015243794,0.005176468575864918,0.9780331228204681,0.9565487893339567,-2.992350998709269,2.98571774485396,5.978068743563229,-0.020634316213875906,-0.1904811878424164,0.9780468215585967,7863,17170.037931359155,0.003930557842566557,0.9753672268306366,0.9513412271752865,-2.9947383752482897,2.997003232841377,5.991741608089667,-0.030057660594047908,-0.13062083073080144,0.9753751465258074,5819,13415.016814090091,0.006477547883957297,0.975506932780421,0.9516137759026648,-2.9924553882035703,2.9951137172539255,5.987569105457496,-0.04994159343422318,-0.14111011590362166,0.9755284386060991,5245,12429.151310866446,0.0014796634523067224,0.9770316581726455,0.9545908610715891,-2.9991024869652114,2.989759178601801,5.988861665567013,-0.024804620463140754,-0.1439350660504779,0.9770327786085383,6501,14770.54044848441,0.004496181017097964,0.9151157470030165,0.8374368304128889,-2.9960766131558887,2.992534753618243,5.988611366774132,0.027477518877666012,0.23372865692976763,0.9151267923389782,5635,11532.070793174953,0.0027756709019122576,0.9426724550836294,0.8886313575733974,-2.991122917045654,2.9882450356048085,5.979367952650462,0.01629504977982448,0.08556947308705887,0.9426765415148258,3900,8760.75660931748,-0.0009496790147625963,0.8056791100761771,0.6491188284131406,-2.9999717156803367,2.984196087443272,5.984167803123609,0.07121502141065925,1.0819235624559003,0.8056796697840722,4266,7247.74309461919,-0.0058226021903173865,0.9670078580513916,0.9351041975331402,-2.9845049455554884,2.9900809929597876,5.9745859385152755,0.041540184790154,-0.02503842131337386,0.9670253875826668,4413,10368.68251548699,0.002489314740867836,0.9623681075518997,0.9261523744330249,-2.9593908047358966,2.9920961859527755,5.951486990688672,0.05589796911545339,0.01118611948650372,0.9623713270463248,4885,11222.753293583175,0.0019598741449411176,0.9350682311974482,0.8743525969947243,-2.9930341895466213,2.9927868037191656,5.985820993265786,-0.010042453451612827,0.10969347311534783,0.9350702851130435,4322,9717.196638260608,0.008158026746907701,0.9598465644289281,0.9213054272460164,-2.9950094240341847,2.988393684924303,5.983403108958488,-0.011072598851580392,-0.21896909795316244,0.9598812325732907,8409,18010.50196781409,-0.000430842075164044,0.9790861606980562,0.95860971007046,-2.9968050161251565,2.987123557196461,5.983928573321617,-0.008607981112712663,-0.12326115538843796,0.9790862554930254,4936,11660.949179284959,0.009928354009636195,0.9676090660555133,0.9362673047128228,-2.9922679611808864,2.9705156180398076,5.9627835792206945,-0.08025069091307423,-0.07437872831970704,0.9676600006852426,3260,7760.164942067955,Control_part2,v306.mat
-0.038813752546951207,0.8129477801848063,0.660884093307404,-2.975440406709323,2.993491351066426,5.968931757775749,-0.013008627849912462,0.5983281295060086,0.813873823571062,4790,8821.439811001423,0.010191255515028618,0.6361623537222854,0.40470254029347813,-2.998118026887202,2.9578124194037017,5.955930446290903,0.06974931008537961,1.1189338026414406,0.6362439799184356,3688,5453.074906732462,-0.008059792408920987,0.9536278225375786,0.9094060239177635,-2.9903331240986053,2.998660277742171,5.988993401840776,0.029747223556284102,0.0011087692975362273,0.9536618814713307,3974,8944.809558152378,0.020506800941637326,0.6774898967088586,0.4589925601425799,-2.9500089509370824,2.985235953322121,5.9352449042592035,0.07425595479211647,0.710244254645068,0.6778001837027191,3108,4977.32187660011,0.022444296273249266,0.6260130457883768,0.39189233349724034,-2.8612942860536688,2.961371339284212,5.822665625337881,0.0561433172366973,0.7091440182192734,0.6264152615736958,3991,5818.9327154252505,0.02311500795416044,0.6444911876971908,0.41536889101933566,-2.985462196309011,2.8946555362119977,5.8801177325210086,0.08097807632193744,0.5314292354216992,0.6449055703062708,2701,4194.877087252671,0.023725081419217506,0.6095313546538222,0.3715284723061236,-2.9961055227576128,2.9583475571937505,5.954453079951364,0.05540746744903985,0.6656150493214854,0.6099929112657557,4115,5838.024211818493,0.02241613690725086,0.6405401099103192,0.41029163240392375,-2.987558212128095,2.9482076387570357,5.935765850885131,0.09844631252122837,0.5546474896841405,0.6409322238722035,3177,4814.92491994864,0.023265499227674152,0.6124956657567494,0.3751509405708037,-2.8833687758130324,2.917808239939951,5.801177015752984,0.03511344120322524,0.454576046547408,0.6129373736566539,3238,4739.248186241648,-0.0043590441925356075,0.9744842346708776,0.9496195236220861,-2.9806216615746157,2.9769472747916272,5.957568936366243,0.06432445938286832,-0.06401606721734909,0.9744939840185564,3387,8222.252317773844,-0.04260709474391979,0.7904505649715555,0.6248120956638513,-2.9918977423084097,2.998872108873178,5.990769851181588,0.14832581264683548,1.0482812365449101,0.7915980420556689,3924,6843.814220138209,-0.008139625610812336,0.9339998441787131,0.8723557089258602,-2.994799213379629,2.998882754975634,5.993681968355263,0.07410196046867921,0.04347516332771839,0.9340353111263752,2497,5700.070012566324,0.00014042270821883424,0.9323885647554396,0.8693484356867087,-2.9645067854536205,2.997201520616179,5.9617083060697995,0.028525448411020927,0.021866432270300606,0.9323885753296454,4017,8988.970818631744,-0.006293173015257956,0.9628358330661041,0.9270528414360987,-2.9758787710150294,2.9983431513681555,5.974221922383185,0.09202408705774866,0.007486807208685331,0.9628563991908131,3495,8086.259976314638,0.0034839336215582908,0.9526831805892406,0.9076052425776316,-2.991255460735776,2.978576854338101,5.969832315073877,-0.02305228136928626,-0.0039421034197366644,0.9526895508879643,4065,9366.556433280966,-3.179284629418193e-05,0.9676788848550695,0.9364024241943508,-2.9951901914790167,2.9999173490120015,5.995107540491018,0.03165191106915842,-0.050237180898009104,0.9676788853773425,4882,11129.326180611837,-0.00638866087436264,0.9604379566385872,0.9224410685521047,-2.9894703984632343,2.995444064618836,5.98491446308207,-0.007448476958701015,-0.022384666165363498,0.96045920451619,2617,6295.915958303885,-0.002584945597024892,0.9676273828551291,0.9363027520510666,-2.9946368403834476,2.9930382347858084,5.987675075169256,0.007223162686188039,-0.06975455192529356,0.967630835595273,3217,7457.374449196315,-0.0003616557229546392,0.9710254811372727,0.942890485017872,-2.9850404430132262,2.997624444112969,5.982664887126195,0.0959806606865092,-0.05152779388438988,0.9710255484861012,2492,5883.177009201459,Control_part2,v298.mat
-0.009335816230183551,0.8716993453640768,0.75985974870816,-2.9950461242444955,2.99599801039724,5.991044134641736,-0.023793174350991115,0.6949923878828566,0.8717493367779776,1956,4022.2967380745154,-0.020851308614486256,0.8669020104473985,0.7515190957177413,-2.9988896502168796,2.968198488949831,5.9670881391667105,-0.02526821170253925,0.7556463457309626,0.8671527390193021,1806,3629.8829255246856,0.003033153389281998,0.9443577947240934,0.8918116444561529,-2.9433606328365447,2.993490004385462,5.9368506372220065,0.04164710741335373,0.11319333590494507,0.9443626657569834,1596,3650.5487532681123,-0.008488233213733135,0.8767785034063404,0.7687405440354621,-2.9939418129089694,2.9869457890663758,5.980887601975345,0.01606484354389481,0.8144905137992708,0.8768195904167246,1638,3211.7562732430297,-0.013851186337923094,0.7637813282179351,0.5833619173343532,-2.9882819244103263,2.990923682073946,5.979205606484273,0.04079809030151797,2.0871957290461687,0.763906913633671,1582,2390.986931106374,0.0010636246005570544,0.8993694153106627,0.8088653451962433,-2.9716105004661064,2.9832459859567213,5.954856486422828,-0.0029915170291731747,0.3830043431742398,0.8993700442496038,1540,3293.8348996623545,-0.009165472538847665,0.8731735519135602,0.7624320517613428,-2.9989045960238125,2.9842652815844364,5.983169877608249,0.01536311921519443,0.5559326597448053,0.8732216543628559,1497,3102.785393275015,-0.0030944312554249285,0.9454212530510606,0.8938213457206376,-2.9734089135086936,2.9981772338032853,5.971586147311979,-0.0482047547211925,0.017159273598799096,0.9454263171847038,2781,6337.8508573302115,0.0011486786748600537,0.9288770898348867,0.8628126480201281,-2.9979972063278573,2.998138025690666,5.996135232018523,0.01752497246475812,0.25552997147727696,0.9288778000807352,1458,3219.5642960306905,-0.005333928572090734,0.9796990941375164,0.9598103150538703,-2.984738129347654,2.988523554674477,5.97326168402213,0.06763995857962514,-0.08390635420170911,0.9797136141995183,1714,4217.50633589059,-0.0027912143863153584,0.8763149519984789,0.7679278950960964,-2.9750245235443797,2.9823302034578507,5.9573547270022305,0.05907820819347177,0.7432404622008999,0.8763193972370158,2292,4591.622872024499,-0.011524403947675382,0.860234291864277,0.7400030368992341,-2.9952359571769764,2.9888161048600708,5.984052062037048,-0.03819801543028333,0.8412992125034799,0.8603114835834653,1731,3339.9121690324637,-0.015712267523568035,0.8756890246655682,0.7668312679197341,-2.9852876518100513,2.980177629431884,5.965465281241935,-0.021679306791491045,0.6176693695802657,0.87582997395069,1933,3807.1161788893705,-0.028535543430190012,0.6798726965148645,0.462226883466393,-2.9937759275966624,2.988465751673298,5.98224167926996,0.04361082278290682,4.213562428665697,0.6804712783837752,1624,1908.0372715308217,-0.009015720056213499,0.9527094948238932,0.9076553815275978,-2.981257956559435,2.9980804106408026,5.979338367200238,0.008668399361951091,0.1908982190330919,0.9527521528371006,2000,4546.407347623432,0.002668532541841402,0.7839094981192096,0.6145141012415112,-2.9808092347433996,2.994989618551925,5.975798853295325,0.11787397382111037,1.2542871944112504,0.7839140401264911,2023,3511.129629131804,-0.0007909464952249337,0.8931261169327165,0.7976742607473123,-2.995154784693711,2.9978606679610857,5.993015452654797,0.013142439588413223,0.6231125983645178,0.8931264671611019,1834,3771.7003830522285,0.0018505543732158065,0.9292217465626091,0.8634530542848657,-2.9905358446550423,2.9968253246586145,5.987361169313656,0.02488524986785205,0.28620492367002015,0.9292235892595248,1685,3715.8610432633004,-0.005462017406507781,0.8176288866022178,0.6685169962063823,-2.995247467430612,2.9987807343431228,5.994028201773735,0.058137232554618314,0.8290496018232005,0.8176471303933814,2243,4083.338364171802,Control_part2,v138.mat
-0.010742194839268561,0.6642935649439163,0.44128594042589714,-2.9928079665549583,2.9932534288848602,5.986061395439819,-0.05697919851410796,2.0984035251282034,0.6643804145035147,6044,8048.587658302955,-0.004582785298482737,0.6208053887140986,0.38539933065646304,-2.9978262449927744,2.9980150940225254,5.9958413390153,0.19943933841953876,4.4691010387345225,0.6208223035439006,3100,3365.8460079736933,-0.009765674843679602,0.772286203982869,0.5964259808622695,-2.9901820534663774,2.9877633767398137,5.977945430206191,-0.03399799118368495,0.668045320635307,0.7723479457261616,5650,9599.068885238476,-0.0027027861247054027,0.6551874325641941,0.42927057179006034,-2.9976127141077686,2.9950019696016543,5.992614683709423,0.2558954306801235,3.314040847036858,0.6551930073214277,3184,3999.185443944813,-0.006084550405960619,0.7649189108980428,0.5851009402494479,-2.9908030033618527,2.9879249205032785,5.978727923865131,0.026162549085457606,0.8336263013882648,0.7649431103050021,3316,5709.92877816567,-0.0013503378958908579,0.6478671924968288,0.41973189911372294,-2.99338865167064,2.9956774961943573,5.989066147864998,0.1901986437680085,3.5413988631320175,0.6478685997377525,2555,3192.1391072871793,-0.019389194869669196,0.8445432993205281,0.7132533844272031,-2.979267917896275,2.98300304331495,5.962270961211225,0.11938014016466748,0.5109503144440697,0.8447658405172982,5034,9653.974477082571,0.001431201925705537,0.6508873478328336,0.42365433956886017,-2.983224780194726,2.9960155562107853,5.979240336405511,0.20593519453051215,3.40078070621873,0.650888921328219,3218,4067.2596103000083,-0.003988755880040836,0.8548619441741997,0.7307889435972925,-2.9862745267181436,2.996595443885886,5.98286997060403,0.0008420055920049746,0.23459579425395694,0.854871249821143,5294,10397.27194873862,0.0011151643337802431,0.65718793114837,0.4318959768470748,-2.993220035039151,2.983792656202482,5.977012691241633,0.1249475510810028,3.0451527541625465,0.6571888772937093,3677,4817.74061063651,-0.00535338216005339,0.6938252497692807,0.48139347721740483,-2.9998730956437325,2.995695261111561,5.995568356755293,-0.01971732619305083,1.800421617325104,0.6938459021410708,5504,7574.779720452554,-7.789358484552172e-05,0.6709982903571831,0.4502387056622626,-2.958136050223412,2.999206640201371,5.957342690424783,0.3122704775197567,3.824399503274689,0.6709982948783649,2255,2496.3123838705624,-0.006321643698768662,0.7603504245528833,0.5781327681177498,-2.9779996299496307,2.999070767417255,5.9770703973668855,0.00034738665173940467,0.5272738570153579,0.7603767035468696,3864,6908.071054891202,-0.0012141911335636789,0.6144120846712232,0.3775022097900384,-2.999365412553741,2.9951829831845314,5.994548395738272,0.2441996495036269,4.724197806291996,0.6144132844024023,2792,3108.766961044658,0.0002380109929003829,0.8002977481987714,0.6404764857720242,-2.983540624586506,2.9906543882860737,5.974195012872579,0.024948869851141225,0.29699038815548207,0.8002977835913685,6843,12406.493082770987,0.003130333041390438,0.6127990681507567,0.3755226979264358,-2.9946107598209184,2.993963806212302,5.98857456603322,0.37030682499761813,5.439456206530661,0.612807063366102,4593,4487.837677977265,-0.010712530959981224,0.790598370120513,0.6250457828372117,-2.978652043955758,2.9972973765890965,5.975949420544854,-0.00722363417328015,0.6290312842356287,0.7906709436654292,5506,9476.368312820117,0.00038012779656543575,0.6944238361547033,0.48222446421981424,-2.991946746666641,2.963349425930886,5.955296172597527,0.1402350308680463,2.070926780111316,0.6944239401957251,4685,6584.178890749256,-0.0015027465551919919,0.8880835009954899,0.7886923047404063,-2.990359769702902,2.987120814109655,5.977480583812557,-0.02231851122908227,0.17028776363638665,0.8880847724106159,3213,6837.1268195959,Control_part2,v302.mat
-0.012050654593455144,0.8139069841394554,0.6624445788309836,-2.9978337099684564,2.9973137309724662,5.995147440940922,0.029300227686664373,1.2895347434649755,0.8139961898603176,3303,5786.811754449011,-0.007846632985728347,0.8008567663384493,0.6413715601900776,-2.9984560641517657,2.9924594142302348,5.990915478382,0.04309093183802852,1.2863285923366137,0.800895205279249,3469,6026.517682661937,0.0018768587521937907,0.9049669832257411,0.8189652407286987,-2.979659541231825,2.9975369825179365,5.977196523749761,0.03491251482144799,0.30352172089828855,0.9049689294818217,2461,5214.106415948212,0.009679180590793243,0.9527183903149822,0.9076723312443707,-2.9991217732349567,2.998922844976539,5.9980446182114955,0.00271263030538953,0.11810815289540111,0.9527675570574808,2201,5082.711797958238,-0.00509746886504397,0.8294750776628599,0.6880289044638075,-2.999786420622842,2.991140332609077,5.9909267532319195,-0.14122098273282724,0.9377227551699812,0.8294907405466546,2069,3937.2674263845256,0.007210202872309509,0.9457786839727513,0.8944973190572295,-2.990529393056966,2.997830375968076,5.988359769025042,-0.016827040820352468,0.10691165770584021,0.9458061672894131,2161,4975.511410929539,0.012794924706509926,0.8267133612460424,0.6834549816627296,-2.9931234414802996,2.9972550334960455,5.990378474976345,-0.03488631451022264,0.7274429325821905,0.8268123679293718,2248,4381.264440898478,0.011949718464748904,0.8958664917189364,0.8025767709847952,-2.988751492616465,2.998194547709698,5.986946040326163,0.02952804565307719,0.3538450048756152,0.8959461851898148,2170,4468.07084764227,0.01433552642818809,0.8308296581284449,0.6902779208258286,-2.9996448151906323,2.995662809657602,5.995307624848234,0.011219240914709555,0.7660270141648531,0.8309533248888302,2538,4911.237841226912,0.009025950887439568,0.8900713928139897,0.7922270843058357,-2.9980606002495596,2.990379761566313,5.988440361815872,-0.02038755900537874,0.5309970802868778,0.8901171563874376,3050,6272.788947115028,-0.013003838996601047,0.793439666287495,0.6295465040384114,-2.9938705609691354,2.977280394735269,5.971150955704404,0.05722150252678214,1.3059207297957345,0.7935462203722358,2297,3970.0530486820658,0.014105918263883755,0.831294734182989,0.6910509350803664,-2.974546539883895,2.9977093516090583,5.972255891492953,0.06836351914474222,1.0334043296941902,0.831414404500207,2449,4575.391894520739,0.007241688196746513,0.7933021360049821,0.6293282789900672,-2.9889770333616714,2.999387121167356,5.988364154529028,0.08240650311157499,1.2360825441579708,0.7933351883271068,2698,4678.892157456781,0.005567370347219755,0.9127537832867371,0.8331194689042517,-2.9936662064551833,2.966703736178208,5.960369942633392,0.02405134895118194,0.35026644632643933,0.9127707623038956,3016,6565.602301761304,0.007529377592847864,0.7485033102384432,0.5602572054379071,-2.997614244955876,2.9978706941610134,5.995484939116889,-0.06510888719046679,2.706978727585204,0.7485411792044863,1316,1812.1615688619872,0.003362528960772027,0.8398047732037472,0.7052720570957974,-2.9997612273239254,2.999218654488057,5.998979881811982,-0.05219166619938744,1.053509412230719,0.8398115048609477,2694,5059.520769383498,0.0011537463684373223,0.7611180664838223,0.5793007111280721,-2.998070838685276,2.9969218046926156,5.994992643377891,0.07641457252280055,1.5404103655921615,0.7611189409407407,2063,3339.516987150349,0.012459166937651058,0.945424091863596,0.8938267134761051,-2.9938533094136255,2.986837678473648,5.980690987887273,-0.051731827306327575,0.1175852335732901,0.9455061841769653,2077,4780.194443961212,0.012625588745341065,0.8281603085959789,0.6858494967337869,-2.988928206772527,2.996973777435628,5.985901984208155,0.0161008565229604,0.7553324403895338,0.8282565437260085,1973,3762.5514426890004,Control_part2,v134.mat
-0.02274892066158774,0.8039247485367201,0.6462950013098286,-2.9946030055840094,2.9965347607846504,5.991137766368659,0.23696100581543525,1.8918955497313013,0.804246550941374,6127,7759.377614031141,-0.0438270104701202,0.7924707599456364,0.6280099053688145,-2.9935632877847373,2.9839632944715127,5.9775265822562496,-0.053642427177344,1.4913460905029812,0.7936817449176733,7402,11537.12173571079,-0.021776810131916517,0.7745798722745676,0.5999739785328855,-2.9966886675871898,2.9968816382869212,5.993570305874111,0.05047566917481576,1.9880287021577416,0.7748859322457771,5250,7119.887950647276,-0.00046756646458295933,0.9556176087737503,0.9132050141984606,-2.9964823802238363,2.9851185534362967,5.981600933660133,0.0641278237334634,0.08894938575239753,0.9556177231596636,6074,13692.657536661132,-0.006347904117004951,0.779919038417761,0.6082737064864849,-2.990237131706234,2.9927545407738667,5.9829916724801,0.18727823089745474,1.9651960262054295,0.7799448713679471,4799,6588.226897265259,-6.889574016741595e-05,0.9455567184759813,0.8940775078550662,-2.998937290026178,2.9903978338676294,5.989335123893808,0.17929283217653075,0.015537580122686023,0.9455567209859435,3606,8759.09610651164,-0.006292417630982614,0.7697578476783327,0.5925271440623793,-2.991973091752373,2.9981025828796226,5.990075674631996,0.16567803038851708,2.22683600202968,0.7697835660638788,6401,8120.188761727633,0.005385972893865289,0.9563850738801085,0.9146724095406606,-2.998472456570981,2.999452662372803,5.997925118943784,0.025815003028447397,0.027299842440143607,0.9564002395674491,6822,15258.386188357304,-0.010483973792559168,0.7643786386071343,0.584274703158896,-2.9976818312172107,2.997739740444273,5.995421571661484,0.15029891646211122,2.2845100202476187,0.7644505326477176,3991,5278.690214751986,0.0013987698098745125,0.9594856761532252,0.9206127627432117,-2.9995416156553603,2.999969219260157,5.999510834915517,0.037276651972907776,0.029702899549699513,0.9594866957390252,7105,16142.142431947032,-0.00734692297088094,0.7832902819800238,0.6135436658443452,-2.994570892973676,2.9921006737869136,5.98667156676059,0.2177161432362485,2.022425185386866,0.7833247366970387,4263,5284.750105241469,-0.011537986478876133,0.7617768737021002,0.5803040053073455,-2.9948697157900717,2.9930517219750854,5.9879214377651575,0.16089272486376416,1.9064430933479857,0.7618642467259717,5853,8112.044233007956,-0.013015527819533695,0.7414491447975667,0.5497468343210431,-2.992346812302267,2.990177389709368,5.982524202011636,0.07441093873437248,2.3225860583959754,0.7415633744228906,4833,6375.527076012146,-0.0013157917090503052,0.8188955358839339,0.6705898986906353,-2.998346868022561,2.993681903427334,5.992028771449895,0.08832551035031903,1.280938560793106,0.8188965929825676,7154,11064.049617700113,-0.01187641828672065,0.7430067717451314,0.5520590628591219,-2.993625731301025,2.999808108491334,5.993433839792359,0.0963932642478052,2.4611383462482923,0.743101683600867,5798,7470.239855640678,0.005723094862652609,0.9523199328479981,0.9069132544996157,-2.9909701262448616,2.994458647774311,5.985428774019173,-0.02119879978879164,0.06747219867278487,0.9523371295473166,10093,21317.005975782613,-0.0206990565971197,0.7818547923207295,0.611296916274891,-2.9903824078919223,2.9998165449167167,5.990198952808639,0.12126548192616543,1.8715205833269843,0.7821287408214211,3747,5408.063946614251,-0.0003853558115917302,0.9854319140632525,0.9710760572543654,-2.992012893956992,2.996824771673844,5.988837665630836,0.024509691763898046,-0.35507752300845796,0.9854319894104651,14256,30521.57464968707,0.010254844141603636,0.9541866737176907,0.9104722083004309,-2.9988214653754026,2.998518721748397,5.9973401871237995,-0.015407023132781859,-0.05032593944461894,0.9542417776060736,14508,27682.036914958568,Control_part2,v300.mat
0.012501799548521408,0.8532220599743544,0.7279878836268808,-2.99640152910742,2.975487285778163,5.971888814885583,0.028327565986490073,0.5901543863470753,0.8533136460990368,1349,2506.3273687324154,-0.0038717137379643066,0.8374795926332017,0.7013720680770735,-2.9924213474143926,2.9934287321385358,5.985850079552929,0.041813768580018305,0.6647763635667694,0.8374885421570508,1934,3639.4068945660347,0.017195459728323776,0.8404148284880505,0.7062970839425993,-2.980435928513322,2.966652034685067,5.947087963198389,0.007739558008469091,0.6626757739243283,0.8405907254888478,1129,2148.7472507126254,0.0058508153229930885,0.8006052052533409,0.6409686946787442,-2.9895220982638437,2.98187207452382,5.971394172787663,0.024742568782767854,0.9704698924873298,0.8006265838196281,1425,2576.3244881065,0.014899314811853519,0.8440624724219327,0.7124414573510259,-2.9834184157239587,2.9868513436988167,5.970269759422775,0.006663099261003667,0.653568410878254,0.8441939628621427,1231,2403.405622335642,0.0015240964355752004,0.7749414169646669,0.6005341997272058,-2.984799401393745,2.9956665946852485,5.980465996078994,0.00655462543787903,1.253701030885618,0.7749429157022798,1509,2446.6745115662293,0.012926306780909839,0.8513226684436068,0.7247502858059433,-2.97548933315543,2.9928811739932155,5.968370507148645,0.03221999719295888,0.663252162720974,0.851420797968277,1281,2526.8626596009312,0.006144388440315727,0.7893322283326533,0.6230453666845919,-2.9973853111690456,2.9934663713094922,5.990851682478538,0.05723743596202864,1.050131039112733,0.7893561428112771,1399,2463.8000550788324,0.010096293702366635,0.8639892015900265,0.7464773404641714,-2.958038764902431,2.9993311129293643,5.957369877831795,0.10246110359037845,0.5651366274821665,0.8640481905603967,1085,2228.666303564142,0.003188088742851302,0.8543352700279914,0.7298887536138009,-2.94510730648571,2.9899771446619767,5.935084451147686,0.07468754951479564,0.5689562626363984,0.8543412184388819,1537,3093.3352497953415,0.01838231587223015,0.8428341083755576,0.7103693342412212,-2.983766286232129,2.994969107308667,5.978735393540796,0.07312275213574024,0.5781181327422962,0.8430345448307842,1285,2525.4066236315875,-0.006762919456577409,0.8161582915306795,0.6661143568342778,-2.9996756963477527,2.9984106557070747,5.998086352054827,0.001971393688569105,0.8350345213397232,0.8161863107856282,1610,2983.17986799625,-0.012629805437229528,0.7732024503030991,0.5978420291547164,-2.977204038009803,2.9915844744622095,5.968788512472012,-0.020990599912528177,1.7739531104885087,0.7733055936304214,1027,1650.00393226732,-0.02644767736623443,0.6930405436645528,0.4803051951628589,-2.982626423803039,2.9849906025924464,5.9676170263954855,-0.026536357653745016,2.204340786047565,0.6935450056059285,1863,2495.435434343212,0.008135560050522569,0.8696128581185462,0.7562265230051066,-2.9868993456656874,2.9499304766141425,5.9368298222798295,0.0031097124529641143,0.5011207128647892,0.8696509129199154,1281,2594.2490227004732,0.002425625848471738,0.8223074286641101,0.6761895072361805,-2.99042625321444,2.999349633148647,5.989775886363087,0.0759857737252611,0.8576706928108098,0.8223110061874018,1657,3089.4015131948577,0.007744091175763348,0.8621937442543561,0.743378052631346,-2.9912269712293,2.99852182297148,5.98974879420078,-0.011972895068818927,0.6358099471860204,0.8622285216689857,1289,2416.8895867163938,0.03215606715784459,0.5991742188342971,0.3590097445156902,-2.999904026464644,2.9978895076465304,5.9977935341111746,0.1208302690115246,2.4813057663300757,0.6000364632009875,1423,1817.194718023619,0.01578618847456379,0.8613789919891333,0.7419737678402153,-2.9828942881259963,2.9963134008055325,5.979207688931529,0.05915154357568007,0.545567776699794,0.8615236337946683,1173,2413.493157715379,Control_part2,v129.mat
-0.011329767589934253,0.9091257085737717,0.8265095539897624,-2.996391768972495,2.987334466626326,5.983726235598821,0.04450158656882933,0.37726316806812843,0.9091963031289803,2618,5636.522567870475,-0.0260822704649576,0.8442600170298485,0.7127749763552402,-2.9860785216676637,2.99804979902464,5.984128320692304,0.0777592226983954,0.47717199460385595,0.8446628091657922,2532,5043.416963328764,-0.006834376017935169,0.9598147376295054,0.9212443305707962,-2.997826720453947,2.992395177364082,5.990221897818029,-0.012049785775104774,0.08877733816943634,0.9598390694623504,2924,6712.677184153073,-0.017070477142722442,0.9394757486053918,0.8826146822176614,-2.994916273537562,2.991866293556417,5.986782567093979,0.045511410795624145,0.15977088606431122,0.9396308229339551,2604,5772.2307209495875,-0.001620803833007412,0.9628377374552405,0.9270565086679265,-2.9838011622625293,2.995647977813985,5.979449140076515,0.008559447919851554,0.022149552510188464,0.9628391016535378,2398,5637.79962502079,-0.008801379515333342,0.9506260748096844,0.9036899341080677,-2.991762267151821,2.9984675966838847,5.990229863835706,0.017721436730018036,-0.0191358831564008,0.9506668177597453,2358,5540.908172937617,-0.006559029172419123,0.957529780746068,0.916863281015613,-2.9966518108414766,2.9907390960037037,5.98739090684518,-0.02062470215293815,0.11343005512244231,0.9575522449868192,2286,5296.457652192442,-0.0014639384564193187,0.9544398659623425,0.9109554577382143,-2.9749521057270925,2.999533753526987,5.974485859254079,0.1051303236143863,0.06001964428708906,0.9544409886703412,2586,5930.314561580236,-0.007472391678996206,0.9591920124429847,0.9200493167344229,-2.993233793317113,2.998406399358161,5.991640192675273,-0.021922044937698983,0.08425298349603016,0.9592211180806162,2320,5366.9297366991495,-0.0025719728732007826,0.9558078194916886,0.9135685878014564,-2.9999545985136864,2.9980810012062533,5.998035599719939,0.10748963824337357,0.0709279098842841,0.9558112799323498,2680,6095.9259812084565,-0.010866843042657226,0.9406540918718324,0.8848301205552217,-2.997976676106446,2.9983398952518128,5.996316571358259,-0.0006969798134074846,0.14205834061200218,0.9407168590138775,2481,5605.949367759904,-0.026719365713615856,0.8976989024523601,0.8058633194641719,-2.974092567894079,2.982953451016339,5.957046018910418,0.07451137333408124,0.2856715132419825,0.8980964558266055,2434,5219.266596264372,-0.006466427506497554,0.9455001952752498,0.8939706192655353,-2.98873479710982,2.9965172883294025,5.985252085439223,0.004995415932667021,0.09986278960867034,0.9455223074841927,2149,5113.133817576751,-0.01351195243355346,0.9018945133089797,0.8134137131368415,-2.980378375761844,2.9983060696905985,5.978684445452442,0.018181848636839946,0.28141176527451206,0.9019957239341041,2788,5934.797215025129,-0.0004995593771584691,0.9498245796258112,0.902166732061349,-2.9976051919375135,2.998123571425726,5.995728763363239,-0.004806618731374842,0.19191518595644164,0.949824710997203,2350,5321.719435792983,-0.0026430253013044022,0.9048416069796136,0.8187383337214496,-2.997280276415532,2.9738257459942874,5.97110602240982,-0.008553560698967231,0.1409879372997036,0.9048454670849564,2600,5826.125083372029,-0.016403839723958147,0.8921573499143595,0.7959447370062128,-2.990597207095645,2.964282775507384,5.954879982603028,0.014269694658351276,0.2943194982264279,0.8923081435041944,2194,4707.82212238308,-0.007725782773183729,0.9535098716761543,0.9091810753838762,-2.999972942849747,2.9946568382379986,5.994629781087745,0.0025526481004679857,-0.0022921383036900167,0.9535411701145023,2552,5891.600878570566,-0.0036716473019096467,0.9697664107923001,0.94044689150098,-2.99910571070718,2.9958571547289514,5.994962865436131,0.0871623694429813,0.025734116339302116,0.9697733614071329,3097,7141.924230642825,Control_part2,v140.mat
-0.020647163472676523,0.8666551118849747,0.751091082956358,-2.9895771373245017,2.983843754094482,5.973420891418984,-0.05416442085899109,0.25360247365019184,0.8669010256746876,6906,13245.5479398561,-0.013500756074606797,0.899627710439111,0.809330017389917,-2.9736301933153624,2.9707172286214263,5.944347421936788,0.020819881817780477,0.08649279671101118,0.8997290079821273,7372,14597.27534969847,-0.0018381483759211733,0.9694005413340944,0.9397374095388351,-2.9988476937703603,2.990446645203302,5.989294338973663,0.04523734822674726,-0.15550275958834003,0.9694022840535744,7058,15642.958400608484,-0.010329210194046909,0.9360184255369168,0.8761304929446087,-2.9962829181655746,2.997588336155466,5.993871254321041,0.03146324755884157,-0.007003709696809857,0.9360754165812931,7217,15212.885374858542,0.001750739685424508,0.9833200368778167,0.9669182949253907,-2.972610624558318,2.9993973630653246,5.972007987623643,0.04486907306686034,-0.1438141445711847,0.9833215954177132,7154,16034.74600264382,0.010707276715180028,0.6353112573048304,0.4036203936582444,-2.9993072890691104,2.9901598429384353,5.989467132007546,0.03853931112226537,2.6169150278311433,0.6354014789350902,6044,7482.074740271425,0.0013254421821059911,0.977866736810024,0.9562233549594847,-2.997692775793591,2.99423419376479,5.991926969558381,0.027495146956893195,-0.17685863027463267,0.9778676350899761,6934,15685.457194027098,0.00048737087608206837,0.9832252056692524,0.9667318050633437,-2.9697177451642816,2.9737651989779956,5.943482944142277,0.014740259102338815,-0.16120185983647906,0.9832253264606821,7259,16280.519740531941,-0.0006262592606754483,0.9772294454964123,0.9549773891452256,-2.9915522785595883,2.9778909329817718,5.9694432115413605,0.049465691620534644,-0.05681832119417729,0.9772296461660827,4971,11542.942101326584,0.0001543725365176234,0.9878088959166197,0.9757664148520111,-2.989093924622537,2.999358505151054,5.9884524297735915,-0.005109146517149153,-0.2917375413264591,0.9878089079791147,8840,19425.12758419532,-0.026416569524091986,0.8389795318087119,0.7038866547939654,-2.9989771340682134,2.992720167556784,5.991697301624997,-0.03235539028864218,0.7849825627266473,0.8393953120785144,8507,13974.792714851732,-0.015848658489953975,0.9096653289852318,0.82749101075781,-2.998785650620551,2.994033141464019,5.99281879208457,0.04174324004779871,0.11292593025327458,0.9098033802606699,6878,13851.93865562924,-0.03578851231155795,0.8050276790503524,0.6480695640371972,-2.9948421403157743,2.996339977137846,5.99118211745362,-0.13623077346970858,1.382177223944054,0.8058227979218953,4452,7306.731856308678,-0.04984023117336898,0.6935373452874264,0.4809940493083309,-2.999898955616668,2.9910156330452558,5.990914588661924,-0.23801259806050468,2.584874042866737,0.6953258933419247,8012,9321.832023315326,0.0008908446534389063,0.9723445508414689,0.9454539255510979,-2.983893116658935,2.9903739882292095,5.974267104888145,-0.01588896384593526,-0.10198780960503262,0.9723449589293371,6479,14859.003904317204,-0.032951467156541556,0.8307805498457547,0.6901963220020145,-2.955326911701116,2.9945849521931627,5.949911863894279,-0.01860654423565154,0.25370755986145044,0.8314337743860201,9771,16387.512233354464,-0.002746192403733531,0.9654355544029494,0.9320658097053302,-2.9661972675307493,2.9967218473759467,5.962919114906696,0.030813107265435086,-0.1620281762262441,0.9654394601827959,7770,16864.549367310883,0.020522779477236772,0.9122113288127373,0.8321295084142998,-2.975267693078804,2.9936701914445747,5.9689378845233785,0.023074782715403953,-0.01425434440426443,0.9124421586554246,8352,16513.976953634025,0.00015225205802680056,0.9848407327371682,0.9699112688582825,-2.9890303776218023,2.994957108905602,5.983987486527404,0.03499884799692994,-0.1785355750328188,0.9848407445059184,6720,15467.060634855974,Control_part2,v310.mat
-0.06550479521426758,0.699533684545923,0.48934737581439497,-2.9997654653447405,2.98961042708781,5.98937589243255,-0.461061417989869,3.8818492975810814,0.7025939467505097,7073,7661.851186418639,-0.05411469226890277,0.6796417323044206,0.46191288428975374,-2.999333197785058,2.9938592899344822,5.99319248771954,-0.37932658882515097,5.146840052980629,0.6817926988528931,5488,5233.762585651213,-0.051345957744696386,0.8283793059604685,0.6862122745435474,-2.999398976447332,2.995588993525457,5.994987969972789,-0.03994213042398958,0.9847560624738807,0.8299690849183887,7957,13106.699908279272,-0.05861049787579999,0.7849610601894481,0.6161638660137424,-2.9961807361991935,2.995430445137036,5.991611181336229,-0.09998684507686198,1.680157353772044,0.7871461468336053,6122,9388.40028603351,-0.009771705274721503,0.9295080119895618,0.8639851443527874,-2.977877594512335,2.993630024700707,5.971507619213042,0.03387573929183455,-0.03901650423617831,0.9295593744225076,9179,19188.983627188263,-0.022905301430422756,0.9339562112034033,0.8722742044454161,-2.997030644268103,2.9980036887281516,5.995034332996255,0.036003322591225455,0.1448683767271315,0.9342370455505576,5263,11704.641848310212,-0.0011759867299870953,0.9529426911341164,0.9080997725859321,-2.998297744329993,2.9921978814662484,5.990495625796242,-0.0017090829826465037,-0.04221945838978991,0.9529434167518663,8419,18239.991851049766,-0.011249168239849495,0.9382694044478543,0.8803494753229312,-2.9887322329494124,2.9930520304862003,5.981784263435612,-0.02120085520753066,0.05719479079743861,0.9383368367004568,6713,14697.102862036321,0.003139370247068974,0.9351973437884608,0.8745940718289924,-2.9983607898100897,2.9940501680199416,5.992410957830032,-0.06222499640550236,-0.016850927062337373,0.9352026130601543,8494,18346.919324812974,0.00043949864929205846,0.9353482751882438,0.8748763958976228,-2.9995943492679866,2.994797054897617,5.9943914041656035,0.002936275391111219,0.1704002997464631,0.9353483784433934,4919,10952.413762429525,-0.04422555324083496,0.7755245216240205,0.6014382836401658,-2.9934636590960473,2.9972433098939666,5.990706968990014,-0.14634580462589833,1.5746580854108343,0.7767845152934137,7713,11623.919020958661,-0.06682772874186675,0.741680691198002,0.5500902476959459,-2.99566446145593,2.999354453507123,5.995018914963053,-0.30228067151338484,3.576085056589262,0.7446852979781073,4120,4772.958471596213,-0.007911592403492287,0.8324631694361612,0.6929949284676987,-2.9678747971298223,2.9997899369050725,5.967664734034894,0.1177406397589012,0.5589792930570932,0.8325007638207053,4579,8814.941525614302,-0.029872675177300873,0.8807128133662462,0.7756550596274884,-2.9992657278155037,2.9970519142635,5.996317642079004,0.027776313564021875,0.5616679254843211,0.8812192895924016,4179,8249.758204396212,-0.004410933261429863,0.8907284428293564,0.79339715886521,-2.9986404057720453,2.9825677552276586,5.981208160999704,0.02316668706696942,-0.2039885118806226,0.8907393643470838,12359,23602.767970995308,0.001535905208447198,0.7367159305718065,0.5427503623582828,-2.9968470266979694,2.9989802352408788,5.995827261938848,0.07100052304401708,0.6435748078371142,0.7367175315974855,6165,10439.350908604058,-0.04249334307940342,0.8315952198314965,0.6915506096465951,-2.999548517502684,2.998010083314335,5.997558600817019,-0.04269269121447097,0.823095227537066,0.8326801870181967,9271,15499.261440769511,-0.007276705567190905,0.8304944376926492,0.6897210110384296,-2.92925527672477,2.9949672435474053,5.924222520272176,0.08914182696471837,0.1839783104619115,0.8305263159481109,11886,20397.092192322758,-0.003773505877838829,0.9351869415211942,0.8745746155917654,-2.9929827865772767,2.9919533480906617,5.984936134667938,0.04881655996290577,0.04239819476877482,0.9351945545919178,4061,8977.593762009754,Control_part2,v299.mat
-0.008190988475194363,0.8452551674858624,0.7144562981615532,-2.9723146173038884,2.9986250071333815,5.970939624437269,-0.010398172062144086,0.5753693643059727,0.8452948541507597,7981,14640.953978150068,-0.010134584145956665,0.8737845538682225,0.7634994465786886,-2.9892778765961543,2.9997172327407142,5.9889951093368685,-0.004841020483764657,0.252751670547561,0.8738433248440479,8315,16517.97507292489,-0.005228240205114946,0.8537523334628442,0.7288930468932515,-2.9830032148262227,2.9971480580500383,5.980151272876261,-0.026180667034889957,0.6574360138785789,0.8537683417584033,5819,10863.841045801444,-0.015322834727370092,0.7824202448803487,0.6121814395986248,-2.9992132628581465,2.996859491370417,5.996072754228564,0.012995620672080445,1.0864253620772413,0.7825702708784095,7501,12539.836418815523,0.005735999177908255,0.8905959255133428,0.7931611025409675,-2.993179408521865,2.9997323965926994,5.992911805114565,-0.024739608658319288,0.08988732125601606,0.8906143970470815,9323,18568.142396035782,-0.010731655542471972,0.7487154519493044,0.5605748279876512,-2.9994536214974943,2.977865135509535,5.97731875700703,-0.07441116338812721,0.9734355488671764,0.748792358680518,5810,9510.680221489827,0.003935000913361041,0.8319957626231267,0.6922169490228381,-2.979409141685044,2.972151633257593,5.951560774942637,-0.06929006429695404,0.2664647460888472,0.8320050680464791,8065,15097.64477783334,0.0208487333096026,0.8053493602979254,0.6485875921322777,-2.999750720836916,2.9924030692255763,5.992153790062492,0.027504799279500107,1.5861704581069045,0.8056191791491142,11163,15946.177160687608,0.0014648647174227078,0.8497432200062692,0.7220635399466229,-2.9906073992739004,2.9639721189143744,5.954579518188275,0.03401879319276723,0.29637665307131433,0.8497444826389067,3497,7285.533583309911,-0.005743673124506497,0.8978410171469156,0.806118492071408,-2.9935566460718603,2.9991094383956742,5.992666084467535,0.008279192645896678,0.003142088654652486,0.8978593886864296,8293,17429.485196694437,-0.006355313896537745,0.8615933500054427,0.7423431007736013,-2.9994789392033967,2.998088603688164,5.997567542891561,0.03207591837471024,0.34351198430463104,0.8616167888268688,9375,17802.016823876147,-0.022444978328978193,0.7801553181774924,0.6086423204806244,-2.9973443668820345,2.9964026623252416,5.993747029207276,-0.029312652345289566,1.168055558419348,0.7804781211109076,7512,12308.412504778897,-0.012277334090644656,0.6545039989615044,0.4283754846566009,-2.9951644265495228,2.9998418842644123,5.995006310813935,-0.010247679081730769,3.423082669796959,0.6546191393390314,8513,9419.091636806696,0.02789508116997596,0.7645794266972211,0.5845816997286514,-2.9879730186083413,2.998801902038448,5.9867749206467895,0.18026922612697707,2.903621762789143,0.7650881225598336,6674,7782.62919121187,0.002875915716154708,0.8181881200414698,0.6694317997769946,-2.9906930632503377,2.9835563416891544,5.974249404939492,0.008287029349679075,0.35820593500803,0.8181931744204428,8923,16393.293430237944,-0.0042340818199336945,0.8379450586657842,0.7021519213424046,-2.986467693240357,2.9883623676807094,5.974830060921066,-0.021692954219170394,0.1138591358789629,0.8379557558673743,10108,18877.54102887592,0.0029336855414531897,0.9072687446780702,0.8231365750697213,-2.9989111337771472,2.994951125115596,5.993862258892744,-0.014502001199841467,0.09577657353378255,0.9072734877535976,7513,15707.494644144665,-0.007275351611184715,0.8606507371963715,0.7407196914366577,-2.988595656871943,2.996603740162335,5.985199397034278,0.003212040955214189,0.3375988462318569,0.8606814870657578,5591,11170.2611449854,0.004363598769145545,0.876663419093329,0.7685387503764058,-2.955413187880722,2.9962479870381276,5.95166117491885,-0.0015726920238130575,0.18606672365282684,0.8766742789489287,7121,14520.827203263378,Control_part2,v309.mat
0.0010410895150366646,0.8162843151460715,0.666320083153491,-2.997888062891193,2.997461761112331,5.995349824003524,0.12612358470401105,1.2566859724577562,0.8162849790489037,1632,2975.9986541613334,-0.0069665095483040064,0.80878761065182,0.65413739914388,-2.9971564969901365,2.9923253572201967,5.989481854210333,0.07198500815606727,1.1096811202359973,0.808817613185548,2344,4242.702938866244,0.00515225398788902,0.8199080599503278,0.6722492267715102,-2.989934246594129,2.991759309391548,5.981693555985677,0.12487640501461532,1.1322919485368024,0.8199242480209168,1540,2844.1968993006785,0.003654013144863402,0.8466887560944174,0.7168818496967119,-2.9989580712746773,2.991764910754511,5.9907229820291885,0.11993862031333567,0.5741045728834866,0.846696640780377,1821,3798.2747188823323,0.005573699638557246,0.8362153452791327,0.699256103680299,-2.9938027307236954,2.991519373626075,5.98532210434977,0.09226761920740967,0.9079231643034209,0.8362339205078683,1642,3194.8943865588662,-0.0017101806651323645,0.8346148686904403,0.6965819790391609,-2.9772383896642878,2.993016199970391,5.970254589634679,0.07343413472313733,0.6694327081536602,0.8346166208248361,2226,4172.343905567234,0.0038099655375395964,0.8323109041166752,0.6927414411115173,-2.9911863085354105,2.9766786091265427,5.967864917661953,0.08905819071968187,0.7560306439216959,0.8323196242723793,1986,3740.1018679652852,0.013848215260891418,0.8905199089676842,0.7930257082678125,-2.9947268352181813,2.9970319508105994,5.991758786028781,0.10822296845513964,0.5306998745894513,0.8906275772362567,2431,5021.53642743889,0.003050326253306406,0.8272095496074731,0.6842756389617984,-2.990147045198637,2.9994311875856634,5.9895782327843,0.06822223787560064,0.8658933052995521,0.8272151736108629,2022,3721.795437788337,0.014014053785706927,0.8809364368007335,0.7760490056831727,-2.9971231055385528,2.9918872235952922,5.989010329133845,0.09093896989196858,0.4964409769566478,0.8810478984633476,2891,5914.6225651426475,0.0032775360981158403,0.8069027588475561,0.6510920622357973,-2.9770705529898014,2.9991993013291687,5.97626985431897,0.13441997738116968,1.2443477921188535,0.8069094152869155,1702,3072.6349285248975,0.0009229932503097174,0.8017819275033004,0.6428542592709077,-2.998901073769406,2.9934832639059388,5.992384337675345,0.06365574199077195,1.2769449410192273,0.8017824587676183,2226,3752.8676062907307,0.003195801332213988,0.8118067226084491,0.6590301548722715,-2.9926828244178054,2.9949188511784426,5.987601675596248,0.09079738335286945,1.039509407287472,0.8118130129644551,1574,2881.748619283965,0.0015945016778570612,0.8166499911513867,0.6669172080475599,-2.995474341307803,2.9992434524367306,5.994717793744534,0.0837308119119316,0.9226877041714334,0.8166515477749128,3414,6060.660688034366,0.003750543830953636,0.8148497868439943,0.6639801751197031,-2.99846577610412,2.9939813254899263,5.992447101594046,0.13293404013346763,1.0872731956103792,0.8148584181922225,1962,3538.7072411316713,0.0026936961621599883,0.7927046361510527,0.6283806401753729,-2.983332007668802,2.982863970492273,5.966195978161075,0.05870116359702203,1.0927889162527746,0.7927092128734136,3046,5402.553480415862,0.004161826354171888,0.8135233965414506,0.6618203167203383,-2.990612399384949,2.998380069904402,5.988992469289351,0.12972395463161882,1.2315722045659818,0.8135340420160305,1696,3051.246456414103,0.00609143512309726,0.8847211538066941,0.7827315199930481,-2.97363421052107,2.990601575509932,5.9642357860310025,0.11617457096922464,0.3908092757469235,0.8847421237710494,2283,4631.185476850678,0.009598626053746192,0.8099179849926186,0.6559671424145035,-2.9953616880073786,2.995773045081491,5.991134733088869,0.1471106641437077,0.9659760738451952,0.8099748613609087,1910,3609.036155697381,Control_part2,v143.mat
0.010393306311597003,0.9087146126312263,0.8257622472095197,-2.985477826629979,2.992609296794441,5.9780871234244195,-0.0009463014642705425,0.19116500546244808,0.9087740467385753,3871,8364.606405583974,0.0027380589018015113,0.916409577007772,0.8398065128315637,-2.999637210322658,2.990119187094991,5.989756397417649,-0.013728098131392225,0.10291026422662775,0.916413667400325,5584,11549.556408668359,0.008460695134165775,0.9091808268361888,0.826609775886536,-2.9835639978227753,2.996465932840051,5.980029930662827,-0.04761871556020202,0.13160560975977953,0.9092201929393613,3339,7305.934139087214,0.00624787383155642,0.9123109363348102,0.8323112445560982,-2.992901445960871,2.9784503134724147,5.971351759433286,0.00256218846728575,0.042984996780323304,0.9123323300659213,5861,12094.93439855495,0.004312518684484174,0.9192291397909393,0.8449822114407903,-2.9204177134994453,2.9941625807984797,5.9145802942979255,0.02674996079374893,0.02333953931958721,0.9192392557208349,3143,7015.223853412233,-0.001948780095773159,0.8791951636464678,0.7729841357793393,-2.9917145283476567,2.9879879045503976,5.979702432898055,-0.010138901356677391,0.3053747220994598,0.8791973234281375,5565,10783.049569834619,0.010582801115125705,0.8953734284912214,0.8016935764481243,-2.975071913700898,2.9996021796922063,5.974674093393104,-0.06846969590168361,0.24206522238149208,0.8954359676311683,2702,5684.53106039263,0.005829257087108014,0.8911668978221337,0.7941784397739251,-2.989335026286598,2.9794158417521444,5.968750868038742,-0.04944687723876361,0.11849636626040638,0.8911859626431021,6017,12114.787663432158,0.006846927731961517,0.936795126694089,0.8775851093977944,-2.9980833060889434,2.9836700812155943,5.981753387304538,-0.06710318619246038,0.057063884326647774,0.9368201480632028,4093,9163.478414986545,0.00044784357594393194,0.9302771616481531,0.865415597484144,-2.9997014363780967,2.9961768189739897,5.995878255352086,-0.016489956245233636,0.005681874255848207,0.9302772694460574,4174,9324.625434488955,0.005209925936442459,0.9396802935470282,0.8829990540806291,-2.994823407487155,2.987597595504944,5.9824210029920994,-0.10311325859585815,0.09957109184855994,0.9396947362888078,2878,6476.94980169962,0.015213426370565391,0.9084878783297686,0.8253502250721244,-2.9849163603747004,2.9627346140976734,5.947650974472374,-0.08754950308850327,0.2235805852107018,0.9086152504850759,5565,11272.86006083389,-0.013598405261463272,0.7648110028565194,0.5849358700903949,-2.9961060962478747,2.995551470881846,5.991657567129721,-0.06411550375823076,1.2908005206642157,0.7649318837099484,2568,4144.149216276426,-0.0020896502222079783,0.8104698380952499,0.6568613584621404,-2.980912728258987,2.9965593288865495,5.977472057145537,-0.013012681945184311,0.6534103408447591,0.8104725319837753,6802,11417.727102474344,0.016087779112152735,0.9084085271710408,0.8252060522370596,-2.991433574256479,2.966329162089396,5.957762736345876,-0.08037254558966665,0.10266445801009949,0.9085509720834716,2787,6239.4641494251,0.006713914640905156,0.8995476025584406,0.8091858892686382,-2.9792254040779595,2.991167357501849,5.9703927615798085,-0.059910556684226006,0.05109762835454967,0.8995726573870749,6118,12411.59589876099,0.008030804433792654,0.9366260009348774,0.8772682656272609,-2.9803444290221366,2.999395246708312,5.979739675730448,0.016001907664091767,-0.031822767169882304,0.9366604291028391,5515,11992.800536151415,0.003926437965531107,0.933628083441098,0.871661398189898,-2.994704792110183,2.994042616528543,5.9887474086387265,0.005550819101958531,-0.09443907676651131,0.9336363398588312,6435,13600.217597656689,0.006620325665473965,0.9274649107137476,0.8601911606052598,-2.989089025892089,2.9951152027100574,5.984204228602146,-0.02906936906157647,0.11659432821236138,0.9274885386446438,2685,5961.946816633374,Control_part2,v121.mat
-0.005846304912111348,0.9238497771857358,0.8534984108061336,-2.9951287488263536,2.9831423999540982,5.978271148780452,-0.006298186692951262,0.32159774472427083,0.9238682752899674,1790,3950.142381355569,-0.006185923623298908,0.8539390763690747,0.7292119461500685,-2.9914680586395925,2.9791880880791437,5.970656146718737,0.04092419642789423,0.5635486459149854,0.8539614814505053,2106,4097.522738853591,0.001446117474709938,0.9389033446803152,0.8815394906518829,-2.9942516027595563,2.9993384907917298,5.993590093551286,0.03445784795810076,0.06237561318898743,0.9389044583490024,1435,3335.844516669154,0.008003312886327902,0.9000441092945897,0.8100793986758912,-2.9518861618158403,2.9975565647645204,5.949442726580361,0.08433282267671442,0.16978712565884457,0.9000796918568088,1475,3118.601833050483,0.003558303906929631,0.9453502100580554,0.8936870196568094,-2.9883313069540685,2.9846060627620865,5.9729373697161545,0.017141668778317114,-0.00880877805213176,0.945356906773047,1579,3719.5458997894675,0.0022503466184882553,0.9370952847906069,0.8781475727767887,-2.981775790264456,2.9839861663720333,5.96576195663649,0.06803870217883175,0.07345440023674854,0.9370979867851024,1527,3478.088479990877,0.0016570906647632357,0.9208786985146414,0.8480175773780199,-2.9942703556775476,2.9901253389632374,5.984395694640785,-0.07256740506038822,0.23934162697020955,0.9208801894532703,1399,3089.0306711937983,0.01039718980530479,0.9453594210735954,0.8937044350126033,-2.996852468145617,2.985072006759327,5.981924474904944,-0.02641375638973059,0.15180892627578269,0.9454165941892764,1333,3101.3370489609406,0.0031953653975882504,0.9269850963775951,0.8593013689061791,-2.994253605055758,2.9986174092228923,5.99287101427865,-0.07888787450604018,0.194993492053543,0.9269906036558319,1328,3080.0447738349385,0.010211418917052672,0.9373810127209601,0.8786831630097728,-2.993371955207424,2.993049961086321,5.986421916293745,-0.012201315063111652,0.13705885757357184,0.9374366304375311,1673,3690.0859671901185,-0.003171544329597826,0.9206886329302677,0.8476675588070052,-2.9957029213279096,2.992096213325548,5.987799134653457,-0.019499500939617977,0.3373624952847907,0.9206940955064499,1956,4224.998051194825,0.0026046040286857317,0.8413693372156834,0.7079023616067585,-2.996964587020647,2.9861255702588654,5.983090157279513,0.08914312366134443,0.49964673745912336,0.8413733687067263,2043,3990.496946301907,-0.010612909616290868,0.8006954710958263,0.6411132374333671,-2.98852091431771,2.990469552780371,5.978990467098081,0.0043470148696380505,2.0253517156858027,0.8007658030185173,1327,2098.2129173531825,0.0059172936815423205,0.9239424398585033,0.853669632171684,-2.995587612475386,2.993754361178507,5.989341973653893,0.12255099962264664,0.2614842520377567,0.9239613880115325,1887,4218.7216025577045,-0.0010117125447552135,0.9085946271105025,0.8255441964140731,-2.98792128837319,2.995464594098427,5.983385882471617,-0.05269938527828572,0.43989683821421854,0.9085951903770711,2250,4672.302707042929,0.009284783342943654,0.911653471395413,0.8311120519073071,-2.9859472190456255,2.9823433770293972,5.968290596075023,-0.031675256586579714,0.16913448384557084,0.9117007508547048,1923,4065.047114162576,0.0036856806802368805,0.9144725897590976,0.8362601174207108,-2.9936162917257847,2.9999890972169596,5.993605388942744,0.009376804311694943,0.3549927760499285,0.9144800170932045,1920,4114.931580599672,0.005025443379410804,0.950887833419729,0.9041876717456663,-2.992494894861712,2.987415355371156,5.979910250232868,0.08497671332807746,-0.029459257520370485,0.9509011130642482,1417,3342.2083764955696,0.0037982803964999156,0.923697562340148,0.8532171866731315,-2.998537293451485,2.994864701109216,5.993401994560701,-0.0637986198121942,0.2280643230621351,0.9237053716456899,1493,3426.4944286478813,Control_part2,v147.mat
0.0057760917595739755,0.8802416401416527,0.7748253450392668,-2.985356746746119,2.978788108385109,5.964144855131228,0.016675159784271143,0.25917100182333197,0.8802605911179266,5848,10579.685555393085,0.02334543603406875,0.8649423845009625,0.7481253285062109,-2.9975849399854795,2.995681331847573,5.993266271833052,-0.025153662061404375,0.26195797265624643,0.8652573824532397,5882,10430.393289174946,0.006768358120368719,0.8634096170067911,0.7454761667398138,-2.9751452236919373,2.999238891860532,5.9743841155524695,-0.010969155463418265,0.28565057004228667,0.863436145532175,5488,9746.534787402918,0.022796136594432484,0.8909253440971904,0.7937479687546971,-2.972569848772721,2.9928443147533055,5.9654141635260265,-0.035572264439110594,0.16336856353082663,0.8912169391334128,5002,9647.223899363784,0.008004064623600237,0.8642382661164664,0.7469077806199961,-2.998539163004756,2.9632974513260195,5.9618366143307755,-0.02641569470056286,0.2993225109009492,0.8642753297824107,5650,9907.653154834654,0.019734268220748825,0.9108446713354784,0.8296380153002356,-2.993656167763417,2.969694350174759,5.963350517938176,-0.0688203432116758,-0.014672384546024375,0.9110584265800103,6310,12062.447272805242,0.010710111859466317,0.8727801001023123,0.7617451031346024,-2.992998814186151,2.9911239439177604,5.984122758103911,-0.011797611338276934,0.2882420903887746,0.8728458109143016,5548,9921.614264848693,0.029982198008062157,0.8629690567571455,0.7447155929203175,-2.9892393882079635,2.983969353896998,5.973208742104962,-0.08355053358931071,0.4308399333386692,0.8634897365445128,3044,5907.04019989691,0.011096597569334253,0.8815980738827196,0.7772151638737211,-2.991994373144287,2.9990251343132353,5.991019507457523,-0.05809326101400339,0.3920253412651107,0.8816679070666783,4287,7980.110002166031,0.027451473340140288,0.889145461480652,0.7905796516716416,-2.9917385662900546,2.9831466418941206,5.974885208184175,-0.06215450557337588,0.44043163972507804,0.8895691288821718,3631,7147.719836614384,0.001373169124985583,0.8587521692781265,0.737455288239888,-2.999413845553847,2.987685337588375,5.987099183142222,-0.012785435855612233,0.335495416883397,0.8587532671456533,4882,8872.956737072376,0.02260190754836677,0.8849710512693646,0.7831737615848043,-2.9915967643954775,2.9989458304115066,5.990542594806984,-0.041906056904560035,0.23729219887434683,0.8852596273464803,5488,10150.773101327191,0.00781461981465689,0.8601156229432242,0.7397988848310105,-2.9940645362677483,2.9994448812942305,5.993509417561979,-0.025867772388920476,0.38964017907478476,0.8601511222534435,5556,9719.925572827786,0.018629517568908686,0.9011489162328858,0.8120693692277048,-2.994385765879263,2.9681231486793593,5.962508914558622,-0.05758850070807217,0.11917425739407816,0.9013414603537081,6000,11289.413098588617,0.011235790136761284,0.8949082771733963,0.8008608245534563,-2.997739002707762,2.9829676198131603,5.9807066225209224,0.005455970169633913,0.12027778950904588,0.8949788084270228,6009,11129.485853731,0.02992633160141171,0.870117930434901,0.7571052128643152,-2.99871937039347,2.9731274914195347,5.971846861813004,-0.06967486118900078,0.6402325890471752,0.8706324127824743,3231,6168.204319063296,0.006531396560140038,0.8825437820143891,0.7788835271722616,-2.9971618045861663,2.9894157017779444,5.98657750636411,-0.0014517509943297782,0.2295610696431103,0.8825679499694556,5710,10480.842679077448,0.024228496248475947,0.893448959179241,0.7982510426584691,-2.99509624635142,2.9843114819865626,5.979407728337982,-0.04447058628990144,0.2689895615453537,0.8937774122727267,4060,8166.45368648676,0.01087909130000231,0.8939530248640268,0.7991520106635435,-2.995578754834466,2.9858718543103904,5.981450609144856,-0.007767517182056063,0.05409017307129105,0.8940192197548424,6254,11405.20530159622,Control_part2,v118.mat
0.007129642296838545,0.8861721731447668,0.7853011204561186,-2.997985066547148,2.996835641391735,5.994820707938883,0.0258927025922318,0.8255262975621696,0.886200853224256,2863,5522.46616633561,-0.013453615408217191,0.9451966340063459,0.8933966769369261,-2.9760063909720404,2.9860510786259136,5.962057469597954,0.026622769558982403,0.11428788980323246,0.9452923763071817,4301,9798.190449408221,0.007133076449572192,0.854338489595974,0.7298942548051301,-2.99958960521955,2.9922495505270814,5.991839155746631,0.012585476934229395,1.1356041928686524,0.8543682669579702,1549,2904.6395447001996,-0.007132895383436261,0.9483111308366357,0.8992940008686587,-2.996581948275273,2.996807294792965,5.993389243068238,0.05810135480642016,0.17120084799619617,0.9483379561449652,2400,5466.144774171771,0.004291576244729787,0.8443470189750167,0.7129218884519972,-2.989642099841899,2.999330612914846,5.988972712756745,-0.05410678026845146,1.2274984776421052,0.8443579253365611,1653,3060.0335721279534,-0.002775492715856982,0.7286038276287156,0.530863537635215,-2.983175061430088,2.987905315884882,5.971080377314969,0.06626831965923534,0.6902142530203075,0.7286091139939376,2307,3960.251010582716,0.014543014004033825,0.8482982193323307,0.7196098689224031,-2.9956254560787015,2.9996373545972386,5.99526281067594,0.07731054804681711,1.3674554736231856,0.8484228710841809,1916,3292.8786808758305,0.0013890056738078028,0.93279673185244,0.870109742954593,-2.998316593777965,2.9867209436419095,5.985037537419874,0.05315583372948597,0.0675053033187929,0.9327977660197063,2100,4824.922213130499,0.007614464393933038,0.881971277925735,0.7778733350859542,-2.9890722154444367,2.9917467560642317,5.980818971508668,0.04353155414838107,0.8092091451895467,0.8820041469029274,2790,5357.095928430963,-0.00029653344386366135,0.9561630945961794,0.9142478634677423,-2.998659769851975,2.969745834423554,5.968405604275529,0.012642529565768947,0.08389467286739993,0.9561631405779172,3942,9109.397443792233,0.01121869723242614,0.8696171501562027,0.7562339878457955,-2.9968154471669797,2.9994231572913397,5.99623860445832,0.014852573948704968,1.0324249956981726,0.8696895118451116,2111,3934.7589240317834,-0.005357258977432237,0.9458498657051563,0.8946319684544622,-2.9998389256147457,2.9958473001624335,5.995686225777179,0.033982998037686854,0.16381446719024462,0.9458650372427418,3041,6949.752836692167,0.011457478544559769,0.7963857480431435,0.6342302596862373,-2.998225604164539,2.9858905885501064,5.984116192714645,0.06391393985162586,1.9294915642827384,0.7964681622644036,1578,2567.258444132741,0.011575036453433964,0.8828179185632117,0.7793674773362815,-2.995981217453655,2.951351358374531,5.947332575828186,0.01652920044452791,0.43035938837604926,0.8828937981462889,3357,7061.777305741537,0.01367141650902535,0.8413188519233875,0.7078174106016869,-2.985410108876576,2.985950902541566,5.971361011418142,0.08250752526425126,1.2019993570606866,0.8414299247299505,2388,4149.987715734878,0.013202519112036504,0.9114128736928943,0.8306734263331396,-2.9907495710573313,2.99670657482893,5.987456145886261,0.02973844080009481,0.33523064272024383,0.9115084930180537,3119,6743.232431072877,0.009477186124979607,0.8788729411572106,0.7724176466983258,-2.990223184121233,2.984530680229154,5.974753864350387,0.037498838266856134,0.8714522681516321,0.8789240375340598,2031,3987.2488526689867,-0.004259482908355789,0.7934555757879483,0.6295717507489846,-2.995221706696898,2.9817942663613755,5.977015973058274,-0.00871840020224636,0.2798195483725028,0.7934670087304394,2642,5220.0731640571885,0.0016129937426489574,0.87091125416948,0.7584864126390566,-2.9955027091808017,2.9974203348226087,5.99292304400341,0.011052759766868874,0.7969658265483943,0.8709127478616158,1668,3230.5613564054875,Control_part2,v131.mat
-0.05688151614107933,0.7473792247996185,0.5585757056620786,-2.9887413968598624,2.9977277028707205,5.9864690997305825,-0.05746730237083277,1.416167009681872,0.7495406677029516,3644,6034.536900347124,-0.04685041663315163,0.77590705851842,0.6020317634587069,-2.982844488690552,2.9983794485660944,5.9812239372566465,-0.0779044378482588,0.7879174219463518,0.7773202203708629,10713,16740.683164411817,-0.026359543275555425,0.8827698392968277,0.779282589172147,-2.992135696363874,2.9980057825493756,5.99014147891325,0.016422524516001874,0.24302998576387314,0.8831633001284886,4342,8997.368510847897,-0.02697020003872919,0.8577489658626444,0.7357332884384359,-2.9934740393704873,2.99143194524045,5.984905984610937,0.033630539614353985,0.2615576733634972,0.8581728731022468,6251,12519.455288513705,-0.015940207853953954,0.8545749263860299,0.7302983048076885,-2.993143803365985,2.9953046157149985,5.988448419080983,0.04627936410664992,0.2784232747625155,0.8547235781433175,4295,9025.076848729866,-0.008413444211817675,0.961372896209678,0.9242378455665843,-2.991674122166189,2.9479225174453183,5.939596639611507,0.0423817917831699,-0.07205073941473872,0.9614097105865375,4035,9489.872254747661,-0.002541296521813877,0.9671238908942346,0.9353286203384034,-2.9952558856451605,2.961021855551501,5.956277741196661,0.02694756221993158,-0.18748950201930592,0.9671272297512955,10096,21861.203000805053,0.00019504195961023957,0.9747228311654402,0.9500845975951713,-2.997206568099689,2.9792375209690705,5.976444089068759,0.03741009388959247,-0.08114186695955272,0.9747228506793801,4833,11515.148198183877,0.0009129308535789458,0.7931297221064316,0.6290547560886255,-2.9933376608964495,2.9938211645461457,5.987158825442595,0.08436723422196887,0.6683580183081839,0.7931302475201466,9796,15704.173887038869,-0.0023596146591664193,0.983699026022895,0.9676637737983923,-2.9776027730908976,2.9791830077804837,5.956785780871382,0.006583614265683081,-0.2926663081997698,0.983701856041622,11474,24796.761333738723,-0.023149311113480533,0.8926236855776771,0.7967770440542759,-2.9979328273853914,2.9814064971663394,5.979339324551731,0.055353972228024594,0.1015753424355994,0.8929238123486821,10078,19539.418504999616,-0.03969424550116518,0.7506330053795918,0.5634499087651983,-2.9980102603963523,2.99895238022499,5.9969626406213425,-0.10186529508606482,1.3186896178031704,0.7516818089398632,6734,10589.438308220306,-0.009840894144025709,0.9367343610166382,0.8774712631092495,-2.9883592403213206,2.9961839931155994,5.98454323343692,0.0423196485460907,0.025723703247815255,0.9367860515116584,7739,16500.499459686525,-0.011730362296945228,0.9379946669517457,0.8798339952299163,-2.9886219759102657,2.9800191916670586,5.968641167577324,0.03941610512536507,-0.5298627538801939,0.9380680127951992,15408,29426.278230759377,-0.004547437940332869,0.9753787830861169,0.9513637704945543,-2.9787017847193353,2.992120340301349,5.9708221250206845,0.014844990513659534,-0.1643095257366909,0.975389383623984,9116,20426.31116680653,0.008138386659146322,0.946648012689365,0.8961424599287242,-2.992260369183575,2.994423311078262,5.986683680261837,0.034786650396379334,-0.4133111515047072,0.9466829951288541,13224,26796.144340527833,-0.019793978146309385,0.9237319278811063,0.8532806745869453,-2.992749938182778,2.992804585659347,5.985554523842125,-0.004924135142136889,-0.10447136721013628,0.9239439789066228,11540,23008.731801954942,-0.0037616518954885977,0.9678799071114305,0.9367915145900313,-2.9868975248456593,2.997956260569484,5.984853785415144,0.04071987670037512,-0.05531621804194797,0.9678872168879048,3539,8380.837780048043,-0.0023489062693116806,0.9763346253504736,0.9532293006582496,-2.99545062851694,2.9845574300697963,5.980008058586737,0.040614879684998474,-0.05450955890332754,0.9763374508943675,7052,16014.422596610719,Control_part2,v305.mat
0.0035855966102571416,0.8914108835287335,0.7946133632734774,-2.9996322876898147,2.991840038519942,5.991472326209757,0.008928948942899573,0.36518816260301756,0.8914180948222494,3359,7090.572357281078,0.006738318659724993,0.8979888095334106,0.8063839020472321,-2.9979499606714297,2.9874078190778803,5.98535777974931,0.028711131620219946,0.17206361609461762,0.898014090638667,2996,6430.722889141568,0.008843368822128625,0.9104867242455561,0.8289860750274033,-2.991080044588212,2.998297917568023,5.989377962156235,-0.021134103028386777,0.2817247300307062,0.9105296701368537,2207,4739.658750288221,0.011996183414918081,0.9318467842348277,0.8683384292887896,-2.997006860336313,2.9793081954859,5.976315055822213,-0.010099100595751477,-0.015677179616822023,0.9319239978159776,2232,5144.426729947104,0.006545304516488102,0.9210260219161021,0.8482889330466,-2.994278650940713,2.9845883621873535,5.978867013128067,0.017826478250977974,0.1623705819742507,0.9210492788433275,2347,5321.049436147665,0.011496137150821715,0.9338772508771369,0.8721267197058389,-2.9914407936645198,2.992809552197161,5.984250345861681,-0.013794825379274147,0.16293308863117506,0.9339480075867336,2132,4829.165672257436,0.01525585223550506,0.9042384390588734,0.8176471546716279,-2.99709406523103,2.9988990156886266,5.995993080919657,0.0613831530059524,0.3139600568493739,0.9043671244019541,2501,5331.486855455408,0.012922948665655172,0.8924092588895002,0.7963942853517069,-2.991735690124666,2.9783741291284462,5.970109819253112,-0.04946197092407199,0.2041437742190726,0.8925028223786869,2006,4282.528377492933,0.006873850628620531,0.9403773207927077,0.8843095054612712,-2.974112413069388,2.99982514566581,5.973937558735198,0.03586838319093394,0.09204131106459768,0.9404024432570003,2505,5738.646885911496,0.004390087359072752,0.9522982404398015,0.906871938744742,-2.9739735375214345,2.9986626151736737,5.972636152695108,0.05465254736674634,0.027520012792483062,0.9523083595200466,2518,5764.053911009196,0.0005748471281105296,0.8641317516176396,0.7467236841537699,-2.944871180940686,2.992182671150552,5.937053852091238,0.008741471056007803,0.48090784916991325,0.8641319428206496,2948,5924.4779739631085,-0.006790538725960089,0.766228730280021,0.5871064671065331,-2.9946982001123525,2.9999257275087103,5.994623927621063,0.0700234409883884,1.8370907642708119,0.7662588195399266,2142,3518.7353696494647,0.0034407159882509594,0.8591106850659208,0.7380711691944358,-2.997515851639309,2.9950212195011745,5.992537071140483,0.03237268083331179,0.5943006300237723,0.8591175750273926,2262,4443.581787443343,0.012500282152995906,0.7274731451904589,0.5292171769732985,-2.9925238076605276,2.9998625952442706,5.992386402904798,0.19510090592881113,2.585215152650556,0.7275805343927247,2172,3208.009062224361,0.016491425220563155,0.8663778030531453,0.7506104976231945,-2.9998359885227663,2.9845952448389395,5.984431233361706,0.05671787034103205,0.4304233497565355,0.8665347452520297,2459,5131.0040353525055,0.003264135118597155,0.9300301572269375,0.8649560933515621,-2.9829167939521857,2.986371018763192,5.969287812715377,-0.08482008214212246,0.11464913343273508,0.9300358852913336,3523,7865.600324871535,0.012239847318475518,0.8381905113254831,0.7025633332760748,-2.987034356893435,2.9975840286998654,5.984618385593301,0.004637786431660425,0.6702688832613504,0.8382798739910523,2713,5195.042942168009,0.006719557489356019,0.9346658204665099,0.8736001959483342,-2.9916094136089475,2.982621425542877,5.974230839151824,0.01378053833112878,0.1060579922555962,0.9346899744841531,2267,5055.931888919662,0.013104271813191109,0.936596793060543,0.8772135527712936,-2.9725374749763778,2.999793025208454,5.972330500184832,-0.005437060586181147,0.08016742149811051,0.9366884619290704,1983,4617.069273120926,Control_part2,v125.mat
-0.016514940188141085,0.8261317949965221,0.6824937427041757,-2.999485301195512,2.994655153449953,5.994140454645465,-0.03381415668861269,0.3560978705740725,0.8262968509885497,7539,13152.260666744407,-0.009614851362149058,0.9535802920895722,0.9093153734616337,-2.983701288297884,2.9993394056548457,5.98304069395273,0.03286327723341943,-0.1889774942177822,0.9536287636330764,8543,17830.84320050697,-0.011691677154724607,0.8367914804643484,0.7002199817777158,-2.9973036686181063,2.990276859384842,5.987580528002948,0.02055106825745691,0.3033204379639516,0.8368731547208371,6533,11851.361540439695,-0.0040650140393895685,0.9847646724817934,0.9697614601681739,-2.98800422812786,2.98600057963283,5.974004807760689,0.05943631162295478,-0.20550848377174624,0.984773062439928,7125,16100.945443885976,-0.011237902048509305,0.8704155068940734,0.7576231546416669,-2.9985581830880372,2.99608407119797,5.994642254286007,0.022925035972154797,0.1269209457298639,0.8704880499375731,5675,11208.115792186602,-0.0014492262034495377,0.9897554210698055,0.979615793537068,-2.9954881934711515,2.9949203624041325,5.990408555875284,0.04673175752343594,-0.22498120199780836,0.9897564820670065,6753,15497.959422930195,-0.012874647468399572,0.862038543983782,0.7431104513136788,-2.991807296985394,2.9627334414580258,5.95454073844342,-0.03091838161631791,0.038493441643895565,0.8621346808133369,7215,13877.130791079058,0.0007821136182976931,0.994315894255058,0.9886640975682355,-2.9942864305194568,2.976298787593913,5.97058521811337,0.024455960728696904,-0.26199376794151963,0.9943162018542931,7703,17284.20048901775,-0.012695758868174322,0.8303530998360549,0.6894862704073453,-2.991036921725023,2.987586647779997,5.97862356950502,-0.01555881166328795,0.31848155155392854,0.8304501506415567,3597,7129.515705300491,3.42370672880376e-05,0.9947736266899263,0.9895745683578288,-2.98708145606923,2.9792877756030176,5.966369231672248,0.01899729189520174,-0.3430854578963678,0.9947736272790939,8613,18980.543031259025,-0.019775954893360523,0.678854460377745,0.4608433783747594,-2.9998179583554614,2.98410775200765,5.983925710363112,-0.08159206178374885,1.911510103078264,0.6791424495396409,8037,10160.844503281738,-0.003124047340358511,0.9628543633900594,0.9270885250992765,-2.996315564551986,2.986037237426861,5.982352801978847,-0.003835500371685582,-0.16531399093892674,0.9628594314701712,7741,16685.68526129712,-0.0161491682714292,0.7731672592602254,0.5977876107919686,-2.9911821248399617,2.981772877888848,5.97295500272881,0.01036913015158566,0.8422245810381539,0.773335894956278,5102,8619.004554514195,-0.0018330291408223736,0.987426059032037,0.9750102220555398,-2.999968588509231,2.981215556643033,5.981184145152264,0.03360878726566403,-0.336619259717045,0.9874277604216781,8879,19398.580413886964,-0.01364535714945219,0.7739912642872099,0.5990624771929135,-2.9995416658147853,2.937673513549189,5.9372151793639745,-0.022803248632050584,0.4122259893522928,0.7741115378061805,8057,13104.020653095002,0.0009475501880060992,0.9737763447422912,0.9482403695796577,-2.9930333513104515,2.989503978602661,5.982537329913113,0.0275153450862459,-0.2328313528131889,0.9737768057573647,8493,17964.936919131756,-0.012771609129486656,0.8794217524980915,0.7733826187668146,-2.991676568802147,2.996244406380096,5.987920975182243,0.019904272719822813,0.10502699805565907,0.8795144869566226,4661,9607.589748418699,-0.0027337682450867934,0.9867026473509892,0.9735821142894505,-2.9930033675574275,2.9733812398482367,5.966384607405664,0.032684034840195185,-0.19765078508402256,0.9867064344465726,5771,13579.99374967398,-0.011308497088526704,0.8612336723243884,0.741723438345352,-2.9867586250010554,2.9764343647915066,5.963192989792562,0.027710397020283384,0.19966679293386802,0.8613079126838167,4725,9520.152015700516,Control_part2,v308.mat
0.005518241214902233,0.9837236073315542,0.9677121356214058,-2.996963665419815,2.986634136023528,5.983597801443343,0.006101729087306893,-0.4241170409819208,0.9837390846192458,8900,18330.584748235742,0.0074066257940890124,0.9607161443382203,0.9229755099920961,-2.994534184513202,2.9897891286948295,5.984323313208032,0.0105016911489881,-0.08170631487518687,0.9607446945457206,7056,14484.440902764829,0.009087267749188622,0.9780197393118507,0.9565226104836205,-2.998936181224977,2.9464559730213393,5.945392154246316,0.0038575517909993193,-0.5980967478310721,0.9780619555625124,9754,19676.19922607562,0.0094219160934031,0.9718378612415692,0.9444688285425875,-2.9927376208417975,2.9677404933568963,5.960478114198693,0.0019537289001222394,-0.4061740295759044,0.9718835326547407,8486,17578.792074880585,0.007512448958975272,0.9816876005483659,0.963710545070408,-2.994053168038482,2.983565757379977,5.977618925418459,-0.008833136380516105,-0.6089297840962296,0.9817163449590565,9804,19833.292598572203,0.007512019726176332,0.9658563174453719,0.9328784259491352,-2.9831058167728792,2.961432677824702,5.944538494597581,-0.0032322135050332056,-0.4841794235842287,0.9658855296511598,9374,18699.722465260624,0.0060147601840048505,0.9800459055642099,0.9604899770131723,-2.985164206654459,2.96701759378919,5.952181800443649,-0.0202700417045773,-0.49630451376265405,0.9800643623524138,9410,19058.308879583383,0.008154273735174746,0.9587351418523867,0.919173072222716,-2.9933058668398496,2.987034611002982,5.980340477842832,-0.006322616708849132,-0.27939068192985994,0.9587698182582012,8522,17069.221891495876,0.006492156707495395,0.954851009784284,0.9117404508860669,-2.9998771934507444,2.997051275796148,5.9969284692468925,-0.004379430771554823,-0.17245302169723553,0.9548730800398457,7790,15788.314466631058,0.00782474536955655,0.9535658646600039,0.9092878582447809,-2.9965019000568036,2.994609617186079,5.991111517242883,0.018501126227604726,-0.0856340570382117,0.9535979681631455,7340,14934.074601279191,0.0049301594042364255,0.9755453445237002,0.9516887192218649,-2.9921042155373594,2.9857086194516147,5.977812834988974,0.005155287031610897,-0.5010415016307288,0.9755578023334222,9708,19321.515330919214,0.006250246720356703,0.9636643625156117,0.9286490035826204,-2.9532587678515805,2.9716995083443156,5.9249582761958965,-0.007933787905669482,-0.3725194254036279,0.9636846315920399,8886,17754.179125965795,0.007501768712534639,0.9815779078221136,0.9634951891244379,-2.967147926938901,2.975503281328162,5.942651208267063,0.0017451224312754839,-0.615078484325609,0.9816065737647921,9862,19944.841720833436,-0.02606555493344298,0.750337118654623,0.5630057916309219,-2.9962222159013394,2.99176532492496,5.9879875408263,-0.03418872021031661,1.5475221516702415,0.7507897207506974,8170,10733.88631962999,0.00957305645860339,0.9673951343992202,0.9358533460592853,-2.9947701606763215,2.993767723247219,5.988537883923541,-0.02143928484422497,-0.49154273636334533,0.9674424993090003,9486,18915.145588222254,0.003125267644634668,0.9530825584146244,0.908366363154166,-2.9973059818450545,2.995870685569426,5.993176667414481,0.021485142956593466,-0.21882098722628296,0.9530876824573994,8748,17017.55050562868,0.007222396791542507,0.9735797132248861,0.9478574580030514,-2.989802688722566,2.9996786852707764,5.989481373993343,-0.009029706159426065,-0.3443202382528088,0.9736065021447144,8448,17298.155439186005,0.0052433365791610224,0.9807054077809295,0.9617830968507592,-2.989115099717121,2.998398699861533,5.987513799578654,-0.004080926995164237,-0.35446851255751,0.9807194244172192,8364,17369.729916374246,0.0027292467180148505,0.9710346997018534,0.9429083880250686,-2.994716630201132,2.9984678604314197,5.993184490632552,0.0001629224736230412,-0.2695873430482205,0.9710385351842205,8312,16940.025365483125,Control_part2,v123.mat
-0.011448682741994525,0.9119294198321265,0.8316152667553588,-2.996930320862311,2.9953498116044,5.9922801324667105,-0.015282495774271144,-0.13463166690128725,0.9120012823959655,12331,23813.2014517113,-0.011782814653855882,0.7891587669871256,0.6227715595126404,-2.9941176998629384,2.991085132333508,5.985202832196446,-0.008497268663979266,0.7196213907932147,0.7892467258302739,6464,11548.353133584525,0.0002956935725435664,0.8421482445555553,0.7092136658080034,-2.9853467385007355,2.990721138225406,5.976067876726141,0.029887433596601374,0.3639888222022374,0.8421482964672506,8473,15648.107655904087,-0.003045224893847677,0.8053365744565399,0.648566998157394,-2.991445749360309,2.981060725597533,5.972506474957842,0.025664603318873283,0.44822099446283215,0.8053423319011911,3447,6691.276259370258,-0.0009772129506917379,0.955534894087835,0.9130469338194501,-2.9835118992133096,2.9961382868712447,5.979650186084554,0.0042240421764026745,-0.005638742575817091,0.9555353937791112,6983,15395.463175751262,0.0037308945756845346,0.959516255371756,0.9206714443226369,-2.9886142496367656,2.989348221340344,5.9779624709771095,-0.01721700299511612,-0.05984482817594916,0.9595235087776495,3880,9073.291759251762,-0.002447024268466211,0.9594901929453538,0.9206214303583122,-2.99877561309077,2.965656317156308,5.964431930247078,0.01203824001057056,-0.08019905917476278,0.9594933133097295,9315,20112.968156334195,-0.0009165059989852174,0.9169811967309016,0.8408545151580364,-2.999239489108924,2.973303817047578,5.972543306156502,0.002289234586589259,0.05083384968938942,0.9169816547463109,4599,10305.05114687705,-0.002452545749770197,0.9415187904555439,0.8864576327808704,-2.9991628133193773,2.9944083336995253,5.993571147018903,0.038195276410121194,0.000291467129915457,0.941521984746785,5572,12494.583017617946,0.004937074094416761,0.9313925976230312,0.8674921709069776,-2.9998569081390514,2.9986129377998565,5.998469845938908,0.05060225494831198,0.10566037845463416,0.9314056826150414,4264,9701.776571085651,-0.009645840054418769,0.8944197864217792,0.7999867543427812,-2.9963076255227685,2.9992601149940357,5.995567740516805,-0.01723234751339628,0.10099246536799056,0.8944717975280924,13051,23593.07876507991,-0.01478914825941352,0.731854404225154,0.5356108689837552,-2.994669901907297,2.9985661555345846,5.993236057441882,-0.048110936143751136,1.9572643857598244,0.732003816854799,3409,5474.6885727480385,-0.000712545443546956,0.9552397484896612,0.9124829770945911,-2.9971593283451754,2.9933619388422517,5.990521267187427,0.02014713363808568,-0.1161688767364688,0.9552400142454253,9233,20182.879450066263,0.0012917000352057903,0.8930545275009193,0.7975463890898902,-2.999191064275763,2.9978156585591,5.997006722834863,0.029294650493704995,0.2570785701047371,0.8930554616477474,6116,13023.597076934231,-0.001534198418414482,0.9608134886325083,0.9231625599381711,-2.9905793401120664,2.9921218878312352,5.982701227943302,0.004466255809389999,-0.3365666019656395,0.9608147135129427,13347,27201.626801942624,0.0033403807099612413,0.9336724778607182,0.8717442959145733,-2.986820479278837,2.988958594800561,5.975779074079398,0.03359219782018762,-0.07203916134702393,0.9336784532470805,9938,20712.783481912305,-0.004457468986892223,0.9296443042939666,0.8642385325062132,-2.993057236484615,2.998740921097143,5.9917981575817585,-0.016581887716968807,0.01038618747746023,0.929654990593813,6717,14640.837184016593,0.005910338235630103,0.9503517062297853,0.9031683655338641,-2.9998579560742256,2.9980996128876995,5.997957568961925,0.021864165758312935,-0.05780414123550104,0.9503700845628106,4337,10181.751604287245,-0.0009210669348216548,0.9559693532393987,0.9138774043329542,-2.9833325925226566,2.995412433921928,5.978745026444585,0.0018776093340947897,-0.08699193491427959,0.955969796958697,8954,19612.56731596632,Control_part2,v307.mat
-0.013876628485604156,0.9307512396165976,0.866297870047833,-2.994744236600824,2.957702283754564,5.952446520355388,0.007801173606945819,-0.42332820628679624,0.930854677630166,12712,24034.705494447073,-0.020629775316355656,0.9025369644972631,0.8145729722839339,-2.9746164570877833,2.994971366014912,5.969587823102696,0.007181639622166333,-0.03427720729184491,0.9027727066729129,10647,19923.329382361233,-0.006692973081905236,0.9830034935709646,0.9662958683727215,-2.9538072389591865,2.996273465733267,5.9500807046924535,0.040241026497144394,-0.3921952204852155,0.9830262785202625,11198,23382.380309619566,-0.00519182820055752,0.9781376364546023,0.9567532358489957,-2.988549320595759,2.9799542788129405,5.9685035994087,0.02176363748699459,-0.19336303935552968,0.9781514151342111,9129,19637.33222410542,-0.0041178328454700075,0.9788374048620052,0.9581226651569852,-2.9964999741626546,2.9915964196071325,5.988096393769787,0.01670967689881456,-0.08922198256623304,0.9788460663987615,6105,13854.123375708843,-0.00040783067152978754,0.989702820088909,0.9795116720919392,-2.9471964606748524,2.954473490803132,5.9016699514779845,-0.0008911508811805201,-0.29539745487396285,0.989702904117087,9748,21380.272226926252,-0.0036615110840378853,0.9070810504909288,0.8227960321597269,-2.994408569791681,2.994484391933941,5.988892961725622,0.031465580154531575,-0.19943655481022216,0.9070884404638533,11248,21215.45925773046,0.000774080753680965,0.9951261774103174,0.9902761089672705,-2.997079807471035,2.923136307516787,5.920216114987822,-0.005888981686224759,-0.4848445427785224,0.9951264784781297,11527,24548.58824223854,-0.0003054711318056744,0.9767836384271523,0.9541062762989858,-2.9858695929838097,2.9931323882373593,5.9790019812211685,0.046035678736896506,-0.10140484376472125,0.9767836861923924,6650,15035.838813399141,-0.00012344082240773552,0.9930868306927709,0.9862214532954123,-2.985401321883383,2.96808643690528,5.953487758788663,-0.011429701054821528,-0.4302593778571646,0.9930868383646262,11253,24161.04615353866,-0.009877546465617747,0.758463669712132,0.5752671382731941,-2.994731620345184,2.981910040886662,5.976641661231846,0.0036520973747912974,1.0981200599739935,0.7585279851115412,9448,13845.292359110957,-0.02738556777577117,0.7708339667876191,0.5941850043535363,-2.9941268486180483,2.993827822462022,5.98795467108007,0.055239461297075285,0.8024769959290117,0.7713202795699965,9737,14783.130589061704,-0.0006517286488260449,0.9942888934983978,0.9886104037342682,-2.901005861204621,2.843311709348393,5.744317570553013,0.012980935025281495,-1.1288792341765168,0.9942891070933543,14597,30330.046834376793,-0.012816101756000448,0.803134672775483,0.6450253026141821,-2.998842525601081,2.9847966834825406,5.983639209083622,-0.006614662986761994,0.3580842317557873,0.8032369233784029,10540,17007.24217756201,0.0011950556974765396,0.9968986856931928,0.9938069895368152,-2.781402735276892,2.6869775185855787,5.46838025386247,0.004035760443631551,-0.9904813160276804,0.9968994019934687,14229,29392.177401280504,0.0013823109456245458,0.9941717735491242,0.9883775153218111,-2.9329660527916266,2.9882603113031894,5.9212263640948155,0.001492017862902317,-0.779097914689149,0.9941727345413177,13659,28013.167171549423,0.006488681516199096,0.9713562447081958,0.9435329541336085,-2.8849279416556626,2.822532170717159,5.7074601123728215,0.01676549013473889,-1.309347022523963,0.971377916735514,14859,30597.355039151633,0.018114505492258723,0.7527292799823146,0.5666013689426939,-2.868908186683711,2.9836447616868997,5.852552948370611,0.030639671670664646,0.01703353156441878,0.7529472121283954,7878,13424.853132482014,0.014924338080651668,0.8779149526477165,0.7707346640824422,-2.7880421290869677,2.9625657346109424,5.75060786369791,0.008232739722798841,-0.6263192474371082,0.8780417985207696,12731,23350.822652221126,Control_part2,v303.mat
-0.009437759847385794,0.7441076107826283,0.5536961364246314,-2.997706412803037,2.9942408121991564,5.9919472250021935,-0.013119203584528652,1.0609895271566856,0.7441674594710308,3910,6504.336029507898,-0.004310806972053015,0.776199091474134,0.6024850296052711,-2.9882441099294255,2.997799238170044,5.98604334809947,0.06898704718809003,0.765035233402628,0.7762110619296928,3455,6168.374655161659,0.005137465292748778,0.9707922420464792,0.9424375772176298,-2.9979101537757993,2.9924658527968804,5.99037600657268,-0.022842930586633,-0.04678926099998337,0.9708058357711206,3144,7618.86223657344,0.0006752507932423489,0.9726301052899696,0.9460093217163774,-2.9992369247999067,2.9880340841836666,5.987271008983573,-0.026120118151301757,-0.06749249545383496,0.9726303396871862,2943,7080.073027974667,0.0046027856932368836,0.9798679088212723,0.9601411187377732,-2.992297824735333,2.9957496591254067,5.98804748386074,-0.00038881653728685883,-0.10344558828875439,0.9798787192167768,3669,9019.223595215713,-0.0005291332702050871,0.9043724059536562,0.8178894486504048,-2.9728666620867643,2.9693377217777135,5.942204383864478,-0.04865990536589769,2.6685066828235904e-05,0.9043725607471859,2569,5793.880106425333,0.0034222204402891967,0.969344000368848,0.9396277910510813,-2.98592065983652,2.998752349709443,5.984673009545963,-0.003930752666330251,-0.18597898318463413,0.9693500413389495,9369,20414.80580258414,-0.00031339160429736117,0.9795619359466491,0.959541586355547,-2.9929604178813016,2.994189237571493,5.987149655452795,0.056096571343439226,-0.19228136717450228,0.9795619860783923,9208,20181.86800670653,-0.0009545372195623921,0.9151446087929529,0.8374896550028068,-2.9879876621968844,2.9999912827191193,5.987978944916003,0.054587295965153576,0.09598911460710324,0.9151451066055646,2986,6558.628848095495,-0.015055248210984746,0.9199986781357713,0.8463975677715665,-2.9989740161332175,2.9846333797241136,5.983607395857331,0.14698760581848996,0.2337204973835454,0.9201218551204297,3621,7618.056346396901,-0.011702104615563777,0.7865418526167309,0.6186480859177593,-2.9932796665067536,2.9965270156724055,5.989806682179159,-0.053111130752173046,0.9201398760997677,0.7866288992722,3954,7116.41240651839,-0.010000482135263498,0.852924520956067,0.7274802384481363,-2.9802612974351943,2.9956202360505837,5.9758815334857776,-0.011588558460008258,0.3448202162246017,0.8529831464285058,3537,7287.822910937702,-0.0035141103506739057,0.7750725508924795,0.6007374591469753,-2.998946400941154,2.998027037621109,5.996973438562263,-0.0758413757152718,0.810671137441048,0.7750805171842031,2944,5257.818576747499,-0.0031955315658594077,0.9611027136153182,0.9237184261187283,-2.982089692709257,2.986567940550497,5.968657633259754,-0.011494595775534966,-0.11988188867155625,0.9611080259475085,4773,11214.36468761089,-0.0019697529041936257,0.9622992758182431,0.9260198962403151,-2.989297334973793,2.996576587856478,5.985873922830271,0.018458088272169274,-0.10381521447726039,0.962301291782786,3462,8313.154125472049,-0.000702301825583824,0.9561971256144545,0.9143129430333448,-2.9915370462957496,2.9828006880341063,5.974337734329856,0.00018101487483212356,-0.03525078136260751,0.9561973835255977,4005,9377.923992200089,-0.001503312350761044,0.735612495712056,0.5411257438477196,-2.997188381331314,2.989390187562176,5.98657856889349,0.04305998146879756,0.8487367414783358,0.7356140318099864,5071,8280.583025665166,8.215560256562035e-05,0.9270118495408923,0.8593509691892259,-2.9781427614114775,2.975082086060794,5.9532248474722715,-0.03131493852696427,-0.022839050981692033,0.9270118531813759,2388,5423.365253294972,-0.0006009148611025303,0.974342562989819,0.9493434300535694,-2.9891675378718654,2.9812767529981024,5.970444290869968,0.04837324292667258,-0.0807329295473389,0.9743427482935559,3936,9382.597036513253,Control_part2,v151.mat
-0.0019337876265514487,0.6701474905999414,0.44909765915739847,-2.997775823400275,2.990274290975027,5.9880501143753015,-0.02804700403579451,1.4581114892779574,0.6701502806773889,3180,4744.704512099649,0.0020221541754247567,0.8825552609056725,0.7789037885522797,-2.9902938423846672,2.9868364622303996,5.977130304615066,-0.02171095883565942,0.3473475392871954,0.8825575775323607,2905,6126.864098408312,-0.002412543609536983,0.6578235304674193,0.4327317972366197,-2.9520328991179485,2.9992918606390795,5.9513247597570285,-0.038682197600451794,0.9960116921054643,0.6578279544100324,1976,3071.8894765763744,0.003312958434828145,0.9491283424157303,0.9008446103768317,-2.9986228917113964,2.991954944472552,5.990577836183949,-0.039415142239646664,-0.07311943769557772,0.9491341243841267,2512,6000.033371715119,-0.001686981527740265,0.6077915066518649,0.36941051555814386,-2.9954061067670272,2.984718872118287,5.980124978885314,-0.05364800368805434,1.5812060141040813,0.6077938478339665,2252,3154.9147378073744,-0.0011684512676707836,0.942183010423484,0.8877088251306589,-2.987617759256595,2.9949710685787934,5.9825888278353885,-0.05617367719295248,-0.006213388266535613,0.94218373495249,2152,5067.081910715288,-0.003569163676569736,0.6142805385957414,0.37734058009747407,-2.9988172606327734,2.9943734626241754,5.993190723256949,-0.09017918308569679,1.2916167727742298,0.6142909074915762,2207,3157.8972610149463,-0.011160628203293962,0.9463374890066918,0.8955546430994904,-2.996016243873153,2.9733596654153716,5.969375909288525,0.11791750672355984,0.05317092819939795,0.9464032981353048,1990,4680.991726584612,-0.0011103787308348043,0.7187357180398198,0.5165810323862153,-2.999547562738224,2.99221994020593,5.991767502944154,-0.04441795330483552,0.8167839546678355,0.7187365757543867,2750,4720.6154289700635,0.000651362765522855,0.9519875330731097,0.906280263126625,-2.996489696177844,2.9994927038867556,5.9959824000646,0.08874654498223541,-0.0028904811452599155,0.9519877559086973,2968,6945.519635669402,-0.003117331595043032,0.6475934519574703,0.4193772790181924,-2.951430737536586,2.9901586200840433,5.941589357620629,-0.042161102890581996,1.3523534140279425,0.6476009548900201,2426,3657.399891492232,0.010540042459390052,0.9321640101052409,0.8689297417354835,-2.9638803457635956,2.956439479912083,5.920319825675678,-0.06322135619960004,0.04523374067644781,0.9322235966926226,2517,5697.05839668594,-0.003326572969574762,0.5863771905755806,0.3438382096273107,-2.9253101050414325,2.8993587690363003,5.824668874077733,-0.1292847013350822,1.9769063387887211,0.5863866264803731,2390,3062.887907040664,-0.014764739958022188,0.8570266140876347,0.7344946172545156,-2.97484236223663,2.998378714536013,5.973221076772642,-0.018392131146741666,0.442478183160111,0.8571537871353911,2454,4896.630119226922,-0.0014451285172628096,0.6427000118775533,0.4130633052674072,-2.9933029321842457,2.90369675378234,5.896999685966586,-0.21770547545299368,1.2941851874316894,0.6427016365809556,2507,3747.587588656291,0.00785516599067454,0.9163310737158151,0.8396626366571786,-2.999100346249534,2.9928074369282966,5.9919077831778305,0.03635331052538495,0.09220612987823218,0.9163647419504526,3350,7257.244357751808,-0.0009067925313914257,0.641150139399469,0.4110735012519585,-2.9722776061459184,2.9863601047460238,5.958637710891942,-0.05178738024165382,1.9706219172305763,0.6411507806473089,2144,3071.3398531382554,0.0022598314106068683,0.9441094771067161,0.8913427047627169,-2.9838286962084415,2.9937561957700902,5.977584891978532,-0.11701189427954249,-0.050385120789893545,0.9441121816821988,2818,6508.872582523138,-0.0048069306063156176,0.7243198248109388,0.5246392086141491,-2.9764715570312923,2.942795224086244,5.919266781117536,0.10797454196073678,0.6613089357279285,0.7243357751733674,1809,3097.471174810102,Control_part2,v133.mat
0.023703405767721335,0.7703396147656157,0.5934231220772372,-2.998521705562056,2.990997964701998,5.989519670264054,0.21493113409077214,2.8406904041488037,0.770704206244021,1433,1947.7588182849952,-0.02826004736648773,0.709390945264404,0.5032355132231247,-2.9867872098968262,2.9986823410746672,5.9854695509714935,0.09350427662026234,2.449710614372635,0.7099536206684777,2794,4109.6675105833265,0.0209881183600108,0.757171186525193,0.5733082057039686,-2.986647005837695,2.9973941495210585,5.984041155358753,0.12953940925072424,2.9316686123552893,0.7574620167482079,1375,1909.3319789213278,-0.03206420062693419,0.7657097594415754,0.5863114357040752,-2.9691584294163262,2.9993223973654803,5.968480826781807,-0.05155532447819278,1.5702971863196193,0.7663808117808794,2382,3867.000415363575,0.023647299074512053,0.7668142837426273,0.5880041457517186,-2.9984405422048335,2.987773882146354,5.9862144243511874,0.10296646400412102,2.8170283693655467,0.7671788191192702,1507,2047.1003767687712,-0.009137283035247743,0.7414117569313539,0.5496913933160369,-2.998473002210798,2.9932162055405747,5.991689207751373,-0.020200616919628756,1.83839412256975,0.741468059499061,2372,3655.180276931057,0.02186070816017029,0.7617411199099666,0.5802495337616901,-2.9991438944485753,2.997704254253027,5.996848148701602,0.11221687946006687,2.7909717026867957,0.7620547384033212,1765,2335.1669256660466,0.005757802086167852,0.9335374657897105,0.871492200033075,-2.9473890691555047,2.981086853703085,5.92847592285859,-0.038301478242284005,0.09928834341461634,0.9335552218899204,3869,8673.34918861672,0.036856809586270814,0.7420894026315628,0.5506966814980696,-2.9938112116849624,2.9984721022342367,5.992283313919199,0.09777296354752302,3.1280957003116505,0.7430041089462078,1579,2028.8442663275634,0.007994971932197208,0.9377308788934803,0.8793392012303389,-2.9992438749955004,2.9994953221870087,5.998739197182509,-0.1042233349912148,0.1542796831429225,0.9377649603213672,4683,10554.530882420308,0.019627961014930126,0.747279518638519,0.5584266789766168,-2.9948691379141934,2.99813161029787,5.993000748212063,0.1207652469628669,3.2966777448029596,0.7475372471189783,1455,1828.355241032856,-0.015871508268008865,0.7756089873073113,0.601569301191873,-2.9964417865559545,2.9867878835842965,5.9832296701402505,0.06962843899403114,1.3849119807779768,0.7757713619144332,2481,4208.659676193074,0.02953629205921178,0.746384365938252,0.5570896217170465,-2.9942816940568937,2.9840254986798307,5.978307192736724,0.19557396740044705,3.1475791184116515,0.746968549716555,1259,1692.7400243273055,-0.012789099573866192,0.6101125244915279,0.3722372925414251,-2.9841751648020898,2.9987956758673993,5.9829708406694895,-0.17019630255690077,4.558628545989026,0.6102465514931938,2954,3071.955909472648,0.01881582629379469,0.7488721900906281,0.5608095570911338,-2.9949948210874755,2.9901771879578534,5.985172009045328,0.1293972585324443,3.3467296629194303,0.7491085317964628,1825,2064.844340144799,0.004283067098519994,0.8947818947337738,0.8006346391433622,-2.995336786195677,2.988894768761755,5.984231554957432,0.03844292594021513,0.23840170165811614,0.8947921455886461,4491,9734.40986431574,0.01745848787411679,0.7726587888291293,0.597001603954897,-2.987658496202404,2.9969024519676495,5.984560948170054,0.18543393345978226,2.944481829216132,0.7728560038931882,1583,2100.180230180448,0.006993865897916102,0.9181154555276951,0.8429359896788271,-2.9803378940006016,2.997667117569603,5.978005011570204,0.06495005299980515,0.11268084794009825,0.9181420934904494,2562,5628.545174186262,0.024736092253468896,0.7604384981681698,0.5782667094962615,-2.9975410772815008,2.988128051701524,5.985669128983025,0.1747999349276381,2.7807248546358787,0.7608407085298694,1732,2356.6137816129026,Control_part2,v149.mat
-0.002728182583974889,0.9814076597040793,0.9631609945258378,-2.951078323949273,2.9620333367271976,5.913111660676471,0.013740790772139251,-0.12305437545975106,0.9814114516888671,3625,8766.727728395419,0.004128480239599965,0.8873738877732583,0.7874324167018272,-2.991493490324948,2.998984098017921,5.990477588342869,0.11770665261706831,0.7380684548609242,0.8873834915361656,2234,4496.336604300619,0.0012303086471661725,0.982514892062546,0.9653355131246765,-2.996010439456325,2.9593182907083793,5.955328730164704,0.05394162570136444,-0.1409125729246008,0.9825156623606789,2631,6504.601529012609,0.005149414992382817,0.8941293973204626,0.7994673791526538,-2.9973260293179345,2.9982719579127437,5.995597987230678,0.11924974560709739,0.6454446918362602,0.8941442252944531,2170,4385.887584040616,0.0007540978787859442,0.9763740243230884,0.9533062353728629,-2.9977728180459002,2.981011344271531,5.978784162317432,0.03789837951751994,-0.17939543708945305,0.9763743155350174,2654,6612.989192135533,0.0015697865053877487,0.8896943764704331,0.7915560835231128,-2.9891835621673266,2.996066441142442,5.985250003309769,0.11475302964801352,0.6021160735457176,0.8896957613436096,2114,4257.38841173289,0.0016037862094601403,0.981921320621786,0.9641694798916324,-2.995181717186559,2.988216025598346,5.983397742784906,0.038216820781635116,-0.14976039848395084,0.9819226303644488,2539,6186.452567360754,0.00353187610646103,0.8740914579767071,0.7640358769078455,-2.994009467605099,2.9925885952205,5.986598062825599,0.1434582851550545,0.6494917309237698,0.8740985934416535,2098,4181.915649939104,0.0023618120180611633,0.9106158391849464,0.8292212065745042,-2.9924824232183203,2.997800364388939,5.990282787607259,0.035093036366288625,0.4269719622550281,0.910618902027908,1839,3825.427459332304,-0.0009031385166082147,0.8638906489807167,0.7463070533963237,-2.9922010742185896,2.997872293601173,5.990073367819763,0.11034621874290508,0.8379100322150022,0.8638911210653248,2069,3943.4044355575916,0.00619000964180154,0.9413172836927818,0.8860782285787571,-2.9905889196254405,2.9911751150723758,5.981764034697816,0.03286126844954576,-0.07861727548564579,0.9413376359192925,3459,8001.145725480495,0.0047951689507095266,0.8868096570705528,0.7864313678735915,-2.997293136154269,2.998672156403146,5.995965292557415,0.1475455547340266,0.7151012203423761,0.8868226212263969,2122,4253.736303338884,0.0014500190872711928,0.9802845485583385,0.9609577961422255,-2.995709567185134,2.9914053182777747,5.987114885462908,-0.023954982781507008,-0.14412589148282562,0.9802856209786915,2619,6378.052583606798,0.0014475358434382912,0.8899585817588183,0.7920262772461671,-2.995376978492336,2.995635901366623,5.991012879858959,0.12424801920551204,0.6917215865959583,0.8899597589813739,2606,5226.704475483883,-0.00039431999777411823,0.9804915505870079,0.9613636807725151,-2.993335316417971,2.983737982257215,5.977073298675187,0.01993732355879414,-0.12947605075911905,0.980491629877979,2702,6681.326779768404,0.0020109082393434926,0.8779710459226604,0.7708331574785303,-2.9832350060189547,2.9954535179875807,5.978688524006536,0.1365765268523373,0.8248682574786477,0.8779733488155989,2812,5468.479510533361,0.001748219238307595,0.9789570800816985,0.958356964642085,-2.9993446733985327,2.9882026796197487,5.9875473530182814,0.03396553648155714,-0.13844503281656095,0.9789586410633445,2436,5871.747054003566,0.0011528693167721293,0.888856891083545,0.790066572826705,-2.999690332792243,2.9955734178657694,5.995263750658012,0.10195190921468342,0.6100855096677478,0.8888576387332037,2268,4502.467577073807,0.0019370577665321594,0.982056347628562,0.9644346699175509,-2.9966744845957454,2.9591936229034315,5.955868107499176,0.025087228646688775,-0.19726508762553818,0.9820582580022132,2573,6401.486137776601,ADHD_part1,v39p.mat
-0.015541032323669794,0.714027464155987,0.5098352195690292,-2.9979079500998935,2.9764658792043046,5.974373829304199,-0.06059032978012882,2.1964638180323712,0.7141965718586967,2411,3625.3417543088894,-0.014922752212719957,0.7723846116778316,0.5965779883567147,-2.9959877858819395,2.9826224128738725,5.978610198755812,-0.015218988571431592,1.2343271509991904,0.7725287547336455,2462,4262.3711419493975,-0.000997233208124127,0.9727406888036996,0.9462244476542958,-2.9919979300754087,2.9948621664512887,5.986860096526698,-0.013865050817604578,-0.1139071912861711,0.972741199974776,2078,5096.496565309665,-0.001692553675392095,0.959441750745776,0.9205284730741198,-2.991603280797422,2.9797451713514733,5.971348452148895,0.02214332779624938,-0.006432862642666404,0.959443243663774,2554,6025.702681642734,0.006081637782739091,0.9683863970427343,0.9377722139774083,-2.968899318653884,2.9937134026258945,5.962612721279779,-0.006777920071665846,-0.14943649437183915,0.9684054937346901,1828,4453.057962095645,-0.0029925452000822907,0.9685163755226431,0.9380239696555175,-2.9987471950159734,2.9916190507676976,5.990366245783671,0.020517881887903402,-0.08162251642245755,0.9685209987306893,2697,6451.414480403998,0.001888569852382445,0.9716312593891909,0.9440673042222253,-2.9985419911049394,2.979253576947769,5.977795568052708,0.04857291483513204,-0.04274537243514143,0.9716330948039555,2058,4915.308717691802,-0.0005786400242957091,0.9751913188943521,0.9509981084469058,-2.976337392973382,2.9829449843971845,5.959282377370567,0.034652358149113056,-0.07127206341898917,0.9751914905654087,2756,6543.380059212309,-0.00037792039591832705,0.9691867630752194,0.9393229817202216,-2.995467754873929,2.999588155264899,5.995055910138827,0.04306362315049932,-0.10271336199813863,0.9691868367575197,5102,11621.07940725768,-0.001574878257154575,0.9733193994517075,0.9473506533490327,-2.9794968905596346,2.97900091429162,5.9584978048512545,0.04199121563283071,-0.024424405349989353,0.973320673565787,3362,7829.717284410752,-0.0019541287794676678,0.9655592575431836,0.9323046798273439,-2.9884615756396555,2.9855405832722415,5.9740021589118975,-0.032718318713261516,-0.14830759570095564,0.9655612349543817,2656,6498.076123895492,0.0008976737688536492,0.6516668154823348,0.4246696384008874,-2.9926371340962974,2.99649126188299,5.989128395979288,-0.03270178850636991,1.3079415398471363,0.6516674337567304,2417,3721.9582159722377,0.0028688131926137327,0.8401026803431161,0.705772513519688,-2.9937594575789443,2.9446253846705304,5.938384842249475,-0.028334849418691813,0.3049649750836334,0.8401075785926598,2326,4702.319951092665,0.008087338706233387,0.729385350249029,0.5320029891578986,-2.9543508853534246,2.9762281656289744,5.930579050982399,0.08871527104491715,1.4753609310977351,0.7294301845997654,2460,4114.205320741499,0.00010635062392145328,0.9639174550772306,0.9291368602025649,-2.9957800648067656,2.997360836637488,5.993140901444254,0.019918403716928115,-0.001658561422901439,0.9639174609441516,2934,6852.312009382229,-0.006500675530331919,0.6555366280398166,0.4297282707018128,-2.99489116700667,2.9986096374844675,5.993500804491138,0.08725150340654406,3.9724211151862505,0.6555688594527378,2408,2923.212971443372,-0.0013108606957371125,0.9783070851462274,0.9570847528473079,-2.9954652230435923,2.978103456286497,5.973568679330089,-0.016236902773391113,-0.10635936007093649,0.978307963375067,2209,5364.639477136002,-0.000875032793759784,0.97904494072397,0.958528995957202,-2.9869548553293597,2.9990312093685128,5.985986064697872,0.011105865136058796,-0.12154655696335137,0.9790453317592562,2991,7307.786470590687,0.003551745210487925,0.9765514327632039,0.9536527008318664,-2.99756693443746,2.9922950751660347,5.9898620096034945,0.03082161755001246,-0.07084790982976541,0.9765578916407908,2114,5012.427459527285,ADHD_part1,v21p.mat
-0.012877401054722253,0.8522414587177559,0.7263155039573684,-2.9930509285487616,2.9977975579443568,5.990848486493118,-9.645410785495614e-05,0.5689928472167964,0.8523387421766611,3423,6780.704674266284,-0.004551329807829714,0.8642438530855138,0.7469174375960951,-2.986840460365992,2.994902070171856,5.981742530537848,0.09077665888231083,0.6853662272558378,0.8642558372375131,2919,5701.595517993025,-0.008739988870476492,0.9554894149864949,0.9129600221512342,-2.994687005178928,2.9901638722744757,5.984850877453404,0.06960096148144257,0.1436524837948956,0.9555293870712142,2415,5608.9546802540135,-0.0011773860879052424,0.9227264182254857,0.851424042891234,-2.9969769151364654,2.9950842838024223,5.992061198938888,0.06174840780065009,0.3101108843127407,0.9227271693893239,2606,5642.132707900588,-0.006042672904882296,0.9584339625723931,0.9185956606122195,-2.9924663116633186,2.99949270391443,5.9919590155777485,0.04075267984402358,0.1813230066806324,0.9584530111111629,2399,5531.39728620089,-0.0018056810539918819,0.9238328826525043,0.8534671950700358,-2.966083416110744,2.993495169862429,5.959578585973173,0.037872477333881854,0.2460989722814717,0.9238346473011847,2321,5323.00726507684,0.0018681708446340788,0.9694506021032803,0.9398344699184126,-2.9980054787143904,2.990399200312425,5.988404679026815,0.021084177079697737,-0.030372146717332793,0.9694524021223101,2973,7042.65635052472,0.00046768628148779855,0.9208998373810219,0.8480565104883926,-2.9842886476868764,2.999274448964108,5.983563096650984,-0.04049530176552328,0.22467349342453113,0.9208999561401067,2889,6390.601510357635,-0.005340868820958293,0.9705870695825031,0.9420392596407507,-2.9981671569284445,2.9907394082813545,5.988906565209799,0.06166355859502416,0.02744108257274336,0.9706017641239446,2635,6140.585434446788,0.011265201197501422,0.868511413203576,0.7543120748648728,-2.9987268753994534,2.999059100257372,5.997785975656825,0.05084335669704669,0.5667808916802115,0.8685844689049493,2416,4972.024551619947,0.0027913587634947547,0.9204234115913213,0.847179256605407,-2.982243606824951,2.9863642141827036,5.968607821007655,0.009372945882549423,0.3216110672135981,0.9204276442443227,2441,5215.20755397812,-0.0003864436938400106,0.9257327099438143,0.8569810502599181,-2.997091925058619,2.997491485287609,5.9945834103462285,0.007804078392055561,0.2809525179344341,0.9257327906035556,2662,5833.8587049693415,0.002983500965544905,0.8928689354868147,0.7972149359573577,-2.9943794126833554,2.994441182946599,5.988820595629955,0.02243965529734273,0.6615301746461482,0.8928739201227512,2477,4808.726021126601,0.00028391490622187333,0.9063770798878246,0.8215194109459799,-2.9944024541400207,2.9949626049181868,5.9893650590582075,0.014483133596943818,0.46718498538459086,0.9063771243547875,2882,6023.158175560604,0.001172200932935146,0.9449814669977002,0.8929899729691257,-2.9954890077967993,2.9996016207155654,5.995090628512365,0.023014569263757653,0.13818288741638218,0.9449821940249208,3211,7227.207767687998,-0.015970733767874022,0.845840359549212,0.7154459138423401,-2.997628169660894,2.9994222376043145,5.997050407265208,0.08098411410669967,1.1289043446010236,0.8459911218088665,2238,3979.343007873861,0.020504433677929167,0.879310130810346,0.7731863061457079,-2.995611645516377,2.9896733119466137,5.985284957462991,-0.01995962640946418,0.5999464317222403,0.8795491674410023,4949,9634.570493357767,0.0013197534267150072,0.9292200357303033,0.8634498748026261,-2.9945367969260306,2.996671064962649,5.99120786188868,0.07407327102825303,0.537033545381099,0.9292209729400932,2212,4778.472610722532,-0.0008441710856681844,0.9713447578512691,0.9435106386051405,-2.996124984470366,2.9992744188525893,5.995399403322955,0.013589386780102504,-0.018577794723320107,0.9713451246750365,2677,6482.205346512675,ADHD_part1,v19p.mat
-0.05019590231078928,0.7549042353669242,0.5698804045749204,-2.993286269183779,2.9914186222565617,5.984704891440341,-0.13760611754002497,2.080832934567459,0.7565712347054404,3383,5205.734970010006,-0.05019637317564901,0.7680973968137667,0.5899736109920849,-2.9882799898548416,2.985142109071215,5.973422098926056,-0.15248153912774662,1.8946685897634463,0.7697358552595,1892,3138.4084271992538,-0.007210116592824972,0.9493612810805001,0.9012868420148082,-2.997149386368284,2.9976041808987146,5.994753567266999,0.008638518735445378,-0.4268534129655279,0.9493886600313332,11147,21877.72004623406,-0.0022382364952436475,0.9803892853557873,0.9611631508404314,-2.989703138344524,2.9551522023689287,5.944855340713453,0.03480820053438152,-0.39379824836894173,0.9803918403082719,9881,20828.44157166409,-0.006601233364385788,0.9578540835813543,0.917484445433476,-2.988835254245318,2.965807350239342,5.954642604484659,0.010954415565952542,-0.4911612885870267,0.9578768301380961,11045,22138.911244600535,-0.0009377830307236195,0.9828423963740036,0.9659791761101941,-2.949103004743995,2.98467666257553,5.933779667319525,0.03482359500017806,-0.41954900622921354,0.9828428437686295,10145,21443.10471716433,-0.0018073536791953391,0.9030938647200283,0.8155785284949567,-2.9867812367106557,2.979615990224298,5.966397226934953,0.06467962015456795,0.11557061958249815,0.9030956732385991,9409,17239.590888030194,-0.0006920160140198361,0.9808097828559624,0.9619878301459602,-2.9995632958928953,2.972075929992043,5.971639225884939,-0.008242023510174648,-0.4150779084073215,0.9808100269838823,10282,21452.398143091985,-0.004782128369562329,0.9341599769624764,0.8726548625585345,-2.9671589395249836,2.9747094469763407,5.941868386501325,0.05754101256274666,-0.09328810039136881,0.9341722171582055,9082,17943.970400218735,0.006376596089643811,0.9022165336855111,0.813994673655499,-2.99204592848621,2.9982096153770383,5.990255543863249,0.015389703295933945,0.12193327053506486,0.9022390673392443,6552,13271.12690838868,0.0005693810029903126,0.7567713594937492,0.5727028905500174,-2.9398136076399,2.999464775116656,5.939278382756556,0.1825775146064541,1.1323387552655921,0.756771573689673,6360,9868.178556912859,0.004554457511201662,0.9200661040839693,0.8465216358842534,-2.9934193610150728,2.9806537457076265,5.974073106722699,0.0747212115042931,0.08553017186862455,0.9200773766197464,6416,13103.359599974265,-0.009937910495016486,0.9218868529121118,0.8498753695721977,-2.981426094007681,2.999803905415824,5.981229999423505,0.21141918546736252,0.18131384464389644,0.9219404165330884,5774,12093.665502706199,-0.0013986541252376588,0.9721488639842398,0.945073413745848,-2.992637316700835,2.997841323359882,5.990478640060717,0.00708865859449475,-0.1661717946913801,0.9721498701225084,7583,16722.369036753502,0.00095407159862246,0.8635956702298377,0.7457974816397227,-2.9993828452814513,2.9962401172834094,5.995622962564861,-0.08661036284960189,0.11341936464472324,0.8635961972428654,9108,16440.40713696405,-0.0023768128106811106,0.7924737494687336,0.6280146435970332,-2.998155257383042,2.9921134233454167,5.990268680728459,-0.05065366129998825,0.252435841211768,0.792477313767511,9730,15836.127345255125,-0.0066692566194798955,0.9029933904789625,0.8153970632486922,-2.976922101560372,2.9991273971214913,5.9760494986818635,-0.02158027516539063,-0.05248134620689182,0.9030180187751231,8604,16559.473481091987,-0.0015828270335818662,0.983929641472182,0.9681175393675765,-2.985444486149014,2.959200250418078,5.944644736567092,0.0023236791230321126,-0.3888927592650675,0.9839309146017289,9444,20308.300085446725,-0.0026239683625374683,0.9739691522565463,0.9486159095473357,-2.9988168980267993,2.9931225269278525,5.991939424954651,-0.004111590276040109,-0.5105208081092902,0.9739726868641149,11360,22904.94279112998,ADHD_part1,v12p.mat
-0.0011209553307705519,0.7624126974761591,0.5812731212728733,-2.992198988242931,2.99648116451583,5.988680152758761,0.15492985385415556,1.9283640061847338,0.7624135215312796,3041,4724.053789585367,-0.02147987635217072,0.9002471453325912,0.8104449226794795,-2.9956334415139,2.9999502197186345,5.995583661232534,0.08833624322032828,0.51167171766929,0.9005033635515106,3959,8204.246917325123,0.0013155457439406207,0.7924732431720847,0.628013841143682,-2.999009284099875,2.9998463860679063,5.9988556701677815,0.06636426171001847,1.240057200474392,0.7924743351076339,2767,4794.138334677521,-0.002508688327347582,0.9831319267823765,0.9665483854588282,-2.9910438193167215,2.9901361096655217,5.981179928982243,0.08375317935568581,-0.051013354423981916,0.9831351275261971,3376,8251.669835587694,0.002245607066006084,0.7896279909072027,0.6235123640241453,-2.9979827291009173,2.9748229139409332,5.97280564304185,0.11809298571395818,1.1239686244159088,0.7896311840189952,2558,4553.00123835283,-0.004166699609872547,0.9767566822214107,0.9540536162641777,-2.9963461964112095,2.9967451537015934,5.9930913501128025,0.00482188083824145,-0.09729657918027002,0.9767655694432603,3224,7888.143937640461,0.0017567650920975878,0.8159573775900502,0.6657864420436317,-2.9997248735921134,2.9899249178779472,5.989649791470061,0.1539837969131899,0.985769158354854,0.8159592687550161,2641,4936.920336126985,-0.00582284700454982,0.8786124890898669,0.7719599059846916,-2.9906958571913322,2.9851825706426416,5.975878427833974,0.1145331529675638,0.38242429247585275,0.8786317838161388,3234,6667.1292381963885,-0.0033704753008153075,0.7402614451692637,0.5479870072040868,-2.999262408362207,2.9930262425577476,5.992288650919955,0.120673883406368,2.193211598110225,0.7402691181643606,3051,4555.444000748774,0.012310249312229755,0.8224431945751011,0.6764128083028975,-2.9983415868586483,2.999702633856982,5.998044220715631,0.06830303658039344,1.4240029366444729,0.8225353187195227,2931,4773.787961571287,-0.00625850323102286,0.6893186439163764,0.47516019285071215,-2.9953178475803606,2.987172870710524,5.982490718290885,0.04842671381270884,2.9041343078519812,0.6893470546200984,2851,3790.2130678027324,-0.004758288338626228,0.9034328559692868,0.8161909252448221,-2.9913485073867063,2.9953107616911385,5.986659269077845,0.04350722195024979,0.11278966874256335,0.9034453865910964,3648,8055.8842340345855,-0.002513057144481009,0.730755180593433,0.5340031339641409,-2.9802122667371167,2.993320098897593,5.97353236563471,0.09005508614435842,2.1109380313389305,0.7307595017653566,2687,3989.9183334448617,-0.006620877311303804,0.8482840140012619,0.719585768410093,-2.9959816029556396,2.9994971170785893,5.995478720034229,0.0035864191977234327,0.40316363080194906,0.8483098516617994,3628,7384.968300278319,-0.004376813763378288,0.7325027752361882,0.5365603157287177,-2.998880787158445,2.9992307356371635,5.998111522795608,0.10436841909842834,2.2953150511199274,0.7325158511782779,2663,3870.5131267016304,-0.001292495070848425,0.9660142932802969,0.9331836148218313,-2.9889399015827918,2.9965363595070933,5.985476261089885,0.019886628376157064,-0.06570101602987233,0.9660151579376689,4697,10980.752684847155,0.002756502136680484,0.7921625331322462,0.6275214788984971,-2.9936222154790064,2.997613079294059,5.991235294773066,0.1043052946737187,1.2110504480788187,0.7921673290426251,2699,4673.850611968112,-0.0038129325917825767,0.983796053144457,0.9678546741826111,-2.999687155506606,2.995224185123008,5.9949113406296135,0.03484201315328327,-0.0890028034777468,0.9838034420744626,3445,8283.793004268387,-0.003139701753360722,0.7998233571794355,0.6397174026897828,-2.987414139199698,2.9899721224471256,5.977386261646823,0.15751393713752726,1.3274451302104673,0.7998295195958217,2825,4816.708318947804,ADHD_part1,v40p.mat
-0.032168086154679414,0.8346574387638727,0.6966530400838679,-2.9963499430639557,2.999619545788846,5.995969488852802,-0.015070994331622858,0.7967355885077478,0.8352770952508651,8519,15408.06504144205,-0.04191685170204807,0.7539951205645065,0.5685086418350846,-2.987816782583213,2.9957699149157344,5.983586697498947,-0.09106765307493263,1.690279226424197,0.7551593635066018,8351,12749.566725440889,0.0016349649606458862,0.9399572987102488,0.8835197233986678,-2.9973544003926573,2.999774766748696,5.997129167141353,0.03804481171473704,0.035056805324127804,0.9399587206410133,7443,16501.22475658624,-0.004752438587785447,0.9340201330717197,0.8723936089833131,-2.9999732408678197,2.986623111874771,5.986596352742591,0.017253502717747896,0.013040722938633564,0.9340322235639645,7449,16468.240246748395,0.0016583318103846247,0.9514030849492608,0.9051678300509705,-2.9807736788767887,2.9930097360686174,5.973783414945406,0.038921933898836435,-0.032684009272523795,0.951404530215914,7951,17938.080962274616,0.00016937749941773968,0.9026442388229504,0.8147666218802635,-2.991138101824989,2.9953758439126776,5.986513945737666,0.007741526766673474,0.05274823655959837,0.9026442547144476,7152,15493.723250508525,0.004294520290671916,0.9501809962936286,0.9028439257175527,-2.9935128319982423,2.9886932818839615,5.982206113882204,0.00285391808082183,0.007582085819889617,0.9501907011869142,7383,16480.37643032884,0.003343186006043957,0.9132837153197388,0.8340871446682259,-2.9907832379938126,2.987498910371969,5.978282148365782,0.029456459891855063,0.023939152281387432,0.9132898343685301,8249,17669.192323162333,0.006565945493891592,0.9137175134514136,0.8348796943878342,-2.993946245550157,2.993341515632478,5.987287761182635,0.05820063651801152,0.08343444123341692,0.9137411044864201,7917,17133.084992773507,0.0019185482325889064,0.912428551437567,0.8325258614784569,-2.9973048276096605,2.996710826225302,5.994015653834962,0.011727937711631666,0.01669646747678044,0.9124305684849547,8213,17965.62280917812,0.0032773001000318937,0.8409913419643685,0.7072664372590294,-2.9884179625281466,2.995517232279991,5.983935194808137,0.01786961696368843,0.5819613663114911,0.8409977276752744,9691,17704.416259234666,-0.011806101924958744,0.8877362592281505,0.78807566594839,-2.990405419977848,2.9803347036439507,5.970740123621798,0.06849235030442398,0.2767768875497971,0.8878147610797268,6632,13932.254834308762,0.004847629714094332,0.8466688793797226,0.7168481913101151,-2.9768850471153447,2.9973177323050284,5.974202779420374,0.04256105053966508,0.3098451463600509,0.8466827568953794,8811,16940.78343709066,-0.003150551186250635,0.7497854571180109,0.5621782317056646,-2.9956447698999553,2.9970369316177803,5.992681701517736,0.0247207044554194,1.1972383014989907,0.7497920762974504,8919,14100.778631229306,0.006592556272667713,0.945237923270117,0.8934747315880036,-2.9764573303255446,2.9953912570956165,5.971848587421161,0.008090429638671619,-0.036619376417989624,0.9452609128627989,9303,20617.981663832637,-0.0005554415708254728,0.8283089211685793,0.6860956688874559,-2.9614753145183617,2.9605612704278834,5.922036584946245,-0.007698837237582522,0.149612071987955,0.8283091074006095,11561,21329.797471104874,-0.0019793519097231716,0.9418217842544961,0.8870282732963227,-2.981544023795717,2.9910384416869324,5.972582465482649,0.05350110802265991,0.04626252577685852,0.9418238641754122,5672,12753.634426873927,-0.0036848254709787457,0.9292817523979157,0.8635645753397411,-2.9963330220167808,2.9855945045982657,5.9819275266150465,0.011476205553857364,0.03922042975873197,0.9292890579784595,7624,16699.427801728925,0.003975756654870496,0.9543664680229853,0.9108153552866679,-2.998079809483919,2.9968487540556628,5.994928563539582,0.004746352741814076,0.033695419911966784,0.9543747492089502,6706,15374.43720215132,ADHD_part1,v28p.mat
-0.0053904339724606815,0.6577341037409402,0.43261415122389785,-2.995955055590443,2.9789194129033136,5.9748744684937565,-0.08425300313035805,1.6496767630640035,0.657756191914838,7415,9830.192048483243,0.00834254379653247,0.6337393940150496,0.4016256195265624,-2.9601087928036383,2.9971768217859185,5.957285614589557,0.1350689284033668,3.0164208195400803,0.6337943022492073,6588,8867.616762265838,-0.00043934096992875025,0.9667430584260076,0.9345921410148712,-2.9869785402176237,2.971875538666125,5.958854078883748,0.029237581921141703,-0.21100073304274858,0.9667431582562968,8660,18319.54898793306,0.0038219079060822295,0.8195023718176384,0.6715841374147349,-2.9608649815594292,2.98194481578044,5.942809797339869,0.031083446168497644,0.21241970471427285,0.8195112838727588,7203,13281.477548917494,-0.0006682563186059062,0.9693365745629197,0.9396133947853746,-2.9453276924493905,2.991565448572698,5.936893141022089,0.008076453473128934,-0.3147845328304504,0.9693368049093576,9147,19372.563908217595,-0.0008142466635608385,0.8965579318946355,0.8038161252431859,-2.9885736126297284,2.984157330733751,5.972730943363479,-0.015314352905861554,-0.04362693786852123,0.8965583016406768,6755,13829.208181772166,-0.0033747105254441495,0.9799496565202042,0.9603013293140662,-2.9720849311533755,2.975785860234747,5.947870791388123,0.03304075862493913,-0.38611135589793566,0.9799554673479794,9775,20832.895684953946,-0.006447282178857118,0.8869928052497662,0.7867562365648497,-2.998759276353933,2.998765066403966,5.997524342757899,0.08752220460999778,0.0776146508325617,0.8870162366114521,7230,14449.208069508395,0.003279472344039933,0.9251459871112264,0.8558950974680055,-2.9693668901774584,2.9621243040651013,5.931491194242559,-0.034291977717447186,-0.08798481155844673,0.9251517996560676,8227,16985.2042820481,-0.0038990723316486096,0.8784416210112099,0.7716596815248022,-2.9870275126288535,2.980568094888722,5.967595607517575,-0.0012520637702183384,0.018380527901613597,0.8784502742272039,8472,16490.07532547645,-0.002682518487127788,0.9620209514809926,0.9254843110883944,-2.9874737885640528,2.9788077502683987,5.966281538832451,0.0250178466953445,-0.2543035912730005,0.9620246914678584,9116,19124.5642494905,-0.005460474987494514,0.8203704997816447,0.6730077569119854,-2.9939794919357885,2.988406190086422,5.98238568202221,0.03902393212588449,0.5063770235443332,0.8203886723371274,6292,11559.465024424517,0.013603542879221808,0.9036251069353946,0.8165383338840032,-2.976025049588551,2.999868191410589,5.97589324099914,0.04404786168616373,-0.15333507209043917,0.9037274977906061,8785,17415.684600473272,-0.003499254464872845,0.8027719160482243,0.6444427491957372,-2.9994221836518418,2.9890445439051225,5.988466727556965,-0.02312797597453594,0.9405399845169975,0.8027795425753868,5728,9888.836592186124,0.004421440544514086,0.9464479703863409,0.8957637606484239,-2.994122959048742,2.9758873898516343,5.970010348900376,-0.01681637806025994,-0.21837095336071144,0.9464582979640004,9717,19765.5225930312,-5.3439932127899585e-06,0.822872979708669,0.6771199407346237,-2.995660120467507,2.989902522428833,5.98556264289634,-0.03597992283514242,0.2449252105193076,0.8228729797260218,6729,12583.844401585306,-0.00415789638126131,0.9650931877466747,0.9314048610350384,-2.927697838484208,2.985526569643644,5.913224408127852,0.026833948991207508,-0.19180655763483356,0.9651021444061534,8198,17532.88310152814,-0.0001246483855224868,0.9001117649668179,0.8102011894316801,-2.9336611450836223,2.9921383370466987,5.925799482130321,0.014329359338572706,-0.13590400337609587,0.9001117735975349,7484,15429.25751785715,-0.004983591288270099,0.9779837485134897,0.9564522123564966,-2.9847686645838607,2.9895950819505215,5.974363746534382,0.04027642492879518,-0.40999545632526324,0.9779964460766845,10224,21476.27473161987,ADHD_part1,v6p.mat
-0.03535679417638561,0.7528257256183964,0.5667465731528651,-2.9914072931905777,2.9988897021646856,5.990296995355264,0.0053044803938206335,1.993018359118011,0.7536555420397945,5589,8609.04216020053,-0.04323418518151042,0.7295121347699381,0.5321879547765924,-2.999810620754956,2.9957533288382296,5.995563949593185,-0.023951814865132075,1.9821252826899487,0.7307921383983969,6275,9650.199195345136,-0.007744313658000752,0.8125080469995067,0.6601693264389527,-2.999406183391044,2.9980576954892433,5.997463878880287,0.06677169003818215,0.9863782997840467,0.8125449531152023,4503,8325.37839978629,-0.008203712056171073,0.8822053874991315,0.7782863457324928,-2.9897178131567084,2.9988589142777076,5.988576727434416,0.10042968390626318,0.4171559469535091,0.8822435302250696,4636,9780.52781074353,0.0028273441238982956,0.8857194463697473,0.7844989376775318,-2.9947421752811407,2.9986056003986037,5.993347775679744,0.047199443377188864,0.2793531230439732,0.8857239590032138,5051,10704.17506502698,0.005288539612443702,0.934468117901187,0.8732306633737866,-2.9972466396613586,2.99813976433051,5.995386403991869,0.0268035058478812,0.12401458891861195,0.9344830827923098,5111,11282.58216636512,0.0029677371740547877,0.8805823022755089,0.7754251910808359,-2.9949046569634143,2.9982270437554535,5.993131700718868,0.059109311836949396,0.3026500528862601,0.8805873031930281,4723,10053.093601906967,0.0020721695805240425,0.9451204437984262,0.893252653285734,-2.994398167381729,2.9957381987743275,5.990136366156056,0.05597695271491399,0.08290165471072575,0.9451227154039334,5561,12457.500968683118,0.006021326015200648,0.8851579766103556,0.7835046435569388,-2.989758377933642,2.995329443643888,5.98508782157753,0.04131368059510095,0.3598543277659725,0.8851784565407815,7892,16117.433436904917,-0.0032634489110947512,0.9576188521221872,0.9170338659398154,-2.9960495109738647,2.9954532381145667,5.991502749088431,0.0397569330048419,0.020953172155552924,0.9576244128250964,7725,17518.1484359493,0.001078112711051418,0.832820996205499,0.6935908117207197,-2.979585455369042,2.99893038958872,5.978515844957762,0.043950757586343814,0.7967908557589554,0.8328216940304433,6357,11739.439133319584,-0.010329664637441048,0.9219775382402753,0.8500425810195983,-2.9972507428018487,2.999950991285959,5.997201734087808,0.002875805185021583,0.27590065557776233,0.9220354022439271,6513,14074.083681282978,0.004521803580460059,0.8321970957196069,0.6925520061241486,-2.9818522658949833,2.9904253019204154,5.972277567815398,0.0030029677201793767,0.5340304615422791,0.832209380403615,4914,9704.409700922975,0.002395189432263538,0.9162259519326068,0.8394699949948115,-2.999503347535918,2.9995877268886297,5.999091074424548,0.039310467131038314,0.2173158554636112,0.9162290826683183,6073,13390.96005575811,0.0009284081401369313,0.7838155030624785,0.6143667428410862,-2.991797322384565,2.9972892816458634,5.989086604030428,0.028045811726739634,0.8055121608631479,0.7838160528993782,5516,9894.305819561529,0.004198109074326428,0.9138315707447312,0.8350881396897827,-2.9973180261961727,2.9976072153328794,5.994925241529052,-0.021469750484458327,0.2828725577703679,0.913841213674226,5756,12488.097225130594,-0.002090304795047784,0.8475179878046932,0.7182867396525161,-2.9981227353545927,2.9986868816754346,5.996809617030028,0.07944557742663544,0.7771762376102709,0.8475205655479118,5678,10767.722689300457,0.002937668628145352,0.953818681455746,0.9097700770939778,-2.988941015966095,2.999193078950954,5.988134094917049,0.04645280366036604,0.03332630750265819,0.9538232053116272,6361,14451.457943696438,0.003742413798813495,0.8901930446860097,0.792443656807348,-2.9998306050400796,2.9994090473952215,5.9992396524353016,0.07597370863841259,0.3031244148343637,0.8902009112938435,5917,12531.199331650687,ADHD_part1,v20p.mat
-0.015757219800709057,0.7439358791410595,0.5534405922733812,-2.999280960685935,2.99859909904557,5.997880059731505,0.23082305913238996,3.002762149034303,0.7441027363538109,3479,4477.037401722502,-0.03730205018480096,0.7255619875790346,0.5264401978196391,-2.9954669789913084,2.9864691411949438,5.981936120186252,-0.015618877816551715,3.3737236190225754,0.7265202273630298,3440,4234.771953613217,-0.001929074690531233,0.6715347675924492,0.45095894408544485,-2.995375203048518,2.9993605883120344,5.994735791360553,0.1423370726833525,2.6292922489831083,0.6715375383510638,4136,5368.787077988067,0.00021012072710357144,0.852611130005962,0.7269457390100434,-2.99345192938657,2.9978782250237352,5.991330154410305,0.08461784772648218,0.6975587730913162,0.8526111558974369,3642,7272.414379836793,-0.0018768062547332013,0.670990605161541,0.45022839221505095,-2.9802880489764516,2.98714023691818,5.9674282858946315,0.11899221818542183,2.5151404148837377,0.6709932299336326,3198,4427.140588571252,0.0038875326695340874,0.8349136235382552,0.6970807587697793,-2.9966634465936424,2.9957887352765247,5.992452181870167,0.021601335976710902,0.9370157509584178,0.8349226740722976,3448,6304.250414011681,0.0011916867353892427,0.6825715951465001,0.46590398250083764,-2.992811046377903,2.990653857617857,5.98346490399576,0.10762897975956875,2.1820057389265406,0.6825726354155379,3312,4619.911469132696,0.0046703642743865905,0.8199023103176729,0.6722397984642575,-2.9965879057604172,2.998380095313517,5.994968001073934,0.006139530623644638,0.894606779011963,0.8199156119788871,4035,7345.6258617557705,-0.0020572731701762183,0.7038826810929071,0.49545082874253915,-2.9946634694630645,2.983983246999221,5.978646716462285,0.07009906859765497,1.8299040212044488,0.7038856875341591,4028,6030.929533203071,0.008251665424658484,0.8109990212902877,0.6577194125338044,-2.9997482026973525,2.9986936920082092,5.998441894705562,0.026676527733772663,0.9963465186576101,0.8110409992818396,5083,9194.48928247672,-0.0021352253004684935,0.6912878930763854,0.477878951113988,-2.9990444223485544,2.9886709620184035,5.9877153843669575,0.121750397908504,2.0809041507548507,0.6912911906722605,7220,9688.258586032222,-0.006178075314689075,0.8175860528634443,0.6684469538368267,-2.9968659857050546,2.9924646866002913,5.989330672305346,0.0734774693462698,1.1731020577179523,0.8176093947915598,3162,5626.799879101741,-0.008716781780878407,0.6860326630754009,0.47064081480632647,-2.997381335697939,2.999088197868001,5.99646953356594,0.025116649865951125,2.5536861411437224,0.6860880388776224,2930,3995.7205806698144,0.00795713589949602,0.7360004656408945,0.5416966854236136,-2.9978208700982347,2.9859215242435737,5.983742394341808,0.028774778355884403,1.6148795655948174,0.7360434779517693,3968,6170.67659828626,-0.0034282618117193074,0.6760027496081066,0.4569797174777205,-2.9984191551863404,2.994906951221238,5.9933261064075785,0.05724532390102963,2.7851287986282793,0.6760114425486968,3844,5215.560267999407,0.00800571846077126,0.7863302695874098,0.6183152928694086,-2.998033085239285,2.996619452172291,5.994652537411576,0.030528499950773388,1.4874544998498997,0.7863710220992898,4573,7549.623377376989,-0.0027923950641711823,0.6999773540697042,0.489968296210424,-2.9917306774252768,2.982938612962401,5.974669290387678,0.10936932873998961,2.127810895799061,0.6999829238493025,2949,4232.558202770597,0.007895342899783829,0.8309486148674387,0.6904756005501148,-2.999053518689779,2.9974975451253547,5.996551063815134,0.02337499721815926,0.7773672155908948,0.8309861232232582,3613,7027.654728030862,0.001489153374807915,0.6810198241446155,0.46378800087796296,-2.9999929275033024,2.980286893614557,5.980279821117859,0.13084898232967954,2.315110097656694,0.6810214522727875,2906,4144.720566142021,ADHD_part1,v29p.mat
-0.035948111164997375,0.6754231358015214,0.4561964123759604,-2.9988711481569683,2.9993212313383313,5.9981923794953,-0.19984831643817838,1.9451360140458922,0.6763790942010933,4785,6757.570525389297,-0.03906027316276282,0.677127742175343,0.45850197922347774,-2.996962571440277,2.9660991347031422,5.963061706143419,-0.2721057993299683,2.318477622934436,0.6782534070412234,4077,5653.179047688464,-0.00963390898213456,0.9701918299483333,0.9412721868984958,-2.9899130158070193,2.9950050855040895,5.984918101311109,0.007429701408547495,-0.07316812650432869,0.9702396606513114,4243,9827.50059613034,-0.013243520037415139,0.9584898459256108,0.9187027847425011,-2.994733446742819,2.9997291537558874,5.994462600498706,0.04115713532357364,0.010283996286422514,0.9585813348722594,4449,9936.031844570116,-0.001444458893697994,0.9819881454610082,0.9643007178259503,-2.9543321594858147,2.997130226014496,5.95146238550031,0.05790376426216894,-0.15939130457705097,0.9819892078263619,5367,12200.834544478155,0.0013081412190883612,0.9355722846497085,0.8752954998046752,-2.9977867638409528,2.976236559510033,5.974023323350986,0.07611957593088363,0.020802986944735924,0.935573199187602,3364,7669.58702547483,-0.0037759423219007313,0.9746894123971961,0.9500194506391915,-2.9956051785939786,2.9903892855533156,5.985994464147295,0.03659875828442147,-0.14831195077044113,0.9746967263613897,4780,11048.996463650074,-0.0005761870341872854,0.9768401725426755,0.954216722693204,-2.992151680514931,2.992428661339591,5.984580341854522,0.02582821150786034,-0.031616303200508344,0.9768403424739901,4732,10836.924944512777,0.001257976682341355,0.9975131087986172,0.9950324022250818,-2.8332306230138626,2.7851607062381336,5.618391329251996,0.0037790241626513427,-1.1768074690315822,0.9975139020236335,12052,25164.934384162807,0.011763739940611419,0.9514421937311945,0.9052422480120279,-2.998472159431812,2.989940330361699,5.988412489793511,0.01947746248519476,-0.008389703446589625,0.9515149150640878,4103,9126.528164354542,-0.008697577884371565,0.9440287432650661,0.8911902681106201,-2.983973877119059,2.997383801706103,5.981357678825162,0.009813305985996754,0.016238003425178782,0.9440688089179066,4473,10110.147951627467,-0.02082634611100671,0.9415175271715134,0.8864552539711614,-2.9985112577865696,2.989757593536829,5.988268851323399,0.017539744797648676,0.11905729675275101,0.9417478381517511,2449,5573.7286159205405,0.0024320457839125498,0.9364433647919538,0.8769261754628763,-2.9967236600112606,2.9926701180916386,5.989393778102899,0.039626121561545255,0.026315829101542842,0.936446522931006,4167,9147.059023637816,-0.006613742488567921,0.9713041292123477,0.943431711424957,-2.994030554728843,2.9894608107715497,5.9834913655003925,0.036778352726059345,-0.06494638602640013,0.9713266458893538,3255,7873.931502577385,0.0031908077208386044,0.9429209194423656,0.889099860322036,-2.9966333995172265,2.990283415817062,5.986916815334288,-0.031473318866870256,0.05348572632289006,0.9429263182115278,3332,7735.0696161952765,0.0005349395070312978,0.8573711216789774,0.7350852402890679,-2.9787214122680425,2.9491393196635864,5.927860731931629,0.008229682796617462,0.20402000800900622,0.8573712885613467,4052,8162.937887816046,-0.00729447002541359,0.9604467809817825,0.922458019098268,-2.982929605916374,2.9860351445366553,5.968964750453029,0.013763680418498408,-0.009699228698562656,0.9604744808641298,3786,8776.606497333885,-0.0015412015743044257,0.9812787002885044,0.9629078876398963,-2.9671844491380552,2.9951992276093695,5.962383676747425,0.021567337192559335,-0.001983985798869714,0.9812799105974753,2261,5356.637466737613,0.000790372973982865,0.9748268375234038,0.9502873631558808,-2.986155872145133,2.9899182349262388,5.976074107071372,0.04256894597623147,-0.07178961367708103,0.9748271579338148,2214,5302.985565083945,ADHD_part1,v8p.mat
-0.05511121093189628,0.6746991037233415,0.4552188805650804,-2.999305696167276,2.9983355349974,5.9976412311646765,-0.4268322101849526,3.883744858770659,0.6769461766901859,3173,4170.12480551193,-0.056370978813602625,0.6477524024549024,0.4195831748860978,-2.9977436230014476,2.9970433247234176,5.994786947724865,-0.4759518071310804,5.0046775459448085,0.6502006322193953,3303,3649.836395759491,-0.023454528662189937,0.8525764180178024,0.7268865485600664,-2.9868170354601546,2.9988695466693636,5.985686582129518,0.048650269118108345,0.803042269508313,0.8528989761248583,3511,6745.141712446496,-0.015839816505089536,0.719583163586893,0.5177999293177212,-2.9928673329262256,2.997114777031234,5.9899821099574595,0.2017700063930287,1.7558398277652971,0.7197574793669297,3615,5576.899236307201,-0.00037303897967608436,0.9227144306397048,0.8514019205107547,-2.995599920259324,2.9900420676719177,5.985641987931242,0.041725202427360095,0.26596183370336,0.9227145060466077,3498,7876.64721544138,7.235008005670237e-05,0.7054753046791254,0.4976954055121049,-2.9514144896908694,2.9775545913144263,5.928969081005295,0.16714536430008936,1.1066725819721217,0.7054753083890598,3336,5425.58965128569,0.0010903065230643972,0.8958933078942607,0.8026248191297205,-2.9910501436732373,2.9872962441394106,5.978346387812648,0.05235091988784732,0.33478310918422727,0.8958939713481918,3671,7879.681220085028,-0.0028383859611701367,0.7023265057186628,0.4932625206349869,-2.998051196577552,2.9849339544705726,5.9829851510481245,0.019178086649072043,0.6375283038858286,0.702332241229072,4220,7181.3600460965945,0.002816042424180504,0.8493563904349617,0.7214062779727071,-2.9986027118741028,2.9874843792481465,5.986087091122249,0.05431159549026487,0.4910148243692172,0.8493610587186358,3357,6719.199732312699,-0.002750654304696222,0.6878215014377761,0.4730984178401166,-2.9720438760263037,2.942498976625396,5.914542852651699,-0.009344756718718948,0.8079094950796231,0.6878270014612836,4618,7495.8228356831205,-0.008062616214737578,0.8453129291903082,0.714553948256299,-2.9946491647103937,2.9995426141195565,5.994191778829951,0.050840637055267354,1.017701814001569,0.8453513790350882,3707,6977.32519797202,-0.006360518618151382,0.6545594220266351,0.42844803696384254,-2.9947016288073267,2.997540441918263,5.99224207072559,0.19537757950984827,2.2117853622470234,0.6545903246771483,3644,4908.682464460669,0.005791045087051653,0.8930948492212106,0.7976184097054569,-2.9898499219469405,2.993448101840259,5.983298023787199,0.0445287834724467,0.44594409138887725,0.8931136242990907,3723,7998.239272853857,-0.007954290467969947,0.6441848274834879,0.4149740919599311,-2.998623965444944,2.9953153118993647,5.9939392773443085,0.1313659544192075,3.3198610937775124,0.6442339347603322,3733,4475.302716610737,0.012197550687575734,0.8941263274335001,0.7994618894097186,-2.9966651156261848,2.9662374522135653,5.96290256783975,0.025979333353969555,0.3563967591515782,0.8942095222331815,4545,9807.332410319068,-0.0034789627121419708,0.5534604346743555,0.30631845274992653,-2.980344647025897,2.982540925986576,5.962885573012473,0.023337975870384327,2.142397622348251,0.5534713686646122,5566,6692.738539891203,-0.020505761052492872,0.889587318474326,0.791365597190342,-2.9991738255206197,2.9894637939916686,5.988637619512288,0.01565638258443244,0.6056991591759076,0.8898236248980378,2885,6087.001258148495,7.8179269446782e-05,0.7346999149593649,0.539783965041298,-2.997314750364183,2.9938497848278836,5.991164535192066,0.13528173429951876,1.1186308436663532,0.7346999191188851,3214,5507.689299324405,0.0034730284970266602,0.9455342865062292,0.8940350869588438,-2.9923672520105153,2.9985737377964905,5.990940989807006,-0.00559670626716882,-0.0332712230102481,0.9455406648504256,3701,8797.715855124994,ADHD_part1,v18p.mat
-0.0469092159547162,0.8410655200079741,0.7073912089462839,-2.9985842388911235,2.999249379663714,5.9978336185548375,0.10823375366403849,1.8774209088024634,0.8423726511988444,8363,11915.643607855634,-0.05254078728419424,0.833805259833785,0.6952312113264857,-2.9851699274078975,2.9987275682051853,5.983897495613083,0.15319144214212682,2.102739042719808,0.835459002976764,10389,13468.92155714082,-0.002436641334144431,0.8787373885925843,0.7721793981105146,-2.991395671224572,2.9833011457064815,5.974696816931054,-0.009047229856090667,0.18164810433985812,0.878740766854199,10250,20326.16534637577,-0.0009227009333334057,0.8159230605356398,0.6657304407138454,-2.995667066966643,2.9983898954507446,5.994056962417387,0.021281975414395006,0.39919545713706395,0.8159235822617568,13441,22755.184091206112,0.0036917868412536603,0.8728206894769351,0.7618159559789924,-2.998141832744737,2.981703168260774,5.979845001005511,-0.027436805040983017,0.31437983210231746,0.8728284970537303,6094,12125.766026468587,-0.0012011669570676981,0.814591641591756,0.6635595425511518,-2.9968438771846704,2.998814758025725,5.995658635210395,-0.08888495734330681,0.6757273233689731,0.8145925271896438,10567,17924.456944801695,0.0025759318063384275,0.9153486258130681,0.8378631067778721,-2.993127816667681,2.9959640177489155,5.989091834416596,-0.011159517795954749,0.21261828786107673,0.9153522503400224,8832,18089.247121820732,-0.0006492581873771732,0.8498991825691793,0.7223286205317592,-2.9973365567615624,2.997708642923737,5.9950451996853,-0.0997259080724907,0.5018573052447324,0.8498994305610241,11837,20680.152690553245,0.0034788106488958274,0.9370499714975121,0.8780626490834882,-2.978841879287201,2.982015669041274,5.960857548328475,0.008241727525965418,0.16088407878988553,0.9370564290409725,7950,16723.633415043074,0.0015997574684856416,0.8885293484085655,0.7894844029833499,-2.978346224096075,2.995157032794947,5.973503256891022,-0.0437268062608416,0.33080838926570433,0.8885307885533894,10256,19875.717622255484,-0.004012949003678359,0.8616361714960846,0.7424168920304302,-2.999501752429491,2.9991878331122583,5.998689585541749,-0.030877831571784396,0.13367451499667915,0.8616455163175493,12897,24082.47955911165,0.0011645798458866728,0.7818596840306319,0.6113045655124795,-2.9968863584638905,2.9939303563056425,5.990816714769533,0.05277666615621411,1.009084868825199,0.7818605513508767,11609,18118.325550577512,-0.0016810400510954555,0.8435668374392828,0.7116050092273134,-2.992431694228598,2.9903661652641955,5.982797859492793,-0.05759778296396863,0.4424363973967984,0.8435685124060563,10529,18858.547768480832,-0.0006095034489562573,0.8216747252003342,0.6751493540330449,-2.998875694112258,2.998850902048785,5.997726596161042,-0.02532137355246979,0.46828902190621857,0.8216749512596202,14409,24149.15695782123,0.004683343173010591,0.8929853562746537,0.7974228465209703,-2.9981510841538177,2.9989252167509877,5.997076300904805,-0.03126239203381099,0.31318830536091546,0.8929976373004838,8155,16079.900200154681,0.011127588370712446,0.744356145042597,0.5540660706626755,-2.998204492743957,2.998852584986575,5.997057077730532,0.042610876103977034,2.7818500211942956,0.7444393151128059,7698,8813.292927483419,-0.010189300429159782,0.8642142622354307,0.7468662910511299,-2.9997892582910084,2.998621646425619,5.998410904716627,0.02479335733176056,0.2850249065226298,0.8642743273373132,9499,18361.802950106674,0.0017545221417463162,0.8068552369101274,0.6510153733292978,-2.998084156891459,2.994342394608101,5.99242655149956,0.004747457920701044,-0.08411431006268977,0.8068571445288464,19588,31393.42585272272,0.0006514499959886373,0.7720430650394057,0.59605049427544,-2.997473837243428,2.998897750626206,5.996371587869634,-0.028650599470532504,0.18587513694426416,0.7720433398861345,19822,29689.431545868592,ADHD_part1,v27p.mat
-0.0051480048437928545,0.7913369602579522,0.6262141846702959,-2.9958022412699767,2.9813191865619935,5.97712142783197,0.03856758048629314,1.4606147163602516,0.791353705130751,2587,4571.981569381289,-0.0011421852835667937,0.6967985696250167,0.4855282466314693,-2.9972869807048417,2.9845327231177006,5.981819703822542,0.11507740257159914,2.248137026984555,0.696799505753765,2269,3363.5517621892905,-0.0006805519314269757,0.9296038565725656,0.8641633301545871,-2.989990080832554,2.999285155993166,5.98927523682572,0.01454536613953788,0.17332830328504656,0.9296041056845212,2531,5708.941498958304,-0.0027833484712369272,0.9040369741003293,0.8172828505404796,-2.995716003856975,2.9986291411922417,5.994345145049216,0.0652095855389419,0.35891562262100907,0.9040412587759432,2203,4763.723705348146,-0.006227383105824551,0.9393023021242636,0.8822888147759413,-2.9942883102431,2.9900630686800147,5.984351378923115,-0.013050794878517201,0.06630198259412623,0.9393229450387592,2531,5815.0517511979915,-0.00556313650072757,0.9027406537139875,0.8149406878679574,-2.9977280173209944,2.996445032800915,5.994173050121909,0.061647937446326975,0.2912689644982862,0.9027577949570322,2525,5404.5467985927135,-0.004002888825320031,0.945360083748216,0.8937056879444341,-2.998276949638303,2.9878707954795756,5.986147745117878,0.021439878964484873,0.05633561182364444,0.94536855832177,2707,6253.0248770994185,-0.004645068797161903,0.9071569852072642,0.8229337958103324,-2.966875708430252,2.9955662910942813,5.9624419995245335,0.09026993756975538,0.3122048758359157,0.9071688775936169,3293,6952.825850542202,0.004117568656350663,0.8932352747549643,0.7978692560665767,-2.998667966637084,2.999298787833536,5.99796675447062,0.09789258320443375,0.41319766838342264,0.8932447651333965,2943,6122.444717784431,-0.004834342956046669,0.8960684403911724,0.802938649865068,-2.9939748550858725,2.99704959818271,5.991024453268583,0.105290795272924,0.36685616466742577,0.8960814810813159,2596,5555.080308340344,0.01388425765033644,0.7485176324203214,0.5602786460441234,-2.963389241071726,2.9923572866949844,5.95574652776671,0.07389339320141132,1.1609920174814832,0.7486463909314092,2778,4725.397667338524,-0.008511872228836011,0.8163243303052445,0.666385412248306,-2.986752839601202,2.9970795827807315,5.9838324223819335,0.03310468715696255,0.7755351355219293,0.8163687060496294,2120,4101.217191338583,0.00026057665835835584,0.951682775276901,0.9057001047587445,-2.997349988681423,2.9974877159723468,5.99483770465377,-0.035123911436621316,0.1384656360115213,0.9516828109506545,2635,6184.835548503426,-0.001886394514796529,0.8779340705488029,0.7707682322303904,-2.997591130374341,2.9927842147315142,5.990375345105855,0.16496495392918983,0.39148677367004314,0.8779360971703213,2533,5284.01242383868,0.006765775162459105,0.8749631488030188,0.7655605117632936,-2.9885107846181946,2.9993543871733435,5.9878651717915385,0.021155792249677004,0.3471413334593092,0.8749893070642879,2844,5851.197231872916,-0.0010342303156900955,0.8341572307679057,0.6958182856423811,-2.996520344084789,2.999860064669778,5.9963804087545665,0.20919885249527356,0.7192800875662257,0.8341578719131811,2577,5029.780899578188,5.253751613204659e-05,0.95313821199086,0.9084724511571336,-2.980856640435726,2.994420279246851,5.975276919682576,0.06687016438857421,0.1180480203967349,0.9531382134388088,2309,5352.629010924222,-0.004852016442300435,0.9174442950968682,0.8417040346057894,-2.998034453616449,2.994659588878799,5.992694042495248,0.07296638837902497,0.2045552798071819,0.9174571252485566,2399,5380.379288271864,-0.003848778574444736,0.9207747892092663,0.8478262124433688,-2.9828380668698804,2.9835328024592536,5.966370869329134,0.015703319998438322,0.18150844481410733,0.9207828329958611,3986,8412.68934450956,ADHD_part1,v24p.mat
-0.09754121009723879,0.7597633454645932,0.5772403411115508,-2.9998515034810866,2.9970167330320554,5.9968682365131425,0.12243402691110386,2.8507913526920907,0.7659991049464643,5581,6384.342363267393,-0.10116120009734784,0.7670950804875323,0.5884348625081737,-2.9988323883979016,2.9992963336217424,5.9981287220196435,0.21510618442620322,2.6825834746288564,0.773736680604784,2810,3511.129573610242,-0.0023374429824561194,0.8924030877318484,0.7963832709933371,-2.9836705959880003,2.9972283091196474,5.980898905107647,0.046237106238713216,0.025373510111732944,0.8924061489215733,6594,13214.814797743273,-0.012168847430415047,0.876258951352198,0.7678297498248537,-2.9772152675807657,2.9981842624230475,5.975399530003813,0.11673485723396705,0.6355678703879626,0.8763434433329427,4864,8920.338433481376,0.00022086404740354437,0.8894557962510119,0.7911316134845215,-2.9964044705365764,2.9988349766790194,5.995239447215596,0.00336231289464488,-0.016471261826301653,0.8894558236727943,7250,14295.685957707155,-0.010361221609197155,0.9133900532396007,0.8342813893570404,-2.995862139807942,2.984241913590284,5.980104053398225,0.06645194307081656,0.3243028060887707,0.9134488186375169,2897,6196.268736802988,0.001018297510142561,0.8816962557143072,0.777388287340629,-2.987380408614928,2.9858310486968764,5.9732114573118045,0.0331594485676566,-0.032159047023870624,0.8816968437453138,8162,15493.044841968549,-0.008508300708922324,0.8809613103024887,0.7760928302498779,-2.995834998681816,2.9850042410447344,5.98083923972655,0.06662481226819886,0.6338716447031847,0.8810023958144672,3813,7453.273908267894,-0.002505213539650215,0.838735555994029,0.703477332888613,-2.991723756323626,2.990315183859917,5.982038940183543,0.021751473014326686,0.3951311420438084,0.8387392973883436,5285,9945.579291138245,-0.00802049478700639,0.8854486834024775,0.7840193709391808,-2.9990419555528502,2.993078038560857,5.9921199941137075,0.08834033964117932,0.5603768051760873,0.8854850079339622,4237,8292.811975475392,-0.006295941143435246,0.8208466082057674,0.6737891542029125,-2.9836751037547447,2.9890538951930474,5.972728998947792,0.09689783323860346,0.521534299071786,0.8208707529677215,7550,12669.990001713713,-0.02039362971842606,0.812051870810278,0.6594282408864723,-2.995787776650079,2.999551858502457,5.995339635152536,0.3445022072744031,1.5557742511663744,0.8123079102283596,3778,5795.5181794311975,0.04315408084619765,0.7800736535345778,0.6085149049387845,-2.9796572460759596,2.966321907360202,5.945979153436161,-0.069055228723588,1.053941359093785,0.7812663947927523,4609,7552.0822604924615,0.002766409391961414,0.8263585870957474,0.6828685144668799,-2.9944058674370333,2.9937956829823587,5.988201550419392,0.11358749601469002,1.1670928345182423,0.8263632176517804,3388,6037.14575004089,-0.001894198680202813,0.7771730333684413,0.6039979237951045,-2.9946164208775476,2.9983967933392752,5.993013214216823,-0.06221275856419271,0.6817195465333725,0.777175341723954,7302,11993.759007630699,-0.01432533600348982,0.842690294978921,0.710126933251661,-2.9983767274705264,2.9975223708960614,5.995899098366587,0.12059884946013275,1.0042799607827888,0.8428120481479093,5204,8960.319187307854,0.00022356186286668354,0.8933694486437243,0.7981089717699918,-2.968104249709353,2.995188585216107,5.9632928349254595,-0.01470340930162445,0.23630983657434879,0.8933694766164213,4290,8813.7188136174,-0.00825118232602523,0.9111706846950425,0.8302320166476326,-2.982081321728595,2.995979119460657,5.9780604411892515,0.05568113285435506,0.3363377885478154,0.9112080435649205,4318,8991.621316759394,0.0008481018985972764,0.7535055773267538,0.5677706550625247,-2.999040345197431,2.9904028112589596,5.989443156456391,0.14312764444044832,0.9548059492715035,0.753506054613601,5029,8237.789195857184,ADHD_part1,v14p.mat
-0.035009568716200506,0.7386193097128237,0.5455584846806483,-2.998414208608858,2.9969603447717885,5.995374553380646,-0.1581716766280623,1.5433821568520747,0.7394485476233911,6833,10977.496109631022,-0.03224751825885411,0.7070767489615187,0.4999575289219905,-2.9995181129866713,2.9934258836676526,5.992943996654324,-0.21960076562038197,1.3935311655547196,0.7078117202730156,11087,17089.809553817977,-0.006557346657499914,0.8896157240337494,0.7914161364480922,-2.999103983368957,2.996775325717906,5.995879309086863,0.04485437524262394,0.2816873223373566,0.8896398907666397,9329,18870.228090661403,-0.010867026437600704,0.9555393728844648,0.9130554931324363,-2.996903174730574,2.9978996511733995,5.994802825903974,0.0578810208242247,0.005562189644362725,0.9556011643965446,8189,19060.903384110035,-0.003381598813536455,0.8688909917402614,0.754971555527375,-2.9990324531080836,2.998443860818451,5.997476313926535,0.0024692167524539978,0.3673857805587182,0.8688975720635377,10095,20063.81952205773,0.0027663836548114163,0.6753423286826066,0.45608726091044577,-2.999941404413592,2.9991184423095194,5.999059846723112,0.072262440847045,2.7398004694828604,0.6753479945842524,18739,20826.740959461527,-0.0033470445891520683,0.8689833086928235,0.755131990786727,-2.99479868177688,2.9960912376600386,5.990889919436919,0.0015450267699512004,0.3586085507202892,0.8689897545392632,8819,17700.229034988337,-0.00022662464055052918,0.969272212755046,0.9394886224190633,-2.999801863303287,2.999977502232989,5.999779365536275,0.0175934508653599,-0.098645223943441,0.9692722392484945,9843,23153.68951188395,0.0017255660463718428,0.8735873936184101,0.7631549342890069,-2.9975187198287547,2.9969343461360882,5.9944530659648425,-0.023303782724612563,0.37306742161962525,0.8735890978413062,6875,13881.388791013975,0.020153243655348516,0.8993831993878868,0.8088901393411912,-2.993614943907907,2.997864370545471,5.991479314453378,0.1251392147886391,0.1034536362653875,0.8996089664798941,12730,26442.58441150107,0.0023028205307055794,0.8157263082493387,0.665409409970095,-2.9979057611621673,2.998975513362611,5.996881274524778,0.05082997087677573,0.701807118007836,0.8157295587095589,8579,15821.28869234328,-0.010646572465857821,0.9354501588328453,0.8750669996603955,-2.9927140991308736,2.9964800124006,5.989194111531473,0.039683283955994415,0.12270300037715609,0.9355107424106182,8466,18842.536688597476,0.001396767867966456,0.8678982302726891,0.7532473381104656,-2.9978466048639816,2.99816868505224,5.996015289916222,0.004827960502540991,0.37057308098537733,0.8678993542289005,6385,13094.207742756735,-0.005556465470512746,0.8766070554300467,0.768439929629737,-2.9992451878407014,2.995580909915494,5.994826097756196,0.04703988752057405,0.15864897674259248,0.8766246653718237,12415,25630.677149580886,-0.0017032913245751838,0.8681288993174628,0.7536477858301495,-2.999697209057814,2.999230480522827,5.998927689580642,-0.011360151066227992,0.3501535721574993,0.8681305702666424,12947,25378.11012153349,-0.0017751998549616467,0.9489154021284387,0.9004404403965766,-2.995668983737472,2.9955288540127363,5.991197837750208,0.0014172742685738655,-0.04767718809965782,0.9489170626198591,14024,31382.283685315604,-0.005426383865195032,0.8968301291582458,0.8043042805659958,-2.995867454295541,2.999889897349046,5.995757351644587,0.05705779082041024,0.27599640300808614,0.8968465455181551,9335,19251.495430865645,0.0016695881796377975,0.9710558062550928,0.9429493788617284,-2.9931619748858984,2.989461135494935,5.982623110380834,0.011060233673883773,-0.07560788782235939,0.9710572415601554,11274,26440.236798295533,-0.0033384423248104256,0.8931431940915873,0.7977047651521226,-2.9942670611378928,2.9997360547126246,5.994003115850518,0.0009314208079600489,0.22912008260120764,0.8931494333812673,13018,26202.194391626716,ADHD_part1,v15p.mat
-0.04330408669402015,0.8609308610648578,0.7412019475338775,-2.99259126016408,2.988258718300905,5.980849978464985,-0.016801362079420564,0.4785353420431373,0.8620192523710133,3565,7066.681809120698,-0.055943029914599866,0.8069155456019687,0.6511126977341227,-2.999987460195492,2.98740250059623,5.987389960791722,-0.18637172863172535,1.003373639608454,0.8088524713012555,3715,6681.370472643476,-0.003021302726027485,0.9820930011039145,0.9645066628172934,-2.980203565892698,2.9869889047946394,5.967192470687337,0.07151067557657198,-0.08817159627257576,0.9820976484481855,2769,6637.201380180027,-0.010113086634632108,0.9034376821168358,0.816199645468641,-2.9560571317315505,2.9994720707182356,5.955529202449786,0.06433341758719864,0.1747463725312568,0.9034942833188931,2689,5934.142583606103,-0.006423373153655743,0.9777575250689793,0.9560097778290156,-2.9891593622689068,2.997526946216279,5.986686308485186,0.04761653203997951,-0.1040187111645916,0.9777786240001807,2541,6131.051052327052,0.0010305167050938212,0.9136001588636922,0.8346652502757637,-2.979104040390431,2.996889527971268,5.975993568361699,0.03675263421317334,0.09086495421920127,0.9136007400612387,2566,5814.725706183999,-0.004339885295213813,0.9764462494156064,0.9534472779978046,-2.996287996177588,2.9951716011728573,5.991459597350445,0.09855689583015881,-0.10612409724584815,0.9764558938335003,2849,6956.479056778509,0.0011784903279823248,0.9767863745717038,0.9541116215489328,-2.9769386225282055,2.993889680496208,5.970828303024414,0.0537616232085108,-0.054410848980195325,0.976787085494268,2806,6678.958566703195,0.00015099003734939662,0.9758167729587611,0.9522183743876503,-2.9816878793835753,2.9944197034383055,5.97610758282188,0.03786945495518921,-0.10709922247297188,0.9758167846402529,2837,6865.518492880278,-0.005106053204242317,0.950511291938701,0.9034717161029784,-2.998806026131849,2.993695816118125,5.992501842249974,0.0445918349414239,0.11583586852921268,0.9505250064476489,3096,7198.455043207198,-0.008604149591674293,0.9081704441174925,0.8247735555685635,-2.9743355928169786,2.9878898586009455,5.962225451417924,0.05757004179273623,0.18564324365083928,0.9082112017360056,4117,8838.774640037806,-0.011452524902334359,0.8967681919160883,0.80419319003245,-2.9310121995503913,2.985376376583912,5.916388576134303,0.08921529764692139,0.24381265242878936,0.896841318383073,2621,5608.5688568166215,-0.0007024246362127641,0.9812532061910463,0.9628578546602079,-2.9824585643072976,2.99735136316668,5.979809927473978,0.0146005332236483,-0.09599274466121743,0.9812534576043936,2839,6840.811302486314,0.005145472746708674,0.55292811025611,0.3057294951113929,-2.9719194372665028,2.9833010350604114,5.955220472326914,0.20537799294819736,4.759607446038542,0.5529520512677207,4287,4701.369029189396,0.001043299347869402,0.9648501116123246,0.9309357378783153,-2.9839934498632195,2.978560220951326,5.962553670814545,0.02895083003375097,-0.1085490059228067,0.9648506756756946,3539,8457.840392309245,0.0020866741645484367,0.5726724695371279,0.32795375736575266,-2.997848685337652,2.9922959292949587,5.9901446146326105,0.15977224031233034,4.649292481473194,0.5726762711819144,4477,4988.484288457283,-0.0008375000212915305,0.9774781417720095,0.9554635176420607,-2.9971591665643595,2.9868206531249735,5.983979819689333,0.06168502781912328,-0.04278746485812768,0.9774785005555603,2473,6098.066729938121,-0.004344972524640633,0.97799864609897,0.9564813517714185,-2.997111489364198,2.9949020975838927,5.99201358694809,0.06478986612856204,-0.049526650659680094,0.9780082977959125,2654,6442.710478250543,-0.002075841972432476,0.9789561654151794,0.9583551738043921,-2.9916675641180293,2.9954375724418334,5.987105136559863,0.07370212781247043,-0.12052103296142169,0.9789583662874979,2786,6686.870393996843,ADHD_part1,v32p.mat
-0.028122214817515725,0.7280782311327841,0.5300979106494439,-2.9848868481565183,2.996815798059057,5.981702646215576,-0.010379706216468904,2.202098549000577,0.7286211427180016,3535,4884.810928629002,-0.0030787796935449257,0.9108492548784338,0.829646365112598,-2.9797921245689767,2.991603192843903,5.971395317412879,0.007967138587237799,0.12849871782658617,0.9108544581858286,2246,4926.430522309237,-0.006295720319006188,0.7267050327460384,0.5281002046184207,-2.981142681864909,2.9833888111087123,5.964531492973622,0.10828668568777611,2.255990620996939,0.7267323033364871,3340,4742.553752270855,-0.0105051074941186,0.7025233876896295,0.4935391102509135,-2.9970460802101457,2.999745930288527,5.996792010498673,-0.054316910327955166,1.7621932601857182,0.7026019267938116,1664,2764.9434423888415,-0.0007212681040550802,0.9764881111202466,0.9535290311591871,-2.968913463794652,2.9727550254669453,5.941668489261597,0.058659910607632204,-0.11013114299075255,0.9764883774970724,3689,8533.162155743463,-0.0017323888020002148,0.9772043650848287,0.9549283711408431,-2.996194829171101,2.991822661067723,5.988017490238825,0.02167645559480117,-0.11302234041178538,0.977205900673857,1963,4840.907501311138,0.007324490496862746,0.9742112923238111,0.9490876420912301,-2.9861609273744083,2.988690061058218,5.974850988432626,0.03662176481696099,-0.11820519921672057,0.9742388260854054,4384,10150.389944601999,0.006946566505030623,0.8068413597561169,0.6509929798130997,-2.9882758818896478,2.9983169692111873,5.986592851100835,0.09855737743728848,0.8334335372144097,0.8068712627174849,1857,3672.3945951446995,-0.0005243286203739707,0.9946158836014267,0.9892607559122468,-2.9964314989697427,2.983304692968578,5.97973619193832,-0.009629657126268504,-0.5305818475075306,0.9946160218057766,7649,16173.035497842966,-0.00254415152865038,0.5117139573845747,0.26185117418218234,-2.99907678751622,2.9874037782537903,5.986480565770011,0.4100881559827451,10.840280743797106,0.5117202818817944,2726,2120.1222425615606,0.008243202460863432,0.8613352034538805,0.7418983327089377,-2.9867662082935285,2.989421351493214,5.976187559786743,0.021148467609110082,0.3229927209830059,0.861374647349078,2798,5493.953913671045,-0.007543620039796504,0.9513773589864452,0.9051188791920233,-2.973536994596152,2.9974857255655256,5.9710227201616775,0.0247990063611531,-0.009305211436096528,0.9514072657885938,1902,4437.98845395127,0.004734575353807486,0.9500578659611782,0.9026099486747082,-2.984862957252132,2.981035858412538,5.965898815664669,0.03739360582161824,-0.14621454837474346,0.9500696631713323,5044,11053.885980757035,-0.011132624301238446,0.8410976161965471,0.7074451999715141,-2.9973013745972974,2.975309091454168,5.972610466051465,-0.07302891706592529,0.5711068995565172,0.8411712877264337,1706,3478.216737964013,0.06149795651700001,0.8382699759784268,0.7026965526268721,-2.999822608311528,2.952948806189968,5.952771414501496,-0.0360575078874298,0.4913239596618846,0.8405227845113058,5238,9088.91686817468,-0.003075806359315887,0.9775532492246132,0.9556103550695986,-2.990056042745674,2.9417166924107945,5.931772735156469,0.005567036912790732,-0.06874300133787825,0.977558088122828,2346,5688.283583306097,0.006712614223631731,0.5037268024117999,0.2537406914680165,-2.9767925085866938,2.987805953946537,5.964598462533231,-0.008813482111220468,8.76886057777563,0.5037715262474962,2861,2372.783868639777,-0.000595847441146853,0.9727069880896823,0.9461588846785012,-2.9950886432205763,2.969087581109296,5.964176224329872,0.021596501132568422,-0.04742815350623664,0.972707170587672,2071,5019.749899373528,0.0036096770503344275,0.9730595793930106,0.9468449450485027,-2.99714392002741,2.978920820340932,5.976064740368342,0.04438035204129372,-0.0927219348577526,0.9730662746272272,3622,8293.52600910272,ADHD_part1,v1p.mat
-0.027828538937216957,0.7298671458063758,0.5327060505275455,-2.995662561577109,2.9809236759231355,5.9765862375002445,-0.05250758409917705,1.539301525327181,0.7303974795321557,2701,4260.158186609104,-0.029389044738015898,0.7824735848783178,0.6122649110323259,-2.989000189984633,2.9990259251838634,5.988026115168497,-0.03819027466844429,1.0813503442149432,0.7830253041779295,3337,5707.466882694791,-0.0014072032776197643,0.7989500109470775,0.6383211199923353,-2.986085862384841,2.9705440515517956,5.956629913936636,0.11821548175822806,0.6250591335638882,0.7989512502107997,3196,5890.884285156868,-0.015473234839434429,0.9163700184019253,0.839734010625945,-2.985190712705841,2.998556884796534,5.983747597502375,0.010450057319240421,0.23272718342609844,0.9165006446382574,3380,7135.59368932088,-0.0002942234788822758,0.8271065143002548,0.6841051859979177,-2.9760282622377647,2.9850652161972935,5.961093478435059,0.0510700723940067,0.4005796867279994,0.827106566631757,2881,5706.764498805594,-0.0068136060792270085,0.9162939289321255,0.8395945641978709,-2.9859916975995744,2.9929082377045617,5.9788999353041365,0.029168265966694567,0.10356416486124109,0.9163192617345081,2890,6456.427812517514,0.005498629405583833,0.8501063492122495,0.722680804970979,-2.997092759961838,2.9551352984046315,5.95222805836647,0.03482995530960359,0.32504451997681594,0.8501241320515016,2393,4850.873358428782,-0.00148012074220513,0.9620994586406467,0.9256353683166255,-2.9896158003322184,2.9937636125319154,5.983379412864133,0.05091966345117481,0.04860655973743455,0.9621005971695669,3372,7823.108906615296,0.003235346155915146,0.7774965172327968,0.6045008343091286,-2.9997439072194787,2.9837149184996328,5.9834588257191115,-0.08154055120209075,0.8054314167327981,0.7775032487223943,4963,9051.502045143565,0.0036814320751263952,0.9455410301326748,0.8940478396643599,-2.9802634285205194,2.977905163085609,5.958168591606128,0.002311362892623929,0.1106319487910854,0.945548196871256,4894,11113.462469413887,-0.0006461228669449326,0.7872706699339124,0.6197951077381912,-2.9674183157814715,2.997960130509065,5.965378446290536,0.15225867943642893,0.6548636822597764,0.7872709350744193,3050,5632.21382026134,-0.013184700800384799,0.9166365269252589,0.8402225224936009,-2.994027042064987,2.9851952586086656,5.979222300673653,0.010400008839062882,0.23562565115114076,0.9167313449581598,3251,7068.255503740667,0.001453206626954297,0.7857373117100569,0.6173831230133472,-2.9908841959093797,2.990366612316852,5.981250808226232,0.025080974907487008,0.5307204076925003,0.7857386555482987,2532,4596.619374729863,-0.0015014033402844552,0.9242987915209455,0.8543282560070804,-2.9999087122831427,2.9926553421925246,5.992564054475667,0.052554926960555366,0.07882129394375603,0.9243000109375044,3776,8409.876174316858,0.002382163125443916,0.752169212751835,0.5657585246117152,-2.998359744128021,2.970222014598473,5.9685817587264935,0.04709052081389458,0.6637799624783538,0.7521729849661388,2955,5134.9244436626595,-0.0035626723763881093,0.9302514558847961,0.8653677711757828,-2.9947568349290825,2.9944914685689485,5.989248303498031,0.0405988613245274,0.09320045134380628,0.9302582780122111,3866,8688.674196574175,-6.480371707763509e-05,0.8403664964024784,0.7062158482757768,-2.9847043408732907,2.9852943281822166,5.969998669055507,0.06647638211951568,0.5311226152045152,0.8403664989011036,2503,4721.164689401674,-0.007897326476256716,0.9445641242251614,0.8922013847732462,-2.997471592215739,2.985445304752836,5.982916896968575,0.009514483796158515,-0.028528142097049347,0.9445971376934819,3230,7398.668273225887,0.0032750774207026775,0.864168556033997,0.7467872932378834,-2.986511165029486,2.9991174130991425,5.985628578128629,0.10693977132095153,0.3449235628807985,0.8641747620533679,2540,5261.19234950732,ADHD_part1,v36p.mat
-0.016673912082621645,0.9099860508559097,0.8280746127523343,-2.998017056701337,2.9990888662863435,5.99710592298768,0.023312470883209088,0.173324121458601,0.9101387982590751,4826,10729.401899785844,-0.01708550159283733,0.8928213499273904,0.7971299628861676,-2.9918663339812435,2.998600266218818,5.990466600200062,0.0014600380110187936,0.38376285972284263,0.8929848135611526,5116,10739.009230264772,0.00474301694873701,0.9732779627807734,0.9472699928346925,-2.9733170053132683,2.988382788162119,5.961699793475388,0.05681349787279847,-0.020632481636608357,0.9732895196417501,4510,10793.340132255656,0.0016985042035225844,0.9490760489707747,0.9007453467299764,-2.997472937458753,2.999055832907482,5.996528770366234,0.03581997204174973,0.11073560562428231,0.9490775688248595,4276,9769.68859211506,0.0072517517832643074,0.9678168386898978,0.9366694332517076,-2.9902615949387354,2.9960265587229036,5.986288153661639,0.04961596051036511,-0.11176870511008152,0.9678440066227789,4209,10123.506960436494,-0.0011476996989668033,0.939231830252467,0.8821564309593991,-2.994645937329773,2.994635822945797,5.989281760275571,0.01984969721760795,0.02833962986200378,0.9392325314713061,4646,10644.381852455426,0.0025920949304293027,0.9566230092638132,0.9151275818529535,-2.99336918990762,2.9927992519192874,5.986168441826907,0.04812541088149177,-0.08737197539839947,0.9566265210671727,4721,11024.30390446812,0.0005277899119732904,0.8582476429526747,0.7365890166338219,-2.995631639248769,2.9996560070019984,5.995287646250768,0.061272082336307765,0.3041602496153635,0.8582478052380986,4362,9140.242352084368,-0.006077539341285173,0.7688793049319088,0.5911753855525752,-2.9989752981751594,2.9806177714826916,5.9795930696578505,-0.009625628828490563,0.6015205642458077,0.768903324246306,4333,7920.7080807852135,-0.00652146302758749,0.8059811956735339,0.6496056877793392,-2.9881229175528374,2.9954625890345037,5.983585506587341,0.04720788098923168,0.6296755851331888,0.8060075789093795,4902,8916.9584149334,0.0068292565510260856,0.9417820042128662,0.8869533434592031,-2.992752943650414,2.9999646946693557,5.992717638319769,0.014008497985653758,0.14232456431419926,0.9418067647900192,4687,10475.217063450818,0.00732157458203263,0.8617740498723075,0.7426545130333184,-2.991561045977306,2.9949822718315233,5.986543317808829,0.058052057769643735,0.9454828874578647,0.8618051511146118,4015,7326.797887124757,0.0048774233399845515,0.9462497396519726,0.8953885697914258,-2.9972281686392233,2.995104699200418,5.992332867839641,0.03435542472740227,0.022480412557186913,0.9462623098538074,4676,10699.876244302373,0.010716848549358298,0.7886844423986256,0.622023149681631,-2.99341999505035,2.9980403438197367,5.991460338870087,0.1222255596711725,1.7368747906892699,0.7887572506953334,4335,6565.226070300066,-0.0007471822439722768,0.9065708408993806,0.82187068956901,-2.9890360924104513,2.9942831505833687,5.9833192429938205,-0.007997744295898036,0.11864462412080234,0.9065711488075913,4442,9714.167886781346,0.000231104804729987,0.9172501176952955,0.8413477784120335,-2.9990861401394118,2.9865486945640822,5.985634834703494,0.00797201012149995,0.136521500155947,0.917250146809181,5250,11538.253961435847,0.0037920373264226158,0.9711839450203432,0.9431982550652771,-2.9895300211638056,2.9841183610518023,5.9736483822156075,0.06390010288884945,-0.0644660858506989,0.9711913480938564,4219,10172.359770518537,-0.0012835259198820564,0.9023429079028207,0.8142227234425183,-2.995946541647191,2.999951325935315,5.9958978675825065,0.009495653231186025,0.1606852009744455,0.9023438207697249,4338,9628.91397418118,-0.0060095997497189415,0.9371319670359161,0.8782163236406053,-2.9986542622196386,2.997813323734881,5.99646758595452,0.06066797611393779,0.08064729432342022,0.9371512358897881,4499,10117.72146016547,ADHD_part1,v33p.mat
-0.004379553103620545,0.953251460928893,0.9086883477630688,-2.9995613367515186,2.998605309085845,5.9981666458373635,-0.018448584889660793,0.1611655715490432,0.9532615214349398,2679,6131.0267875883,0.006797905723577424,0.9126166975261718,0.8328692366035761,-2.998060533788509,2.997498349678105,5.9955588834666145,0.08006030448890998,0.42758097372968873,0.9126420153191518,2805,5916.212759878186,-0.0032403360975390163,0.970165839748388,0.9412217566146949,-2.987270978121438,2.9931863978277837,5.980457375949221,0.020386884796884296,-0.07018013507773313,0.9701712510648416,2465,5920.468865417395,0.008384751706421027,0.9145525156660421,0.8364063039110863,-2.9915101635436927,2.9968833107234896,5.988393474267182,0.00812840508571103,0.30085458634759776,0.9145909511755869,2563,5463.264761022634,-0.002112671725852149,0.9666639755652432,0.934439241655601,-2.9972493076521394,2.996532643252802,5.993781950904941,-0.01834255078283209,-0.07156922051268744,0.9666662842146828,2733,6611.104509558661,0.005733730328988912,0.9632774191628801,0.927903386269099,-2.9984106637452332,2.973574209671941,5.971984873417174,-0.0022570747595205515,0.02125498956671601,0.9632944834953558,2967,7067.427741301153,0.006937700014375971,0.93073794546866,0.8662731231352222,-2.9814782582005797,2.990938361865979,5.972416620066559,0.009567595720041238,0.29555379358752676,0.93076380184057,2415,5364.097727764993,-0.00451864190063515,0.9603867836139546,0.9223427741403567,-2.9822934252612106,2.9994674332433893,5.9817608585046,-0.012777797966354065,-0.03893695476994408,0.9603974137121482,3079,7360.536624836923,-0.005822329805934068,0.9320140075093025,0.8686501101935502,-2.9956611055386757,2.9774843060455143,5.9731454115841895,0.024421077760565506,0.2222388049961661,0.9320321934986576,2226,5036.99896644346,-0.00022849971492734802,0.9397980591367965,0.8832203919572895,-2.9987817240559704,2.99724258855157,5.99602431260754,0.10257250207932626,0.09892216659230835,0.9397980869151678,3945,9175.732361944887,6.419858505000631e-05,0.9597303154330836,0.9210822783612862,-2.99930300424658,2.983946989606005,5.983249993852585,0.01871416232558539,0.019406413404216227,0.9597303175802796,3294,7640.632804886162,0.0005118828720278245,0.9649712182126161,0.9311694519787403,-2.992841899540826,2.998553390117495,5.991395289658321,0.010866240698600099,0.1209348865188522,0.9649713539804253,3111,7163.625296981044,-0.00263643305245387,0.9440538578432961,0.8912376865088103,-2.991371345773329,2.9918870276856424,5.9832583734589715,-0.0018036878401465665,0.03255495739162573,0.9440575391828882,2572,6119.829850309904,-0.005839119368878119,0.8897132478297982,0.791589663363848,-2.9998356351233677,2.991643828993521,5.991479464116889,-0.003082790789962886,0.3929776606301023,0.8897324084683281,3207,6818.358519322658,0.005058185138668516,0.8372488172840532,0.700985582043546,-2.9991717666854063,2.99322280040518,5.992394567090587,0.004217084100001597,0.7784993582226956,0.8372640964955101,2906,5614.780333409684,-0.003554392294885297,0.787992125619441,0.6209315900382449,-2.991320834962818,2.993548672081362,5.984869507044181,0.03331272277499125,0.8009949358331645,0.7880001419687886,4410,8360.993864401764,-0.0009501827301057128,0.9673027513345024,0.9356746127392981,-2.9968343969232523,2.9933644647104787,5.990198861633731,-0.008936404130403567,0.013221031451669862,0.9673032180172454,2395,5758.15088610488,-0.015179900987776593,0.7787217926887995,0.6064076304084577,-2.97862112805447,2.9967013451294284,5.9753224731838985,0.05011858318891876,1.3873585741500554,0.7788697322418278,2056,3684.012769621963,-0.0023500286531146822,0.9655309790085442,0.9322500714251979,-2.9797660911414883,2.9984309394811257,5.9781970306226135,-0.005710835043565144,-0.0222650234005215,0.965533838899429,2389,6011.902011488657,ADHD_part1,v30p.mat
-0.0069822455750969655,0.7783629807191333,0.605848929753974,-2.890222783358012,2.999793070179752,5.890015853537764,0.17093406270286057,0.8779061049251342,0.7783942969390545,2225,3626.8296741858876,0.004830956065541715,0.7673564777377636,0.5888359639261069,-2.9769501320748106,2.972679763168946,5.949629895243756,0.06884031405654129,0.5281728355297335,0.7673716844284875,1851,3218.8440669374822,0.0025556752402412937,0.7847060163204802,0.6157635320495577,-2.997947936998233,2.9656762410211472,5.96362417801938,0.04892706559009758,0.5390545899110308,0.7847101780437737,2797,4976.840366915509,0.009131399152998789,0.7117721806229719,0.5066196371087804,-2.970099016942964,2.9979190340971633,5.9680180510401275,0.06031284449444586,0.5409955268232625,0.7118307520466307,2542,4244.606824921209,-0.0014286213065679413,0.802827057147721,0.64453128368847,-2.94839031764308,2.996555097674393,5.9449454153174734,0.06007582669838853,0.18688236582497852,0.8028283282541215,3060,5726.655308648952,-0.0009643353891628024,0.8219427184001556,0.6755898323310376,-2.981250947460168,2.94640076868618,5.9276517161463484,-0.04021436128704831,0.17659503304539337,0.8219432840979848,2028,4065.975083680777,0.00046623708085881264,0.8218424136823499,0.6754249529272308,-2.961815263306069,2.951040035312228,5.912855298618297,-0.08474089359900815,0.13796943407604,0.8218425459321551,2518,5022.992927826928,0.0030070207023416536,0.8865327309894688,0.7859402831156459,-2.997128318070974,2.9902490155101513,5.987377333581126,-0.13019260445173317,0.11034369773089425,0.8865378307151647,2160,4686.852139360208,0.006368824893716144,0.9309831796105432,0.8667296807177569,-2.991693675128586,2.9715759574431444,5.9632696325717305,-0.09841479334530695,-0.074867129498557,0.9310049638150615,2957,6673.168458236557,0.003803217524583097,0.9690875714756615,0.9391307211885953,-2.9678241886458925,2.9574210591438823,5.925245247789775,-0.1350510549713801,-0.19764458009381425,0.9690950343759557,2084,4973.678427867824,0.0001186374611061053,0.7792735140675278,0.6072672097271534,-2.9741580044115787,2.978714817643756,5.952872822055335,0.07752730952407648,0.5218810032906305,0.7792735230982768,2269,4002.9745750826773,0.0037318301203738513,0.8289775456514851,0.6872037711943599,-2.98043719205954,2.9471496131446497,5.927586805204189,0.26041427716729504,0.3742205220955501,0.8289859454480561,1621,3185.8288024446674,0.0032352864588964247,0.7333498814193896,0.5378020485778328,-2.9559396590249403,2.966321360774653,5.922261019799594,0.054501123770354286,0.5469467432420716,0.7333570178680394,2486,4304.762194739176,-0.0026008664221137076,0.822545332683897,0.6765808243200627,-2.9960958259171617,2.9363820231821056,5.932477849099268,-0.07870404688528815,0.23715583640620652,0.8225494446087777,2260,4479.939764467863,0.0023406498083341667,0.751614287015219,0.5649240364453961,-2.90294194250198,2.991815091772971,5.894757034274951,0.007702494459764911,0.16998699496997016,0.7516179315895286,2419,4451.803495936831,0.008202950668737753,0.9478413639335066,0.8984032511833302,-2.9779501035696287,2.9944869696386136,5.972437073208242,-0.10662797572081881,-0.03684746433827435,0.9478768588709212,1880,4327.43361617661,0.0030031911017594547,0.7794909486771047,0.6076061390695325,-2.9520602092531445,2.975715241370108,5.927775450623253,0.0806571043026033,0.5219302876363812,0.779496733942052,1872,3479.086786784603,0.00023001736937132793,0.8353639967863384,0.6978330071268457,-2.9919777731728376,2.9996557312003684,5.9916335043732065,0.02734678944244476,0.07707373150966346,0.8353640284539644,2330,4724.082177318383,-0.00042253565733802085,0.8634915526481364,0.7456176614946893,-2.9905252318078315,2.9733004498340336,5.963825681641865,-0.13765566344582267,0.13612732940110117,0.863491656028633,2441,5116.850680529566,ADHD_part1,v22p.mat
-0.014075098055634599,0.8700683818005921,0.7570189890091008,-2.997579150906898,2.960612607354802,5.9581917582617,-0.007376916399775269,0.27241185108095856,0.8701822207988259,1804,3769.211845422975,-0.005625526080613955,0.952401958964145,0.9070694914387409,-2.989719785648737,2.994218794320594,5.983938579969331,0.02076952701681581,0.040675467294377654,0.9524185728882153,2234,5192.679322072101,-0.005288649972422144,0.8869135630582088,0.7866156683366073,-2.9582410122948106,2.975985508792371,5.934226521087181,-0.04474980460937795,0.10500602841770323,0.8869293309814138,1649,3667.4706419314016,-0.0036758117038164805,0.9727088424748055,0.946162492228676,-2.993651744312922,2.9856167583490634,5.979268502661985,-0.01913042764587388,-0.1216015615585313,0.972715787792281,1951,4847.683411516193,-0.0058961873661063,0.8511749649627143,0.7244988209792779,-2.991083179336955,2.9793238383333787,5.970407017670333,-0.027147788618026417,0.18844466188119702,0.8511953865034362,1848,3782.258809570473,-0.0037275098268513447,0.9618987298616697,0.9252491665094934,-2.9968998917445835,2.9817548580660134,5.978654749810596,-0.04118383149206306,-0.08006695567519762,0.961905952179839,2116,5039.409863067556,-0.00344370274030402,0.8448183645156834,0.7137180690229541,-2.9184836144585393,2.990974936131919,5.909458550590458,0.01071619536097352,0.33073739356964627,0.8448253832073925,2167,4396.692700025798,-0.004636480947317025,0.9617677047157995,0.9249971178342973,-2.995621313457753,2.9839542159381933,5.979575529395946,0.041649107845504116,-0.06850946777046873,0.9617788804033244,2207,5302.523456648756,0.000845494429191964,0.8997261761203371,0.809507191996124,-2.9939269182412245,2.930975582256621,5.924902500497845,-0.07410964600546228,0.20047082208597056,0.8997265733860226,3518,7553.169825761872,-0.0010888354068173721,0.9686735980022014,0.9383285394665305,-2.9775330952608106,2.9995933883688095,5.97712648362962,0.11670732719145283,-0.012138276815028881,0.9686742099535187,3010,6997.184356315647,-0.00389394710911612,0.8167714305748713,0.6671155698033219,-2.9784702740857854,2.993018734437425,5.971489008523211,0.008356776997755194,0.44088549110862907,0.8167807126930767,2178,4215.854685078514,-0.006798598375261144,0.942028464536091,0.8874176279962253,-2.9987203532902167,2.9857858968734377,5.984506250163655,0.010346897273221429,-0.00657364108425984,0.9420529968829212,2379,5560.545042864235,-0.012745830323830407,0.7998766104067594,0.6398025918758068,-2.9840150559295693,2.9878143504033248,5.971829406332894,0.006174122547951133,0.9045750545088831,0.799978154743272,2163,3794.3699370187396,-0.00376311602512971,0.9528495270655784,0.9079222212290963,-2.9874119009640965,2.9986283777076745,5.986040278671771,0.05756648870573526,-0.03214844593467836,0.952856957927744,2607,5937.479107681431,-0.0038306301178743785,0.7464057121757405,0.5571214871685743,-2.9874018487719867,2.9927214555668646,5.980123304338852,0.023352447852136738,0.8492740716916445,0.7464155417029272,2730,4588.973535970299,0.0012976635802785961,0.9678394663970483,0.9367132327157233,-2.9253464861039213,2.990360699331297,5.915707185435219,0.04391366814531157,-0.09960365246184377,0.9678403363398794,2599,6277.019771568412,-0.008850760246691838,0.8917317934948695,0.7951855915295767,-2.986645923062607,2.9544010502217217,5.941046973284329,-0.06038536321225978,0.009610925362381284,0.8917757159098475,1583,3499.22091692516,-0.004988457214370187,0.9642221020828882,0.9297242621451436,-2.983884536291869,2.9874688024050218,5.971353338696891,0.00017142735065833447,-0.08744384043712738,0.9642350060283661,2321,5495.40168815486,-0.005605710147132623,0.8398196186604946,0.7052969918870586,-2.99735922036455,2.946635772025934,5.9439949923904845,0.029812564915141816,0.2320103860568299,0.8398383272233486,1920,3977.231404598186,ADHD_part1,v31p.mat
-0.0041101809290051035,0.9659749832801077,0.9331076683230043,-2.9924282726381053,2.98991492484287,5.982343197480976,0.049891963205070555,-0.019299232371639885,0.9659837275597728,5556,13008.603899941445,-0.006913402755059832,0.9474485561117095,0.8976587664781632,-2.9971249721144924,2.9986788368088604,5.995803808923353,0.058209281036090174,0.04356577090535696,0.9474737788539674,4944,11351.590038285423,0.000114920558170077,0.9811534518433471,0.9626620960641152,-2.998210547696359,2.9998325965685044,5.998043144264864,0.024273121472602386,-0.08484367150869776,0.9811534585735556,4526,10934.149140271347,-0.0011515083301422981,0.9813638721559782,0.9630750495729752,-2.999941447332022,2.978372023544834,5.978313470876856,0.034761110061406926,-0.11100462962843016,0.9813645477315805,4590,11136.967330416614,-0.002214793162347627,0.9815760618788595,0.9634915652536106,-2.9937018419712342,2.9968314913514607,5.990533333322695,0.0342839601825574,-0.14048466992278952,0.9815785605657666,3830,9561.120040499392,-0.0008539559186714488,0.974826476174463,0.9502866586507209,-2.9934935261364646,2.996514152994101,5.990007679130565,0.03458039568144381,-0.10568905512157123,0.974826850210555,3992,9788.543575422616,0.001316929595354547,0.8175741693984744,0.6684275224676053,-2.9653591328934983,2.9993253796149366,5.964684512508435,0.07965459835739012,0.6166004033010419,0.8175752300376793,4084,7981.260178148835,-0.0012818589631229897,0.975945011686246,0.9524686658352669,-2.9969514575499003,2.9965085643338423,5.993460021883743,0.057702138695853784,-0.0682289282814934,0.9759458535173292,3977,9656.980325743087,-0.0019882157449366044,0.9802366760133773,0.9608639410017548,-2.9966370594350042,2.9953544998049018,5.9919915592399065,0.031015456908707523,-0.09360059387574049,0.9802386923620201,5763,13832.272196330234,-0.001043772668735561,0.9775778312754173,0.9556584162011483,-2.992434601162327,2.9891120231434347,5.981546624305762,0.06272766895168186,-0.09687448591293046,0.9775783885001409,4527,11099.893157694325,0.010069310881350055,0.8523352038532722,0.7264752997275992,-2.9960963247705554,2.993331489405569,5.989427814176125,0.025140839726787042,0.33983049566004153,0.852394680150706,5424,10609.992514195672,-0.01793994579238619,0.9342615017259139,0.8728445536071598,-2.9765468148987706,2.9955640064820126,5.972110821380783,0.03163971729824932,0.09291801790344723,0.9344337297327155,5247,11823.77854361861,-0.0012503569812169677,0.9845318614479132,0.9693029862060928,-2.9759669649597735,2.9912821113673216,5.967249076327095,0.014533913401036064,-0.15169535227470332,0.9845326554252394,5965,14141.827665068226,0.0010290060067472985,0.9677871265634452,0.9366119223419299,-2.996935492139549,2.9989139874091557,5.9958494795487045,0.028367500849088418,-0.05183872834538983,0.9677876736119818,5226,12297.544282453473,0.0007643263794959389,0.9816152003309568,0.9635684015207846,-2.9925780035877003,2.9926208483887056,5.985198851976406,0.012422706995640078,-0.1651054275656132,0.9816154978990497,6010,14290.602912894241,-0.000738585557224248,0.9756376551450646,0.95186883413696,-2.9959641602323965,2.992793272888136,5.988757433120533,0.0005449310806028175,-0.10504943851566395,0.9756379347102004,4591,11043.334941992976,-0.00601224233537955,0.9614891141433012,0.9244613166160701,-2.998862508838584,2.991026656465816,5.9898891653044,0.029396385327178864,-0.022996996349649024,0.961507911394373,4566,10823.310486685888,-0.0014582472255808656,0.9739761835167474,0.9486296060578489,-2.9995178847329,2.9932157607203367,5.992733645453237,-0.0022086783690680773,-0.1194498583543866,0.9739772751675574,4016,9754.958287696767,-0.007415823122476572,0.9769143490966373,0.9543616454709065,-2.9890153547576634,2.9896995481206776,5.978714902878341,0.07383843574437694,-0.1529140589361484,0.9769424956994606,3971,9726.744798883348,ADHD_part1,v173.mat
-0.03538596006345421,0.8623170283065579,0.743590657307453,-2.9779759444483305,2.997471288113037,5.9754472325613674,0.03415252019434969,1.3002974033183028,0.8630427703637087,1420,2622.9493525843563,-0.04907110672915705,0.8362696054600383,0.699346853016288,-2.994184680676398,2.996652706298554,5.9908373869749525,0.04032383404173519,1.4479641101856293,0.8377080795431738,1446,2588.103267791176,0.00031929385126165324,0.9596498631417855,0.9209278598280476,-2.965195245437201,2.9834679811292135,5.948663226566414,0.07039286272448744,0.1424509886787737,0.9596499162593675,1449,3447.4943253838746,-0.014609786787053871,0.9374552935904079,0.8788224274806778,-2.990850816043366,2.996020035615205,5.986870851658571,0.055562934807299735,0.14434484779233392,0.9375691299049052,1509,3526.481991678874,-0.0019253599212693715,0.9557382985632623,0.9134356953405995,-2.976386671059724,2.9847739089233962,5.961160579983121,0.022140378456535607,0.05378824345775879,0.9557402379053767,1373,3317.0651562070307,-0.0030588574927289613,0.9593168451384125,0.9202888093663171,-2.9667827863605107,2.9995325665096217,5.966315352870133,0.04905475443720032,-0.037580539451572914,0.9593217218303138,1497,3562.5738935634545,-0.00021825903986929973,0.9611528045527522,0.923814713699621,-2.9505944844528593,2.9857574806718636,5.936351965124723,0.06130831776384527,0.11955071683115515,0.9611528293339356,1609,3730.3915719167644,-0.010599309057456622,0.9584547790051389,0.9186355633977896,-2.9968320752739976,2.9629604486983343,5.959792523972332,0.07269776484454654,0.08133933320430664,0.9585133847528082,1557,3581.9004588776293,0.00311435571459357,0.9130961346005793,0.8337445510225191,-2.997949378353926,2.9423800357055483,5.940329414059475,0.033977120906756406,0.2635331953352176,0.9131014457518047,2154,4633.427360449462,-0.0064787045085302145,0.9642961041142017,0.9298669764098275,-2.9669502255838114,2.9996038925806228,5.966554118164434,0.13015534998554995,0.11958406914651842,0.9643178677292754,2174,5088.3533307072485,-0.009049412310381304,0.8671175000627516,0.7518927589150759,-2.9449058869981157,2.9932579292227826,5.938163816220898,-0.05285956487302484,0.8264572175723912,0.8671647195188693,1315,2572.3961858873813,0.0035245206501800857,0.6519366005557786,0.42502133114422486,-2.97562368632666,2.991185610347531,5.966809296674191,0.3886727311103011,2.7343261414143827,0.6519461276747017,1477,1896.4998898840818,0.005677109349118242,0.9576442959818738,0.9170825976266187,-2.9858417542967866,2.993559381681599,5.979401135978385,-0.027034159308296925,0.10433481770148223,0.9576611233610669,1483,3373.6794451766386,-0.00844430564630001,0.9360208626585647,0.8761350553320835,-2.993338184243745,2.98171910497935,5.975057289223095,0.09601300934709886,0.2564657461080295,0.9360589520056585,1802,4016.0429068082017,0.008811835422160963,0.9571095808674204,0.916058749788209,-2.9863704906206228,2.998189704884088,5.984560195504711,-0.04662560493984322,0.0477703401169669,0.9571501440378705,1907,4368.745144165577,-0.0009280979152634137,0.9821061721328963,0.9645325333415302,-2.9522836436455564,2.9744594361525873,5.926743079798143,0.08328508737133321,-0.14660861133386627,0.9821066106626463,2738,6522.62413646447,-0.01058731312888004,0.9389404377263888,0.8816091455978227,-2.9161242427565797,2.996556505512388,5.912680748268968,0.06357639375243332,0.24839931253967062,0.9390001260900402,1376,3141.039440735236,-0.007184482762887568,0.9606060467348428,0.9227639770235432,-2.9854251506042493,2.985283067854912,5.970708218459161,0.08772778613446267,-0.04197985958801764,0.9606329131443048,1565,3651.9733619132876,-0.00488649105747948,0.9514772489204832,0.9053089552132912,-2.983565901505557,2.985962937938768,5.969528839444325,0.026916461035719555,0.2707286584542832,0.9514897965864615,1571,3509.547341941671,ADHD_part1,v37p.mat
-0.009411777469835672,0.6941354101160228,0.4818239675769391,-2.992563907282323,2.995632192989224,5.988196100271547,-0.04867994651500728,4.560212161399856,0.6941992142980866,1502,1617.4105089395437,-0.03476080703440532,0.7869388597698261,0.6192727690158342,-2.9980544174770243,2.981250463168822,5.979304880645847,-0.17524910474068597,1.2373949902667194,0.7877062159977648,2658,4392.230592196719,0.006854993330083988,0.6733924565953342,0.4534574005994991,-2.9998358101759033,2.945900893668623,5.945736703844526,-0.05160145986813102,2.6143439779688986,0.6734273468853598,1556,1954.8730581350285,0.0008534122951598112,0.9686347646689839,0.9382533073253377,-2.9921931624600635,2.9783536772932844,5.970546839753348,0.02401650897570588,-0.024153886313558637,0.9686351406168802,2848,6519.189277526357,0.007764516636247684,0.6798769689459382,0.46223269290311614,-2.993237179381583,2.988732832769828,5.981970012151411,0.04113695582987387,2.5263139353221353,0.679921304727033,1452,1918.9630914721702,0.006017838281861681,0.9783979815631355,0.9572626103268177,-2.9955643849119102,2.9966812399921166,5.992245624904027,0.00941864305458013,-0.10988204016524517,0.978416488364952,2346,5484.130343083359,0.011885487409249147,0.6700898410039446,0.44902039501669183,-2.9235719648425245,2.9925880688784727,5.916160033720997,0.05841287312235421,2.935858298759843,0.6701952400813118,1760,2159.4304553421944,0.0005014301730252779,0.9706930893725484,0.9422450737556222,-2.9831840342794,2.987658493575228,5.970842527854628,0.043200373914844575,-0.16012134289201763,0.9706932188842367,2687,6347.576390615293,0.00975272880194434,0.6726685468049209,0.4524829738606442,-2.994208930909904,2.9739890796425366,5.96819801055244,0.03884498890000999,2.9919617414284563,0.6727392433772007,1838,2273.8993111032405,-0.0038168239774957684,0.972864490154153,0.9464653162029,-2.97932467684189,2.984995992861559,5.964320669703449,0.03040645007037019,-0.11223516422444213,0.97287197736813,3215,7353.142335143308,0.008652491082482805,0.6678690789040581,0.446049106556155,-2.9965398317239553,2.9424900793796205,5.939029911103576,-0.016323117966513864,3.2474209643157765,0.6679251246644997,1866,2092.4727873171237,-0.0015230092383177504,0.9634260425567545,0.9281897394765694,-2.9895157874722753,2.998048331078202,5.987564118550477,0.0126639853692626,0.02830744351609704,0.9634272463625416,2982,6657.125575770678,0.011994863831821469,0.6359096631329018,0.40438109966580055,-2.994722438756684,2.9902473411242614,5.984969779880945,0.10205526637057882,3.9879030542602827,0.6360227797997053,1801,1778.8888368722808,0.005061025356446328,0.9792655405204033,0.9589609988507176,-2.9810748804789546,2.9930763503391056,5.974151230818061,0.038773989073748585,-0.12116866648635538,0.9792786185904276,3241,7471.474693484796,0.011722008519423961,0.6399388980720284,0.4095217932656419,-2.984721160667486,2.968521403259797,5.953242563927283,0.05392341351304422,3.8304513094195185,0.6400462473519951,1992,2046.0018023351372,-5.612343960397807e-05,0.9740740367287349,0.9488202290290129,-2.9834077720737406,2.9827989766604417,5.966206748734182,0.026398333542784924,-0.1550563210108522,0.9740740383455733,3671,8380.888445771247,0.006916451158039454,0.6826253259911117,0.4659773356844716,-2.9982360559376198,2.984840107637751,5.983076163575371,-0.01035248369748067,2.3019393726016943,0.6826603642962532,1352,1839.7988351592642,0.0020634515597160227,0.9801482357330197,0.9606905640105512,-2.9434655493022612,2.9799797727831785,5.92344532208544,-0.029389169566689907,-0.11742037907437997,0.9801504077655074,2478,5834.956488346833,0.008296849771349743,0.6753276668315416,0.4560674575881336,-2.9929521274547692,2.9711803254886058,5.964132452943375,0.012297857638725944,2.7389118223952105,0.6753786310687229,1589,2162.5343450573346,ADHD_part1,v25p.mat
-0.02478599211804142,0.6051009378359086,0.36614714496989614,-2.994065223018124,2.9985747544859516,5.9926399775040755,-0.33455584434377983,6.050466630729616,0.6056083638583369,5973,5572.692105905289,-0.014954077772268764,0.5970358789815798,0.35645184079130765,-2.9988069416110745,2.998923688769704,5.9977306303807785,-0.14245972406075905,6.3864748747680355,0.597223128515069,3615,3327.4668164667964,-0.010762987805128453,0.8477645808588565,0.7187047845587927,-2.9995703358853465,2.9937025129770527,5.993272848862399,0.037131275248961024,0.6788350527418396,0.8478329000842596,5462,10145.707198180404,-0.005057411428280017,0.7340234055656375,0.5387903599181764,-2.999462704970397,2.9994664697243785,5.9989291746947755,0.10024261026389115,2.433307936182179,0.7340408281073548,3456,4839.100192513083,-0.0019941669300414123,0.7634300689208018,0.5828254701324201,-2.9902805938460815,2.9553778401127406,5.9456584339588225,-0.018093210277135355,1.071371399366221,0.7634326734127673,4052,6975.08393835075,0.0021637827443532673,0.706682963656731,0.49940081112266066,-2.985683263758521,2.9965182865724267,5.982201550330948,0.1385222896215171,2.504210604109163,0.7066862762771224,3094,4307.203617464682,-0.008191502629649135,0.8516101971497408,0.7252399278894204,-2.9975967693747694,2.988880265000566,5.986477034375335,0.04576717671394808,0.4144508936611002,0.8516495926170292,4176,8274.541651067997,-0.00043188357119831693,0.735463546450053,0.5409066281568892,-2.9955202112828867,2.9976535766105576,5.993173787893444,0.09893752559694848,2.011049508109629,0.7354636732567478,3030,4509.89197414125,0.026775098573820072,0.5810461353823773,0.3376146114427959,-2.9984617551934183,2.9901976103650267,5.988659365558445,0.37726209880571765,6.230094206801242,0.5816627178584112,3302,2862.044282559651,-0.0011769513702411696,0.7608869880948468,0.5789490086520475,-2.998469581617743,2.9977425624891403,5.996212144106883,0.1336432112889452,1.7098761803138904,0.7608878983572912,4382,6908.8856494605425,-0.005615903009778787,0.8439115679633421,0.7121867345423465,-2.9973865055310727,2.995300068326911,5.992686573857984,0.045659531798772836,0.7274255512986278,0.8439302535808049,8460,15131.230155461079,-0.007778125713927854,0.7463609208060813,0.5570546241065015,-2.988588579058284,2.991720551417101,5.980309130475385,0.19608559585024948,2.473991552152637,0.7464014491854387,3271,4536.015651792673,-0.006813422327719049,0.8005689884380088,0.6409107052486567,-2.978041214609055,2.9994758612579773,5.977517075867032,0.016183416137940942,0.7377406386953291,0.8005979814941284,4731,8533.9424312093,-0.0025174825620747797,0.7355254338979763,0.5409976639108064,-2.9992935895531003,2.996189943400934,5.995483532954035,0.19194244302505298,2.4733471091521073,0.7355297421785585,3824,5320.721024573506,-0.0018363370621435817,0.8681036120820489,0.7536038813099004,-2.998965244268577,2.98524794094366,5.984213185212237,-0.0066073517397314055,0.1911267661078142,0.8681055543214238,6011,12415.063346228886,-0.0007390901805979515,0.7468585586781812,0.5577977066708502,-2.990987861557131,2.9982018045840757,5.989189666141207,0.11301023216317874,1.7233496647810949,0.7468589243793939,5908,8683.651314603987,-0.0090068332987492,0.6677193250052769,0.4458490969855025,-2.9840091535680235,2.987965157109108,5.9719743106771315,-0.03019931634457894,2.7417058459467034,0.6677800686090998,3599,4706.002813166551,-0.0026225160277605773,0.7408123256071744,0.5488029017715101,-2.9982846032923316,2.9930539388586226,5.991338542150954,0.0846209116154265,2.0090354301605196,0.7408169675175009,3678,5414.716121268439,-0.006438444509827527,0.8075819015613455,0.6521885277294387,-2.9930753399194168,2.996350242743809,5.989425582663226,0.03779058826008879,0.6356396532831661,0.8076075663941893,4246,7987.301555097025,ADHD_part1,v38p.mat
-0.08356949795890271,0.6682802631617762,0.4465985101315729,-2.999180495337333,2.9975657182256628,5.996746213562996,-0.8336383591449359,5.630777482151618,0.6734852419471982,5042,4721.183025044263,-0.08168658718933469,0.6732389898335491,0.4532507374320977,-2.9995878486905845,2.9957739748535603,5.995361823544145,-0.8243389103538205,5.595057654613024,0.6781765522035825,4816,4697.13911630682,-0.040796233082650596,0.8843451377527962,0.7820663226670121,-2.998677559325696,2.998351824711194,5.99702938403689,-0.002429183913519788,0.7023153495170305,0.8852856348663668,6219,12358.725354833467,-0.01957648766448198,0.9428273153081574,0.8889233464911876,-2.9962198026312836,2.995873912140043,5.992093714771327,0.060151454672023735,0.17680888539007755,0.9430305325706401,6185,13776.742372282168,-0.0020324475777870206,0.9625844968468308,0.9265689135698665,-2.9916394933694925,2.99635112354305,5.987990616912542,0.027920141204690295,-0.05334332115561091,0.962586642548619,5533,13176.215032003507,0.004409011912240241,0.9716435551689963,0.9440911983014463,-2.9923200807091708,2.99949754557292,5.99181762628209,0.04138084994749662,-0.07162173870781618,0.9716535584700384,5485,13146.092260580966,-0.00103837456765168,0.9622812686047697,0.9259852399076048,-2.9980065457808838,2.9999298110409987,5.997936356821882,0.06283914427468676,-0.047674110413367554,0.9622818288471146,5451,13134.282266221053,-0.0014856735354156804,0.9205064756348672,0.8473321716857243,-2.9980866907029164,2.998675400371927,5.996762091074844,0.15643584376505484,0.2514755948259024,0.9205076745533294,5300,11999.897364222319,0.0011264462585781974,0.9293789390230366,0.8637452122995851,-2.9991325392109003,2.989642820816345,5.988775360027246,0.012329305319161491,0.1719008860371165,0.9293796216728439,8735,19580.731098775555,0.002640582119024824,0.9333646739214537,0.8711696145245017,-2.9997543278375427,2.9969214710597933,5.996675798897336,0.09361395069273273,0.15056586369155323,0.9333684091495861,8474,18932.542058270523,-0.050990883631227474,0.8476177045224472,0.7184557730199026,-2.9977802962700357,2.9930659865909246,5.990846282860961,-0.08999006558936862,1.152433422079218,0.8491500710907324,7675,13351.778501158664,-0.036619722082891756,0.8825315747365292,0.7788619804069381,-2.994848081413851,2.9997416266398256,5.9945897080536765,0.002210949414487152,0.8100720845418095,0.8832909964741893,5289,10475.22771926039,0.009074590994627344,0.9031935696793382,0.8157586243101056,-2.994808496222963,2.997404971774469,5.992213467997432,0.03974370669009668,0.1658619628733189,0.9032391557676325,7733,16460.347471559744,-0.0011218664937577456,0.8854286937863419,0.7839839717801876,-2.995635030933643,2.996176263641905,5.991811294575548,0.0111326645846663,0.18969147022036603,0.8854294045064335,6295,13091.804845987645,0.007858118168499848,0.8672664833667862,0.7521511531713921,-2.994799892605931,2.9849641060924212,5.979763998698353,-0.013437643199158777,0.4012863717524118,0.8673020830094565,6965,14323.361060994339,0.0034021753181389084,0.9463670336756788,0.8956105624281032,-2.9990300869077458,2.9951232680376636,5.994153354945409,0.04412477174990535,0.04896337187710875,0.9463731490405878,7287,16501.809238654256,-0.03355922865561127,0.9002167357790591,0.8103901713767043,-2.9966471877705487,2.9980453579809003,5.994692545751449,0.026747484822318653,0.5377801592547216,0.9008420467566243,5421,11140.263384889418,0.006294090659109697,0.9630431410720162,0.9274520915658552,-2.981437220993778,2.996227842892551,5.977665063886329,0.024299245604807784,-0.0297133491043029,0.963063708766497,5886,13880.115186632649,0.0011933329845506865,0.9405751792556405,0.8846816678317803,-2.992117642968614,2.998967450861144,5.991085093829758,0.1465993680747441,0.11474722004888616,0.9405759362621353,5906,13496.647352953296,ADHD_part1,v3p.mat
-0.02484243016383912,0.7442504137112864,0.553908678309421,-2.9981755814687974,2.9947632636893,5.992938845158097,-0.12662097060838204,1.7671726447992642,0.7446649076234667,3011,4807.138614771384,-0.028227654178660452,0.6819280842769997,0.4650259121256988,-2.9976502017910334,2.9993375837290355,5.996987785520069,-0.30527831358183216,3.1882247336436036,0.6825120603960994,3127,4175.492756761306,0.01726827661637768,0.7974683625031708,0.6359557891934885,-2.9956291356335534,2.986006358980565,5.981635494614118,0.07168851724338188,0.4094988103333064,0.7976553031045354,2377,4525.942229219529,0.018713568786466652,0.7963936680531933,0.6342428745152199,-2.940546137792486,2.9987444677104436,5.939290605502929,0.12565388686839715,0.42936005861455273,0.7966135023786289,2833,5308.061280263634,0.014688004296858025,0.7952721217768752,0.632457747675493,-2.9618408855770597,2.9766928975735296,5.938533783150589,0.0019000621928723961,0.1981302728979495,0.7954077477279924,2209,4408.614801773306,0.01626173146743573,0.7853502410733598,0.6167750011539843,-2.929236265201299,2.963292359662256,5.892528624863555,0.049624293130379776,0.39796575884524765,0.7855185835257518,2543,4857.103499599021,0.015372420663533986,0.7656990229475225,0.5862949937427905,-2.97492670292622,2.9952868377800916,5.970213540706311,0.025157135720998168,0.3095024752581006,0.7658533182404103,2481,4723.436429412394,0.015706746888994295,0.7583719670078694,0.5751280403433848,-2.993941548092142,2.9872232217538213,5.981164769845963,0.04904145888654388,0.43455945348659997,0.7585346018747068,2677,4884.02547917535,-0.008263841362984355,0.9687620173186534,0.9384998461993069,-2.998391020904494,2.9812702669680324,5.979661287872526,0.015068933459809702,0.0075327036117673885,0.9687972632462272,2663,6323.378166593135,-0.002701030568546114,0.9101302800508558,0.8283371266654493,-2.952494774524155,2.9940443859784858,5.946539160502641,0.053708375474032996,0.15042243533806277,0.9101342880210489,3042,6580.588132239196,-0.006743926897996594,0.8811540189125388,0.7764324050457188,-2.9945486753884696,2.99406946941862,5.98861814480709,0.020873487731434635,0.4067721310057397,0.8811798259128066,2957,6059.019569761733,0.0007612698637911245,0.897499091470087,0.8055046191896317,-2.999285807815735,2.997486306174302,5.996772113990037,0.07582055204963394,0.3281941783065494,0.8974994143293004,2861,6197.139875230287,-0.0025624605773161197,0.9583758936287231,0.9184843534886535,-2.9928480228964123,2.998614383155285,5.991462406051697,-0.018831648152025593,-0.0071581540276692834,0.958379319316138,2595,5955.110606775836,-0.0016574733002779063,0.914360910900794,0.8360558753833296,-2.998307574624301,2.998879938300626,5.997187512924928,0.021661228770020385,0.18313349655654676,0.9143624131607065,2875,6287.368314031774,-0.002106731545533408,0.9477081528484842,0.8981507429754858,-2.9938697067819344,2.997852257886311,5.991721964668246,-0.0003248203260378527,0.08742102382492245,0.9477104944513861,2689,6172.224493675493,-0.004188019645678506,0.8971960439983014,0.804960741366202,-2.9986861077334543,2.999803974806559,5.998490082540013,-0.0055387357936412945,0.2181933629861601,0.897205818569382,3423,7243.7157192040795,-0.0010632033826389266,0.9686055917134793,0.9381967922986192,-2.9962041193489757,2.997594833889057,5.9937989532380325,0.0005689263134465969,-0.03140584472430641,0.9686061752332843,2299,5524.364394641951,-0.0027656494447431752,0.9548686572530821,0.9117741526043041,-2.979183409573842,2.992602430364073,5.971785839937915,0.019670921186857225,0.004305480352479574,0.9548726624116722,2713,6402.424895683613,-0.0010728887486565852,0.9730197071650334,0.9467673505315274,-2.9903531767192133,2.9943156710957344,5.984668847814948,0.018822621220688833,-0.053597384150782634,0.9730202986689406,2413,5924.504702140251,ADHD_part1,v34p.mat
-0.02352294258011732,0.7107043002173263,0.5051006023473995,-2.9904482331879283,2.9715616757647223,5.96200990895265,-0.07039264308800999,1.8161434903502691,0.7110934756943189,5005,6936.614001959688,-0.015821365814367692,0.6920004164108942,0.4788645763128509,-2.994265352392344,2.9962019473974926,5.990467299789836,-0.10015335392478286,2.351520566684715,0.6921812565571845,3949,5339.691579886271,-0.01498337378029482,0.9452944845906593,0.8935816625975204,-2.961478816431465,2.997923095851561,5.959401912283026,0.016907379049287186,0.03562702605658341,0.9454132239858718,4949,10667.889258382467,-0.009840804163834909,0.95716894974586,0.9161723983575926,-2.9938586383980694,2.952742784642849,5.946601423040919,0.010742091991299605,0.012130022175395272,0.9572195358350055,3731,8352.876965747275,-0.003464338132174626,0.9200523727863897,0.8464963686698658,-2.9575917665524836,2.99713162876221,5.954723395314693,0.04083087020548987,0.054778325648257464,0.9200588950217046,4822,10097.417888194042,-0.0014663212286299616,0.9751663571425897,0.9509494241027487,-2.9845298826340363,2.9947628051197652,5.9792926877538015,-0.034987913163984086,-0.021794659755705936,0.9751674595681986,3418,8250.5789601297,-0.011713618737068323,0.9611949775464323,0.9238957848604865,-2.9904527930776506,2.999956479621966,5.990409272699617,0.14221674627372827,-0.04299739357189436,0.9612663490024,4412,9717.00855051155,0.009813862678953691,0.9400493564262155,0.8836927925173419,-2.996638263242337,2.9990473426256883,5.995685605868026,0.030235365476338254,0.034353968580865146,0.9401005820751432,3886,8679.031414310457,-0.01046518052766375,0.9371026876393042,0.8781614471808072,-2.990398459363133,2.9970160974545434,5.987414556817677,0.12089150125054984,0.03229993470377268,0.9371611212509211,4165,8991.720667383128,-0.003304108077695278,0.9490426641127562,0.9006819783062378,-2.9710348653521863,2.998048704375856,5.969083569728042,0.16249899588064268,0.16205728000390573,0.9490484157493899,2557,5942.32424332186,-0.0049449867684384224,0.8726585920419507,0.7615330182646397,-2.993562320976965,2.9878726830242606,5.981435004001225,-0.0362752423908822,0.3603604164762766,0.8726726025026681,4769,9081.449351558986,-0.013303231351175216,0.8772113913800758,0.7694998251669685,-2.9981182671720363,2.9937796184344863,5.991897885606523,0.0010927900105102918,0.5118436770582653,0.8773122597635071,2478,4939.357483509527,-0.01339769827538932,0.9235786809968642,0.8529975799919076,-2.9920333002033637,2.9266413814791727,5.918674681682536,-0.01829485833171665,0.10245839416655711,0.9236758513195991,3990,8605.970787243292,0.005818702527318243,0.9460682252419568,0.8950450868124658,-2.989859179947845,2.9827973107795844,5.972656490727429,-0.036037929564473034,0.0786633931059817,0.9460861187606375,3612,8171.019868795778,-0.007873871922528102,0.9007298909335927,0.8113143364212418,-2.9902414588616617,2.980156657859516,5.970398116721178,0.03206139927141167,0.127676653862129,0.9007643056206737,5110,10484.02536677314,0.005023097185794873,0.9166276315750601,0.8402062149669042,-2.999880218987161,2.999903398135536,5.999783617122697,0.04027023838161006,0.2676216309918664,0.9166413946970986,3988,8393.535363401801,-0.00797861398071554,0.9329902953867311,0.8704708912858198,-2.9982444504307337,2.994456140888304,5.992700591319037,0.08390182057990857,0.08286632169934949,0.9330244099523191,2479,5607.724294899368,-0.00304204611262175,0.9629594388815652,0.9272908809310989,-2.966523312144466,2.985066472166,5.951589784310466,0.017108038221133003,0.00503829292629332,0.9629642438718324,3729,8624.798481664056,-0.0063669216202607804,0.9599061864715834,0.9214198868264184,-2.997702504698424,2.988273633209321,5.985976137907745,0.021028366951009535,-0.042243687738941826,0.9599273016834854,4040,9067.689731885832,ADHD_part1,v10p.mat
-0.005066695180898578,0.9721949090356095,0.945162941154757,-2.998812115151093,2.9969687629793507,5.995780878130444,0.08733257891379247,-0.005457310041107277,0.9722081117511894,2478,5893.485730650578,-0.0010612219718033077,0.9647349271095268,0.9307134795850239,-2.955214586642906,2.998552242618555,5.953766829261461,0.09854715532074364,0.11010227066805589,0.9647355107888883,2241,5139.278199644775,-0.006180417358537105,0.9728267165436396,0.9463918204210788,-2.987613284351678,2.9955375982240295,5.983150882575707,0.09093224736761309,-0.11463390253588823,0.9728463485976625,2314,5560.154254824413,-0.005890924131237855,0.971287786646164,0.9433999644880041,-2.9950746924145273,2.9952417686221016,5.990316461036629,0.02948446785628953,-0.06163535052258107,0.9713056509024973,1902,4584.439748022223,-0.007573308009692409,0.9754045703443021,0.9514140758485524,-2.9903208201412346,2.9885261000256214,5.9788469201668555,0.07350311816508791,-0.13155007876759095,0.9754339705191541,2189,5328.857544645291,-0.005697959038536006,0.9758837149779236,0.9523490251591132,-2.991454590549461,2.9983635638435446,5.989818154393006,0.03987389933235761,-0.053530263922692445,0.9759003493678635,2007,4816.93782076976,-0.004991025538229661,0.9802614111848631,0.9609124342581392,-2.9954799073145155,2.990155792465942,5.985635699780458,0.027845720829729054,-0.03949519527731438,0.980274117068314,2469,5938.929141091297,-0.002449908843033079,0.9708866887275963,0.9426209623484364,-2.998354791800203,2.995741214395441,5.994096006195644,-0.018359383485180306,-0.056137640719829296,0.9708897797390678,2013,4784.897572500253,-0.004922415859575402,0.9813623622583305,0.9630720860572507,-2.995279404043326,2.9915045316320943,5.986783935675421,0.08509027388639201,-0.1115304456706987,0.9813747073545076,2429,5931.762242448447,0.0007875436833614447,0.9816997572312852,0.9637344133479643,-2.9848673218911657,2.992746109271426,5.977613431162592,0.018623489916145573,-0.015701575604115003,0.9817000731246879,2082,5184.507683514532,-0.008377917646618932,0.9590942751591539,0.9198618286430628,-2.9870793752345666,2.9857433987607918,5.972822773995358,0.08082235940218796,0.012945678400598126,0.9591308660173314,2940,6947.89172126521,-0.0027705924379182226,0.9604300628545092,0.9224259056347165,-2.9901325104340497,2.983145514877959,5.973278025312009,0.028681395249532303,0.06364790552459132,0.9604340590676558,2169,5131.776594872785,-0.00756461775422772,0.9717158988859265,0.944231788147684,-2.9918344824832244,2.9920441547076613,5.983878637190886,0.06496699215921768,-0.036126933916236226,0.9717453429728653,2633,6115.587429617273,-0.0020852200750257955,0.9584856962538538,0.918694829923235,-2.981184138438277,2.9859190957000172,5.967103234138294,0.03197844876695936,0.007394463045284905,0.9584879644867724,2755,6487.566649623912,-0.0028615594535444312,0.9647906195965802,0.9308209396615531,-2.999753999971228,2.99177720082772,5.991531200798948,-0.022315927606192654,-0.01847388199752631,0.9647948632657926,2541,6051.223154299708,-0.0027017715628061124,0.8976599986373285,0.8057934731535685,-2.9984432834518855,2.991259130385865,5.989702413837751,0.026019059205474863,0.3976693087848613,0.8976640645158667,2203,4802.429509514017,-0.0031844383483429365,0.9774472836355629,0.9554031922865405,-2.979538460767208,2.9981959866449057,5.977734447412114,0.10117812031433343,-0.06365793377799589,0.9774524709335667,2202,5363.1990902138805,-0.005578073124770409,0.980297923669522,0.9609840191507759,-2.8971271995196517,2.997882306850301,5.895009506369952,0.011646743958011681,-0.09762883516155707,0.9803137936653555,1925,4640.781964582164,-0.0026741786719753666,0.9742846095380971,0.9492305003828023,-2.9933410953605635,2.979283779567606,5.97262487492817,0.0372237643555818,-0.03547686673960859,0.9742882795222223,2421,5831.630908350677,ADHD_part1,v35p.mat
-0.029836837952118198,0.826902725249036,0.6837681170242826,-2.9554675987757393,2.993486214700848,5.948953813476587,0.0020638338757500486,0.8847153206735685,0.8274408461776972,3473,5874.960873747649,-0.04054851681365762,0.8103436958509855,0.6566569054054345,-2.9972299896080172,2.9965912188027364,5.993821208410754,0.0020549993499940924,1.0759483685287474,0.8113575584298343,2134,3772.806337798062,0.005456153825132108,0.8798910498111355,0.7742082595377422,-2.9723728568048307,2.9362051278767525,5.908577984681584,-0.020203201669544858,0.1620572447568125,0.8799079662966496,4499,8527.441488119337,0.008282691630750122,0.92043850852558,0.8472070479767941,-2.9980535983911425,2.9907037645585555,5.988757362949698,0.025939404021482444,0.17756661771661042,0.9204757742371302,3533,7377.309150440943,0.00481135739650624,0.8568257157437832,0.7341503071598463,-2.9967103008507703,2.998127577334407,5.994837878185177,-0.027319866140681753,0.15704081923317048,0.8568392243121478,4767,8840.578511441194,-0.003423729191797425,0.9354310120705911,0.8750311783434104,-2.9930909732935667,2.9953171391337357,5.988408112427303,-0.004361706801998492,0.003735296244061548,0.9354372775686188,4077,8575.247223392656,0.0004750316567324925,0.9106857051706803,0.8293484536022191,-2.997664003390771,2.9904049903524554,5.9880689937432265,0.030359401583974842,0.08800306733390606,0.9106858290636206,4649,9209.818355173666,0.0018570847601652452,0.9094179803886232,0.8270410630541223,-2.9854650689658304,2.94536081099421,5.93082587996004,0.1702572667763398,0.26832356620798015,0.9094198765245505,2825,5776.628489393831,0.00513917996180013,0.9076279519032473,0.8237884990760833,-2.974631072359266,2.9973201668484237,5.97195123920769,-0.07806507965134395,0.24458421613914627,0.9076425013444241,4491,8768.966167210792,-0.002983390927401727,0.9346568753453213,0.8735834746302795,-2.989367001066645,2.9727287311224497,5.962095732189095,-0.04414124526331287,0.06458328822376247,0.9346616367711393,3809,8129.510981287027,0.0046715795428911204,0.8768089393040178,0.7687939160434368,-2.979352830737818,2.998431821227651,5.977784651965469,0.016365550458831583,0.12214773101998766,0.8768213841477991,5653,10123.368724627846,-0.011281521706348073,0.823653244886995,0.6784046678128761,-2.9860439790518085,2.9641240962996775,5.9501680753514865,-0.0053292136406475725,0.7646296470059126,0.8237305023761636,3342,5908.109850351842,0.009779946217404334,0.849015337571032,0.7208270434308534,-2.9871179124944636,2.995310966579008,5.982428879073471,-0.042528379411622554,0.26191335766248214,0.8490716641007805,4161,7821.597358595263,0.007916741552655305,0.9448772682132272,0.8927930519860907,-2.9977929949356974,2.973979455135055,5.971772450070752,-0.27076213139296645,-0.06450408933329266,0.9449104332067152,2512,5920.715274362635,0.0282375809867187,0.8270351128666997,0.6839870779144348,-2.987557140318352,2.9892404619234942,5.976797602241846,0.07599756317338757,0.37977245595277864,0.8275170323893135,5679,9375.066377736905,-0.0010892430580260338,0.904492509762358,0.8181067002162091,-2.9892339894057276,2.968317623366815,5.9575516127725425,-0.03122553766586291,-0.014879399685695294,0.9044931656273852,5416,10286.715696268207,0.006659784053518468,0.8923921396650678,0.7963637309359979,-2.9767025060942345,2.9927482943068155,5.9694508004010505,-0.0033663988664913726,0.05373390155197022,0.8924169897865221,4342,8522.01232495009,0.0004935037476160985,0.9380488835632921,0.8799357079543386,-2.964990712196116,2.9816709042624705,5.946661616458586,0.005521518855424269,-0.044026251855756815,0.938049013378452,4358,9169.112975585685,0.0023145987124002657,0.896194579574957,0.8031647244595338,-2.9926625215067846,2.964628806172211,5.957291327678996,0.04578759985801541,0.11890227973606615,0.8961975685231093,4756,9181.581845275447,Control_part1,v48p.mat
-0.006194459575884754,0.6873557401907291,0.4724579135731451,-2.9892502532138234,2.969583919437377,5.9588341726512,0.0009354588471225225,2.5724594321998326,0.6873836519023291,3968,4909.776966460345,-0.025922911064705973,0.815067247735634,0.6643346183313413,-2.9953402227600723,2.987046139228645,5.982386361988717,0.007748351397376708,0.6441260766496169,0.8154793778198256,6247,9572.623365651274,-0.0011086611639225387,0.9102715605228586,0.8285943138967203,-2.999988950636956,2.9545251389901286,5.954514089627084,0.014931149897913583,0.2355001734262978,0.910272235667054,3695,7329.79695249268,-0.007346262045722505,0.9588039176483685,0.9193049524978594,-2.9849496299543117,2.9903520384043394,5.975301668358651,-0.015277917002872841,0.030070746652009372,0.9588320604067762,2803,6174.398736950724,-0.0032068903655727778,0.9019484410404988,0.8135109902953861,-2.991866497696444,2.927659188496746,5.9195256861931895,-0.05554375146493707,0.2646408912739262,0.9019541420943765,3454,6786.450971790974,-0.004878650217604482,0.9603878092005954,0.9223447440611193,-2.991463462797051,2.9930546962896636,5.984518159086715,0.03764844878280002,-0.06225728744611736,0.9604002005877889,3285,7364.181535950497,0.006981005189060551,0.8852082956677471,0.7835937267189974,-2.9823309795007185,2.992276294771804,5.974607274272522,0.013267220701294654,0.2727031508195492,0.8852358223391364,4285,8022.883574677759,0.00045479261938763973,0.9533521966074779,0.9088804107763033,-2.9791125445809357,2.950772120888927,5.929884665469863,0.05842189378328224,-0.06503499755357067,0.9533523050859162,2756,6204.6219489217765,0.0008319306595810739,0.8006865701939927,0.6410989836890196,-2.994478339970187,2.985074731603513,5.9795530715737,-0.02663483889587654,1.0606251897158163,0.8006870023908481,3953,6177.210697656086,-0.002558287279740398,0.9321731791745436,0.8689468359723758,-2.9992794051800784,2.9678965552243146,5.9671759604043935,0.0036580660075747934,0.10032479328558841,0.9321766896925611,4462,8983.785274157475,-0.0019267308820748255,0.8943249125580502,0.7998170492219642,-2.9891574418684077,2.9983429482218966,5.987500390090304,-0.05850898575304927,0.34752488647299584,0.8943269880272293,4550,8405.744385099668,-0.02985321157770698,0.8885616852749053,0.7895418685385799,-2.9614210691777885,2.985796784825953,5.947217854003741,-0.007148047240832508,0.3593661511130417,0.8890630364490941,4240,7932.508673446571,0.00043729792052218095,0.8563967532860589,0.7334153990389028,-2.97645112555909,2.965162057288315,5.941613182847405,-0.051469251376095274,0.49821439556948377,0.8563968649337608,3945,7206.628284297823,0.008187035677917905,0.9308904858926578,0.8665570967254685,-2.999722254132446,2.9935867904440925,5.993309044576538,-0.01270749460780602,0.09721028860893233,0.9309264870432359,4313,8769.50252853798,-0.004187733548312637,0.898933464152938,0.8080813729740013,-2.999296198126799,2.991676491345778,5.990972689472577,-0.008842052376939247,0.17914805396043842,0.8989432184995184,4890,9162.521907425795,0.002635370209821296,0.9220340980498717,0.8501468779666403,-2.9742668161249775,2.9104396623999285,5.884706478524906,0.050137448968761204,-0.007415402808126803,0.9220378642673972,4012,8296.621663045473,-0.00848765965301557,0.91809665807492,0.8429014735683366,-2.9738573588917228,2.9888540014937655,5.962711360385488,0.0034669185730166023,0.19155257458627517,0.9181358907780056,3243,6515.46157757957,-0.004041515176040799,0.968816972256478,0.9386063257322093,-2.990256995832706,2.9959600075985997,5.986217003431306,0.0021063985897249215,-0.10174142150306142,0.968825402008601,3988,8866.596403892505,0.00028284838660633054,0.9146036977436582,0.836499923926373,-2.9725560135217286,2.973768983690762,5.946324997212491,0.027460807605272124,0.25847068843523147,0.9146037414802013,2979,6162.220676636717,Control_part1,v46p.mat
0.010011689249174003,0.49340804229800905,0.24345149620435388,-2.996085319047174,2.9939075648645335,5.989992883911707,0.07817979169700508,7.778442663471102,0.4935096048973879,4112,3630.8481647454264,0.005246044368986723,0.47347069092739347,0.22417449516726337,-2.97809911091162,2.989803889844181,5.967903000755801,-0.0020764980133769063,6.464805872981966,0.4734997530609544,5390,4722.350795308801,0.006558532895381811,0.4869447731774752,0.23711521212486278,-2.9971603725849727,2.9916731938025265,5.988833566387499,0.13614678100447522,8.047559842674971,0.48698893876411875,4743,4066.530526222553,0.0061638975298390405,0.5085429659178723,0.2586159481845462,-2.995416444879378,2.997215011988903,5.992631456868281,0.12121246600695917,5.941935261371695,0.5085803199272506,3245,3149.445882734147,0.0022949027352307918,0.5714211316760698,0.32652210972596024,-2.988221556019865,2.9978824923723932,5.986104048392258,-0.04514240905608755,4.5149713361298955,0.5714257399737296,5095,5293.981030182535,0.001040387885699095,0.6461328528923981,0.41748766358686934,-2.9839177530698713,2.997040819417273,5.980958572487144,-0.04151425121475754,2.899622154249938,0.6461336904958772,4244,5679.751734428935,0.0007243292774817214,0.589125277662303,0.3470685927806857,-2.9964741158098995,2.9988100524443846,5.995284168254284,-0.14638564589067324,4.083487735574292,0.5891257229434036,4325,5045.509370839115,-0.0010703600751699688,0.6912125892458281,0.47777484353192184,-2.99770258847948,2.9954997369498852,5.993202325429365,-0.12120438139384673,1.9735901833150287,0.6912134179850767,2281,3588.450354787743,0.0050474116300962945,0.5518967105136534,0.30458997907579133,-2.9979324276688715,2.9890130752490234,5.986945502917894,0.007386642075742861,4.142973718662098,0.5519197907666973,3839,4264.28809101155,0.003679045049927155,0.7158487648391338,0.5124394541217135,-2.9737162487432367,2.9912460305212614,5.964962279264498,0.015553593095990666,1.6284868106524124,0.7158582188493703,4241,6411.987490365052,0.007084058769388791,0.5096204802310592,0.2597130338709354,-2.963139314226542,2.9927802988669012,5.955919613093443,0.14609321226443778,6.1238969676219845,0.5096697143833284,5527,4911.426173046591,0.006555720421359017,0.5484208824572262,0.30076546431516277,-2.9755724056211523,2.999302073547088,5.974874479168241,0.17123249919726363,3.93968863469526,0.5484600639840661,5200,5629.5900013790015,0.004129111226248984,0.6586160865134083,0.43377514941423734,-2.9997521012188866,2.995695259794601,5.995447361013488,0.021915229984697814,2.7754705935193913,0.6586290298595683,4401,5706.854240289308,0.0012261499010222541,0.6375507201963805,0.40647092082292346,-2.997115266924622,2.974042457182362,5.971157724106984,-0.015050121316676008,2.4805819233144213,0.6375518992729166,6034,7671.098806262141,0.0015373625836258636,0.48411866263658576,0.23437087951303634,-2.9919582562365195,2.9589673564426806,5.9509256126792,-0.09252343263046066,6.498034646900317,0.4841211036473724,4147,3707.9223675454505,0.0028817102838497827,0.5926002139071044,0.3511750135227458,-2.9922945429969605,2.975606971745877,5.967901514742838,0.024447623035228985,3.7274404508663563,0.5926072204900189,7294,7967.8238287807435,0.009105966558411423,0.5284294435610979,0.2792376768222915,-2.9984109410826623,2.968435425055501,5.966846366138164,0.1482342626700283,5.375814002480805,0.5285078953518617,7897,7469.6752926017725,0.004448358954814487,0.6713034510280945,0.45064832336222926,-2.978309033303448,2.9963823097882742,5.974691343091722,0.056927550235621585,2.006235730140454,0.6713181892810742,4413,6542.200173095169,0.004024933925611481,0.6498680612432837,0.4223284970241043,-2.994100868126965,2.9949366441159855,5.98903751224295,-0.05943268121529694,2.3050583540116536,0.649880525263844,6037,7953.389231682811,Control_part1,v107.mat
-0.006690966731131129,0.9286368451375722,0.8623663901470632,-2.9913363081849504,2.9745607832699577,5.965897091454908,0.033174128063215215,0.20619656492722394,0.9286609495304841,3842,8288.403534263976,-0.026759920568188593,0.8947758855952311,0.8006238854427301,-2.9952620816021915,2.997042900748205,5.992304982350396,-0.03463205198565904,0.28490930493275846,0.8951759485104287,2198,4717.744192682814,-0.005592415408547026,0.9795390335923003,0.9594967183309376,-2.995924919577479,2.989927510345011,5.98585242992249,0.028947864430191303,-0.08227111727854464,0.9795549976601821,3446,8126.647338557809,-0.004813217979431378,0.8932165636024979,0.7978358294938552,-2.9437737460588806,2.9902536267234483,5.934027372782329,0.08744441867705227,0.16159080586632157,0.8932295318456352,2011,4431.999456077614,0.0003661325910400824,0.9796471219347905,0.9597084835151184,-2.9985807980422665,2.987356421768298,5.985937219810564,-0.00851986511792122,-0.08525806947102543,0.9796471903538501,2748,6569.557138981799,-0.0152844757652301,0.9459413096615603,0.894804961324228,-2.974677986789629,2.9999856799358615,5.97466366672549,0.016024854565872132,0.09929871324509865,0.9460647845278071,2111,4726.228259150762,-0.0009772773322653755,0.9573357023718664,0.9164916470358347,-2.9941330346523576,2.9961218461240064,5.990254880776364,0.04546773849900162,0.01803656944524068,0.9573362011889132,3008,6835.101101915723,-0.019571302576563247,0.9252406503939309,0.8560702611413842,-2.9994851057965572,2.994973632727252,5.994458738523809,0.05145938600180737,0.14613594564578625,0.9254476198175279,2039,4515.841739278313,-0.0017981293401426446,0.935706016264224,0.8755457488730642,-2.9470461024212096,2.996000714665007,5.943046817086216,0.04979328703157717,0.13003987044791776,0.9357077439789563,3224,7210.987150093602,0.009612575675847461,0.8456199680912426,0.7150731304346342,-2.9965872632088586,2.9952260596794096,5.991813322888268,0.08226469254886576,0.5087922943320793,0.8456746017504356,2312,4539.29285937797,-0.0006790292368649157,0.8851415782837007,0.7834756136065606,-2.9996595813719305,2.999863270420911,5.999522851792841,0.03227180565826773,0.1488956708554734,0.8851418387395689,5082,10090.69602247217,-0.017633994143065806,0.8786294698584715,0.7719897453037785,-2.9985517446321004,2.989540092757363,5.988091837389463,0.09984865483751598,0.5252412799426822,0.8788064081771457,2204,4491.312751620137,0.015219112139775047,0.9316272015150905,0.867929242602839,-2.9830589642223324,2.968592086496745,5.951651050719077,0.0005997006457254935,0.03967804415019627,0.9317515033404359,4064,8811.268043715343,0.0008101405550957624,0.8932487579940347,0.7978933436578856,-2.9964903783562034,2.997745196967237,5.99423557532344,-0.08013739102864427,0.26142892830707476,0.8932491253763446,2687,5504.3710050021655,0.0067379043376690475,0.8477124659075731,0.7186164248550984,-2.99340119265272,2.997028353450356,5.990429546103076,0.019646524841585817,0.20803393028920203,0.8477392430517546,4792,9145.042940259973,-0.022836566134018205,0.870128755178286,0.7571240505881136,-2.9883437249126468,2.978494537094086,5.966838262006733,-0.08743866923339805,0.5258536249364414,0.8704283769161636,3101,6007.764924764768,-0.006483484527240238,0.9795172250196567,0.9594539941102087,-2.982601589736626,2.987565704840625,5.9701672945772515,0.05861134833086197,-0.08934228111952969,0.9795386820753041,3146,7462.062550703866,-0.009367462285711656,0.9586881521453783,0.9190829730639201,-2.989430868445265,2.9964019028126545,5.98583277125792,-0.034966022006693985,0.021007113131012556,0.9587339163780502,2078,4754.982709518629,0.0019772084993323184,0.9516650673040875,0.9056664003268935,-2.999166197399561,2.9964018358371156,5.995568033236676,0.010484940051973054,0.07488568772929982,0.9516671212563473,2581,5918.774409151383,Control_part1,v55p.mat
0.004381563896558992,0.8297759942635191,0.6885282006560116,-2.9804834698279734,2.984896944708375,5.965380414536348,0.045631125537724984,0.9758247181195205,0.8297875624267884,1127,2351.53549461258,-0.008021449270814803,0.9375157305834827,0.8789357450914813,-2.992058000613775,2.9866065072199968,5.978664507833772,0.08383842298930903,0.08303981019493101,0.9375500459921516,1546,3552.4708211545253,0.006573184391210193,0.7844297336195052,0.6153300069863679,-2.978815437185992,2.9881134551704522,5.966928892356444,0.11765155638064319,1.652616714333031,0.7844572733676506,1503,2571.9398415594123,-0.013266215403303406,0.9353706277186336,0.8749182111987506,-2.994484352705354,2.994813619481354,5.989297972186709,0.14808532122317808,0.08462655892182136,0.9354646993178725,1740,4010.583357342055,0.0058290083618565604,0.8129734991746558,0.660925910360284,-2.9860315430282016,2.9864018557237557,5.972433398751957,0.14386812755544004,1.230645906146015,0.8129943958593852,1405,2590.7775026941254,0.02188771829744741,0.8805210428775473,0.7753173069501634,-2.9822911836932198,2.9826283230163915,5.964919506709611,0.11435048755315637,0.21837278253378045,0.8807930399148438,1374,3015.970060569609,0.00619369332034437,0.8360168307285938,0.6989241412614822,-2.9885469163006717,2.9943670184925053,5.982913934793177,0.06422373423125327,0.8060177434254152,0.8360397736342623,1150,2361.7964890429625,-0.003408526223697076,0.9505054205666403,0.9034605545265658,-2.987553166954268,2.9838663159124543,5.971419482866722,0.05777037469820615,0.06695853676773433,0.9505115320592293,1397,3338.475826433568,0.006012544122438279,0.8296532722037518,0.6883245520783927,-2.995560999849813,2.9905036238291207,5.986064623678933,0.04496836817243291,0.9666692917485658,0.8296750585411237,1259,2443.0209548671846,0.004104781030802233,0.8779113641176676,0.7707283632469439,-2.990452720074489,2.992260086336409,5.982712806410898,0.02320693907900733,0.5095552077791243,0.8779209602659312,1726,3536.634544915736,0.014986205555905371,0.776463611369266,0.6028957397806025,-2.991726884438314,2.99861936742452,5.990346251862833,0.00731730223590783,2.221760513180346,0.7766082192055184,1567,2339.67316302997,-0.0015679115439988446,0.8667246052549719,0.7512115413543867,-2.981710526757849,2.999211842467984,5.9809223692258335,0.11077798849530882,0.6940634005038864,0.8667260234358932,2182,4330.358564028893,0.006585216329169755,0.7596754247244101,0.5771067509302129,-2.994657165945458,2.992983115158822,5.98764028110428,0.09685620680653044,2.0916761587656687,0.7597039660317135,1815,2654.627560920782,-0.006381540252168793,0.8833687169771748,0.7803402901338999,-2.9885751088428103,2.9816439594801984,5.970219068323009,-0.00031079512107932923,0.5838274751314207,0.8833917671055633,1519,3364.808036676248,0.0036729119339739954,0.7837101545894236,0.6142016064065782,-2.9839853255767492,2.9995282811943462,5.983513606771096,0.024904186842170113,1.607722296581085,0.7837187612202817,1149,2055.514080909536,-0.010715050725894204,0.8518434193875464,0.7256372111538673,-2.9918871258471382,2.994787308322839,5.986674434169977,-0.051218893014210634,0.955349439845512,0.8519108072245156,1540,3159.1789898428547,0.0020808800576587955,0.7990730515398509,0.6385177416972092,-2.9856317334066413,2.9977753204178685,5.98340705382451,0.030679146120842573,1.3906392213224725,0.7990757609632666,1385,2544.9091515650616,-0.012843920103386518,0.950111076585783,0.9027110578509956,-2.988491103200708,2.978322757494628,5.966813860695336,0.029194205652346976,0.037467468270300675,0.9501978868291686,1804,4194.715356639123,0.005418724491673332,0.8205900734017191,0.6733680685654386,-2.9925595224747727,2.99027438397526,5.982833906450033,0.08494458107391205,1.0043364005020807,0.8206079643414115,1285,2468.446004714281,Control_part1,v60p.mat
-0.02150273044621665,0.806537093306516,0.6505020828793237,-2.9956659604988407,2.983224895820725,5.978890856319566,0.07089866147723985,0.6848239605537247,0.8068236798061682,4873,8596.948903388171,-0.020399183492429602,0.8215468390945273,0.6749392088262092,-2.994326032324331,2.998854831336547,5.993180863660878,0.08491749081039833,0.49262546471866075,0.8218000581122923,2698,5159.441243823667,-0.006461934154549715,0.9562934620145811,0.9144971854918331,-2.9892406918465273,2.9993062077931953,5.988546899639722,-0.014542616503717283,-0.07867586206827504,0.9563152942857553,5625,12246.607559400973,-0.0009759368632749463,0.9628063469494436,0.9269960617261322,-2.9955401180573413,2.9959932860495617,5.991533404106903,0.09264830917201416,-0.05838942912688516,0.9628068415725417,2864,7037.5661689867975,-0.00170872852656747,0.9687071532938387,0.9383935488426527,-2.999570771705881,2.9907702529134226,5.990341024619303,-0.04673693475419523,-0.1883255892421989,0.9687086603287027,4639,10890.4661481394,-0.00302331834645787,0.9791370589437943,0.9587093801971033,-2.9769150073083805,2.997151643063639,5.97406665037202,0.05975732002266248,-0.10351108039150603,0.979141726539589,3404,8057.526964430979,-0.006160888306977112,0.9621077137186669,0.9256512527969604,-2.989191966375898,2.987639442024452,5.97683140840035,0.020557334936724993,-0.18501471105658807,0.9621274392416481,6157,13500.959728885166,0.004183965439696461,0.9798523925139769,0.9601107111153647,-2.9831811494988982,2.9967587987760025,5.9799399482749,0.014946466362447558,-0.1290615823714205,0.9798613252303436,3531,8428.185678927577,-0.004665318186034461,0.9270845506993753,0.8594857641454626,-2.983886740130548,2.9918086854875554,5.975695425618103,0.04030929307853023,-0.005468548658825956,0.9270962891411224,6138,12803.233408981167,-0.007839149040080262,0.9716910575574939,0.9441835113372009,-2.9876583119099154,2.9915447513868982,5.979203063296813,0.07238896926082297,-0.04848931142428903,0.9717226783372267,3359,7986.18835706577,-0.0048494487156130976,0.9502441157797099,0.9029638795739626,-2.9980369881162594,2.9964037076443595,5.994440695760619,-0.014907211965832013,-0.24763233074854707,0.9502564899682653,7778,15899.811793956183,-0.01791668657898549,0.8768253961895726,0.7688227754030008,-2.9948172334077596,2.9970438773888772,5.991861110796637,-0.027272486036862182,0.5194155046655196,0.8770084281584588,3264,6364.975910660564,-0.019737848867112096,0.7382044344719558,0.5449457870740602,-2.998277504872524,2.9845820834738426,5.982859588346367,0.02667278629935887,1.538255976034538,0.7384682591364107,5873,8444.044858373443,-0.0038787813674489046,0.9388963067426525,0.8815262748149929,-2.998102162154331,2.9893485413260183,5.9874507034803495,-0.01724827824488719,0.009339429425224921,0.9389043187459994,3906,8629.67913090337,-0.00014911327366595996,0.9271620197901866,0.8596294109414185,-2.9881694114704067,2.971547250444159,5.959716661914566,-0.022735468622548834,-0.1620287458730041,0.9271620317809541,8230,16130.307784008437,-0.003005341779268687,0.973996393308777,0.9486689741785057,-2.995497797579378,2.9840933167496098,5.979591114328988,0.020905762042415902,-0.0885344778578836,0.9740010299058804,4820,11087.043364258694,-0.000761454400743565,0.9632318066538962,0.9278155133497289,-2.996051325663117,2.995475795629037,5.991527121292155,-0.00658626981892587,-0.11785345513871048,0.9632321076264709,5624,12528.300312419044,0.001035349478617515,0.9847416740474385,0.9697161646057516,-2.8937607906527636,2.9939888635099283,5.8877496541626915,0.008740157491762721,-1.2431416747852142,0.9847422183263468,11320,23665.065127001908,-0.00565611252798955,0.9616993041242038,0.9248655515529779,-2.9795423334894275,2.972102144069776,5.951644477559204,-0.017063905179360826,-0.09346658747130521,0.9617159368347324,5266,11638.284661450503,Control_part1,v57p.mat
-0.06489221944446272,0.7247423205114297,0.5252514311402919,-2.9990438705341167,2.921172269327612,5.920216139861729,-0.3916753426923605,2.369246309852058,0.7276416915520442,2287,3329.8253996077074,-0.05876396266963441,0.7666007861977548,0.5876767653990159,-2.997247427692166,2.9966368754113404,5.993884303103506,-0.25677070191773055,1.7210326477822049,0.7688497699210516,2605,4149.001496127135,-0.01468287287823796,0.9034775408812385,0.8162716668768101,-2.975742289010499,2.982353398319965,5.958095687330464,0.0465107489278826,0.31317539418770535,0.9035968424207603,1889,4058.406023477472,-0.004570439155383439,0.9706924187261927,0.9422437717725062,-2.9922688124364343,2.9621617026977436,5.954430515134177,-0.01903249841633863,-0.040080138219805495,0.9707031784673311,2347,5540.828679778215,0.009284286206459345,0.9324658212971916,0.869492507887446,-2.994843125473666,2.9911279464726133,5.985971071946279,0.03061967683895676,0.07267363073827937,0.9325120405966936,1725,3850.2337556825355,0.018297936462104276,0.9454088532142387,0.8937978997358621,-2.991911758176673,2.9756104766479434,5.967522234824616,-0.036952053436821446,-0.045445772453106326,0.9455859105415187,2167,4981.205338704951,0.0007029805537582228,0.9543839376698444,0.9108487004821975,-2.999606685896361,2.988439300411931,5.9880459863082915,-0.09134483143099607,-0.07536704686315954,0.9543841965706769,2360,5456.876431602097,0.0044251888840398865,0.8574104185025377,0.7351526257566968,-2.868084238351086,2.9051462586465284,5.7732304969976145,-0.007063672006471555,0.1602546742556492,0.8574218378682434,2291,4583.870280671914,-0.0041933487130426245,0.9502068886768862,0.9028931312890083,-2.988849390880134,2.9849886390345097,5.973838029914644,0.048138003578267925,0.07957353437742487,0.9502161414449016,2292,5298.096886991123,-0.0022272698608394683,0.9578658425390357,0.9175069723030167,-2.994003294500301,2.9784297391420793,5.97243303364238,0.06315098512371067,0.12026295801384057,0.9578684320062175,2311,5292.405587840414,-0.012488587258436983,0.9461237638158162,0.8951501764570063,-2.997665132518582,2.995757440770269,5.993422573288851,0.027085438033891185,0.18183243374062696,0.9462061832754624,2561,5573.987193829978,-0.007490142205324014,0.9031771488473501,0.8157289622000284,-2.9988371545081347,2.9761130889334906,5.974950243441626,0.030461774441028346,0.2519771880589139,0.903208206578242,2663,5550.544081003028,0.0006535452182197417,0.9449347509510235,0.8929016835548729,-2.97792041764534,2.980738570310474,5.958658987955815,0.059810629999488024,0.00920911506531441,0.944934976956735,3183,7210.529260001198,-0.0020334805608485883,0.9499837172466291,0.9024690630337233,-2.9845233080003677,2.971309427310241,5.955832735310609,0.019112644133073065,0.11820496471249609,0.9499858936199603,3607,8122.084227719613,0.0033099103314472083,0.9290850639719953,0.8631990560958467,-2.9518785369065688,2.9887245817031123,5.9406031186096815,0.004203273637795997,0.09267930592933604,0.9290909598108513,2844,6283.004715366726,0.005019859591770896,0.9514085023209428,0.9051781382885793,-2.9876715879561457,2.9784428172877324,5.966114405243879,-0.07376363031221826,-0.012333190519971282,0.9514217452207514,2781,6395.712312580154,0.012466317424119607,0.9401632918694968,0.8839070153788886,-2.993705379311909,2.98956354278846,5.983268922100368,0.07785047711386639,0.16082859241241998,0.9402459382783886,2233,4763.623827056344,0.004349905560965607,0.9753184591859526,0.9512460968288606,-2.9950660685720942,2.967394914386738,5.962460982958833,0.01820374827848019,-0.046162644022030186,0.9753281593941856,2477,5755.2356516875825,-0.0009701428807562858,0.975973213891506,0.9525237142337154,-2.985138608439036,2.9752265489728775,5.960365157411914,0.0029120580197749455,-0.030659088832237114,0.9759736960650756,1767,4295.570029105813,Control_part1,v45p.mat
0.003897390507991622,0.8170646114500321,0.6675945792839918,-2.98621540740044,2.9988441037551734,5.9850595111556135,-0.0034369734987451557,0.3432854833806065,0.8170739066551835,6307,10855.221445233961,0.030037166353676575,0.5427264134780706,0.2945519598867697,-2.9169392266254,2.750675471898242,5.667614698523642,-0.19985748230629494,2.87016917353617,0.5435569806831002,2822,3256.3623600322844,0.0035937180374974666,0.7764996566203366,0.6029517167315006,-2.99495642388506,2.995396814012395,5.990353237897455,-0.005520067507946929,0.6595359956056854,0.7765079726189769,4937,8262.004813763786,0.03167250308599111,0.5249356613273984,0.27555744853323316,-2.9788966297873825,2.9675787757341094,5.9464754055214915,0.010092160639273347,3.5687021777513426,0.5258902889243775,2398,2722.8203498005078,0.004000598279395937,0.7748672106466143,0.6004191941352646,-2.9963253080904044,2.997464438721198,5.993789746811602,0.0018579314056761957,0.5979689068565821,0.7748775380160776,4881,8210.767922753726,0.03011408059007752,0.5305812413823208,0.2815164537068045,-2.8903802906750364,2.9337499242716745,5.824130214946711,-0.3561350781224955,3.540156565587064,0.5314351433209797,3348,3556.922847480544,0.02130375966366237,0.5924303675939078,0.35097374044745266,-2.997955299947501,2.9404310412764842,5.9383863412239855,-0.1445017475427036,2.361791264459227,0.5928132847897892,6937,7904.696230967999,0.030495970747140153,0.5180818164255547,0.2684087685108022,-2.9216168567021783,2.946776741363536,5.8683935980657145,-0.07302063379778262,4.597746765186728,0.5189785860154661,1954,2169.6466731565015,0.019263357088489228,0.6250145272307784,0.3906431592495134,-2.9862273849268557,2.9734113019933,5.959638686920156,-0.11580973179305692,1.7594305331984526,0.625311311408831,4354,5776.857785869945,0.005581757674005742,0.8957243105681352,0.802322040542761,-2.994178356772201,2.9973483876928606,5.9915267444650615,0.11105934639462214,0.17214659505648733,0.8957417019216491,2470,5163.677246775416,0.00021784118856181712,0.8466734783918337,0.7168559790121269,-2.9753323148004607,2.993898310505113,5.969230625305574,0.07115423968166985,0.4659046163088201,0.8466735064160862,4781,8749.25043308287,0.013376218995930507,0.8885294365141513,0.7894845595521552,-2.976373418283876,2.998825830815285,5.975199249099161,-0.005848857546269541,0.23758343167929485,0.8886301158450474,2943,6209.051091553949,-0.013509188678040325,0.7814696361833849,0.610694792276592,-2.999482666082016,2.9883298591726035,5.98781252525462,-0.07929078970740865,1.0023013769487497,0.7815863934686497,5156,8231.896601753166,-0.007053476409155016,0.8447081928038838,0.7135319309900032,-2.98939273997469,2.99823191615012,5.98762465612481,-0.06138975482388932,0.5186882105339303,0.8447376412351101,4667,8655.117739918922,-0.004264902114852784,0.8259128961678992,0.6821321120564471,-2.999042800009889,2.9969055235329383,5.9959483235428275,-0.016433307597281444,0.5879819686355208,0.8259239077823672,4076,7342.049805461174,0.00824067393022823,0.8947108095189852,0.8005074326701178,-2.9843887326346032,2.9947815441513863,5.97917027678599,0.0017116437088722505,0.2360279578838007,0.8947487588015656,2359,5020.18825359889,-0.003377306401373966,0.8931293235543297,0.7976799885926146,-2.9859334994396516,2.9907534994543528,5.976686998894005,-0.009245177492806376,-0.3779497407687247,0.8931357090561004,8510,15701.824128904032,0.014946011752439658,0.8827906765654284,0.7793193786308468,-2.9800609562086775,2.990883132152264,5.970944088360941,0.06341487253610718,0.21509503165853294,0.8829171885846094,2702,5860.589057944126,-0.0034961717824831848,0.8137731283273225,0.6622267043876369,-2.9983088962092976,2.966844304669725,5.965153200879023,4.731505716368989e-05,0.2030619357000334,0.8137806385044863,6184,10786.902435610333,Control_part1,v114.mat
0.0022236016067630794,0.7810122373793603,0.6099801149363143,-2.996643703683945,2.9761929220361214,5.972836625720067,-0.11199066464936787,1.2177905414186618,0.7810154027549137,3412,5696.806428197701,-0.0020803796351158946,0.7308580991873295,0.5341535611477163,-2.9586955847433845,2.9827993075350703,5.941494892278454,0.07158912576174224,1.1424833791883922,0.7308610600703409,3041,4966.8623574302155,0.002978704735656406,0.7908792769931293,0.6254900307771749,-2.9988046310110703,2.991734250849927,5.9905388818609975,-0.038039223819734326,0.9093748466300569,0.7908848863514064,3102,5202.025613961654,-0.0007180158676936545,0.7261504218257278,0.5272944351176824,-2.9633634613068405,2.965666030450479,5.929029491757319,0.04510495496616942,1.052621800426242,0.7261507768118606,2624,4376.912798738564,-0.0003402694580568143,0.7677285610006861,0.5894071433761842,-2.975985140130194,2.981727249364905,5.957712389495099,-0.0943301371221482,1.0194474381559306,0.767728636407089,3164,5118.142449703108,-0.001646364161045984,0.6726941238048461,0.4525173842015695,-2.9898466203545624,2.995589905169537,5.985436525524099,-0.019087709375970867,1.371273675405595,0.6726961384730258,2608,3955.8357802893584,0.005550496407590005,0.7587359814582347,0.5756802895593907,-2.99914011204108,2.9974348770908343,5.996574989131915,-0.04718298517774196,1.842296677867286,0.758756283380745,2806,4194.086302168215,0.0002863330093233084,0.7062057608039854,0.49872657659273595,-2.994760958282001,2.9932630011345367,5.988023959416537,-0.0012762894544326264,1.1263533887310482,0.7062058188512242,2786,4549.800837607973,0.0018628704222739124,0.8530280972285932,0.7276569346614342,-2.997278511865894,2.9918658796272095,5.989144391493103,0.09978668887106018,0.3853733703804698,0.8530301313245884,3318,6744.988695810724,0.00032530826278199203,0.8103793768979444,0.6567147345015005,-2.977200283091049,2.9994041944739607,5.97660447756501,0.20004978961481423,0.6649270030394638,0.810379442191722,2407,4538.759557443605,-0.00022277673399065555,0.764083554715294,0.5838236785863596,-2.99920086801575,2.9889308508857564,5.988131718901506,-0.13036248713212933,1.1369981531129678,0.7640835871917633,3506,5803.875121380958,-0.004054778994790498,0.7245803675266292,0.5250167090050251,-2.9986108923598835,2.9904464313722965,5.98905732373218,-0.022612316868690623,1.49118508939274,0.724591712785705,3155,4878.099141648913,-0.0027616613065056944,0.6668542606046015,0.44469460488650975,-2.9888791522273173,2.998346267980586,5.987225420207903,-0.01329523862083508,3.744746758408507,0.6668599790508362,2728,3080.7135150933473,-0.0025077710056059777,0.6806287154944572,0.46325544835563476,-2.9906134834999385,2.9741282992415785,5.964741782741517,0.039054984974056975,1.9498201269864683,0.6806333354097868,2736,4039.8260982714505,0.009471595434090908,0.8600302924335885,0.7396521039034037,-2.9973571534929206,2.9858795242236953,5.983236677716616,0.009904174006494544,0.7195790638931756,0.860082446643036,2756,5478.691387105639,-0.002413840404589593,0.771078086510608,0.5945614154968608,-2.998523235512484,2.996308809503221,5.994832045015705,-0.09505341311389102,1.4627386330748084,0.771081864734452,2229,3776.086129572689,0.0034753692555764422,0.8190849514945812,0.6709001577648803,-2.9841967952271697,2.9966284009494206,5.980825196176591,-0.04708033309544826,0.7798156883255829,0.8190923244398906,5333,9456.586361175005,0.0007465635416946486,0.7375603423833184,0.5439952586565978,-2.9724756758329747,2.9842181300460324,5.9566938058790075,0.02408433554697945,0.8617105034929451,0.737560720221542,2604,4453.69644657297,0.0007383929512655351,0.8023027140328317,0.6436896449444477,-2.9908067114253556,2.9969119722447113,5.987718683670067,-0.06384945824237344,0.7674729146778638,0.8023030538198132,3438,6229.555650340921,Control_part1,v108.mat
-0.008272811433719166,0.8979428683296905,0.806301394784152,-2.9973011048036935,2.998515765419981,5.995816870223674,0.008973160604885053,0.6154830047955855,0.8979809765207556,8697,14505.39156094689,-0.0073636283057098946,0.8237072014492924,0.6784935537194252,-2.99923912528048,2.995652411584804,5.994891536865284,0.10272655945434812,1.7513868159293073,0.8237401148063932,1941,2955.7323323188994,0.0021125849806633455,0.9642244659101215,0.9297288206596589,-2.999078229596523,2.9925672676292248,5.991645497225748,0.016024863824625223,-0.048678333039546384,0.964226780210423,3527,8255.41618700745,0.005184518844760153,0.9287392561534953,0.8625566059205477,-2.955894791447458,2.9940819991964642,5.949976790643922,0.0708050133055618,0.22619225653938368,0.9287537268599245,2385,5208.224037067284,0.00025366981766452066,0.9763180617512222,0.9531969577016632,-2.9957845528273537,2.9999215134009374,5.995706066228291,0.018059214361307287,-0.13108825556412684,0.976318094705839,3613,8501.832429748312,0.0039729601913078005,0.9501907240249251,0.9028624120230113,-2.9931459379360272,2.9946909326340254,5.987836870570053,-0.03702379303934119,0.08045735175740809,0.9501990299067312,2257,5137.094084992536,0.011145058552241844,0.9656771901085229,0.9325324354958923,-2.9904017680349058,2.9019267904322357,5.892328558467142,0.026141324051496013,-0.07336098570118788,0.9657415015551652,2563,6228.175050720613,0.004771734872210658,0.9418889381634308,0.8871547718346352,-2.986760684466499,2.9721996026455586,5.958960287112058,0.025603012760790533,0.13208152378524574,0.9419010252082359,2179,4854.165359658956,0.004535021803426982,0.9560658257429212,0.9140618631534938,-2.9925663722669493,2.9772870148705928,5.969853387137542,-0.023668269761957194,-0.001669850416303742,0.956076581439087,4614,10585.708893289668,0.017177338192026888,0.9047496541898628,0.8185719367566762,-2.99076523813814,2.9967128840562705,5.9874781221944104,0.01161370373858934,0.3425063549533989,0.9049127017033408,3075,6510.40574931572,0.01887860364937728,0.8723638916456752,0.7610187594471873,-2.9776920023498095,2.9937332258573117,5.971425228207121,0.10804163762930404,0.4313168545586503,0.8725681412491161,2650,5446.293907542932,-0.01583634842788633,0.8582311533223255,0.7365607125329688,-2.9957246676560554,2.9937730188131644,5.989497686469219,-0.09825947417830114,0.9757590950806545,0.8583772495030948,2056,3845.268940240988,0.007960371437808127,0.9334323514008229,0.8712959546416694,-2.991268858081359,2.9984305533774482,5.989699411458807,0.024686305464104018,0.15571671637268647,0.9334662940648137,3369,7392.673457884384,-0.013559651915624455,0.8502144625979192,0.7228646324106686,-2.9935211490816354,2.9962494760447007,5.9897706251263365,-0.007844248825903963,0.8545147900758523,0.8503225838296555,2259,4276.775413887188,0.010438786532164589,0.9488827848030605,0.9003785392956113,-2.991388369969968,2.9800023237477147,5.971390693717683,0.022940501950530386,-0.07286318025489846,0.9489402023098585,6227,13609.764583387214,0.015398110041684926,0.8934944967663055,0.7983324157516736,-2.997973975157925,2.999802300927849,5.997776276085775,0.04330177655478524,0.5004362379681568,0.8936271692067835,2947,6056.702255874135,-0.0010623096286654856,0.9655678959573802,0.9323213617035622,-2.9979523642602137,2.9990560634711816,5.997008427731395,0.06299605870280367,0.012697731838814619,0.9655684803292355,2956,7005.515693972518,-0.0014184589127497636,0.9480190153646179,0.8987400534928996,-2.9926481338964157,2.9983867961845014,5.991034930080917,0.007916568282585103,0.09013860127698825,0.9480200765377212,2485,5641.784067567799,0.012847898491236995,0.9067928669596653,0.8222733035689292,-2.9958642074072177,2.9865390408158365,5.982403248223054,0.01714126014510785,0.13589245003572747,0.9068838801437428,4528,9793.013766976374,Control_part1,v59p.mat
-0.016969992468981027,0.8678768452802686,0.7532102185736314,-2.9921355337285673,2.995487449123301,5.987622982851868,0.07355924719869848,1.0430886743681178,0.8680427404327674,1941,3536.160797617596,-0.010457633390287649,0.8839206497264485,0.7813157150128267,-2.995153049713118,2.9916569587692687,5.9868100084823865,0.005776194115112966,0.3876813273514439,0.8839825095039789,1927,3975.967709457236,-0.006130541419292382,0.9061268194497917,0.8210658129261954,-2.981044615844769,2.992814400503446,5.973859016348215,0.05905758156249115,0.44301722791410914,0.9061475577764856,1915,3977.8617175682107,0.0077685241757043996,0.9667672090145617,0.9346388364258053,-2.9770293711025624,2.982276095347451,5.959305466450013,-0.024084612768022987,-0.0490711042108809,0.9667984207649875,1693,4090.4953250342883,-3.990337425277418e-05,0.8281017649632691,0.6857525331352815,-2.961186702186641,2.9935189149682055,5.954705617154847,0.07263631964252448,0.7637406228272865,0.8281017659246722,1519,2934.944821840708,0.004543776104457442,0.9724889756451321,0.9457348077513184,-2.999022860458711,2.989420834307191,5.988443694765902,-0.03058147440775649,-0.015902952132470283,0.9724995905668062,2054,4812.332460086231,-0.004265081839853116,0.8821278249849037,0.7781494996125969,-2.9885392283735626,2.9928146636384234,5.981353892011986,0.015263868953426189,0.599851845222918,0.8821381357450191,1299,2670.3540317351953,0.0028307861092097806,0.9710624598897437,0.9429623010071202,-2.988965285343469,2.9856046592216328,5.974569944565102,0.016434935336263456,-0.11101271228561505,0.9710665859543909,1460,3512.3314280971153,-0.014136799303994755,0.9267269373097384,0.858822816335488,-2.9871705756356524,2.993837167006559,5.981007742642211,0.06434713278087442,0.38214523835590564,0.9268347562699887,1570,3249.446942648149,-0.008500261431788099,0.9630885797623717,0.9275396124687022,-2.9404879343232575,2.994554646741132,5.93504258106439,0.12060219898333005,-0.05464662959964217,0.9631260908692646,1838,4307.1605499977195,-0.013917884023864693,0.6675203886070631,0.4455834692061245,-2.992221277254337,2.9900723049083484,5.9822935821626855,-0.06477224046393783,3.9479495756634666,0.6676654676571391,2164,2482.59338709972,0.0039918116558414094,0.9802718992823177,0.9609329965225624,-2.9959077446576208,2.992926007139106,5.988833751796727,0.014129919046736687,-0.04682388020420536,0.9802800268713313,2523,5750.336350039539,-0.01557311898275643,0.8992717962514674,0.8086897635333407,-2.9825318958645326,2.9808800708042855,5.963411966668819,-0.04448627037503797,0.6270575296271366,0.899406629711051,2004,4011.3052167155743,0.0010479161215048733,0.9097619311399862,0.827666771351557,-2.9879250230683847,2.994053473098402,5.981978496166787,-0.04055159509992705,0.2730692879572496,0.9097625346648183,2186,4432.404854655205,-0.014111247282212178,0.926862227741934,0.8590735892147408,-2.999503814494539,2.9951485030619516,5.994652317556491,-0.09243357105883263,0.43667654834911973,0.9269696416359062,2040,4246.756022944305,0.006039363275603105,0.9587286522654208,0.9191606286746702,-2.9967281684888087,2.9439297860533022,5.940657954542111,-0.020570942583609062,0.046662188045979214,0.958747674095455,2570,5778.164808476406,-0.0026727845682426375,0.9091982135832912,0.8266413915830481,-2.991268713490174,2.998665911744518,5.989934625234692,0.0394412783311712,0.3797501981232978,0.9092021421886314,1773,3605.1949519863733,0.026536593955602213,0.8945139066066369,0.8001551291126671,-2.9942146788605983,2.9601501699760178,5.954364848836616,-0.043441457584288586,0.25251936819286547,0.8949074365158844,1847,3908.155941759268,-0.010677569265525284,0.9209665083129922,0.8481793094342247,-2.9795562818975116,2.9623175830479873,5.941873864945499,0.02527573528331353,0.27594297982071714,0.9210284034271934,1240,2710.37510194422,Control_part1,v51p.mat
-0.01315910799857256,0.8759777866711035,0.7673370827412054,-2.9813770130837822,2.996362120549291,5.977739133633073,0.06581592867954766,1.0724567778943834,0.87607662043027,1274,2293.6631583364037,0.0007441890829873969,0.8994706767356532,0.8090474983072939,-2.9930485948500594,2.9855426731703987,5.978591268020458,0.03162279835184577,0.5882150746311461,0.8994709845929912,1802,3606.7191144533535,-0.012092709985545711,0.8697454329665556,0.7564571181661812,-2.974856813612159,2.99742135251582,5.972278166127979,0.10089463026816053,1.1024246307461674,0.8698294958214372,1238,2272.7603436544296,-0.00015234519079108168,0.8892696483996543,0.7908005075648448,-2.9793048621675875,2.9929281807591326,5.97223304292672,-0.00876813497263585,0.6996743731757453,0.8892696614491591,1472,2927.144353506694,-0.010803742491496047,0.8780048099128598,0.7708924462301171,-2.9925912805672477,2.995790328010616,5.988381608577864,0.06314704054890025,1.092718235959067,0.8780712767662655,990,1885.3363914614188,0.002388580803889813,0.8884245093054581,0.789298108734644,-2.9961298115170467,2.9981598276443706,5.994289639161417,0.019614427812176437,0.7223982279810364,0.8884277202186459,1386,2776.4301378494874,-0.008906842245012172,0.8856398188680809,0.784357888764687,-2.98953194089573,2.9992940909267896,5.988826031822519,0.04524037621681218,1.0161329014991596,0.885684605603747,1181,2306.3958306440236,0.007158595988590009,0.8935164212003528,0.7983715949546863,-2.99735656727291,2.9919450452135066,5.9893016124864165,-0.009165078534940384,0.6244245929749535,0.893545097043912,1457,2955.2511450937454,-0.004071479544795373,0.8913144113103036,0.7944413798094332,-2.9951161619830353,2.9975949990166444,5.992711160999679,0.021161616695217877,0.7423761942383398,0.8913237104190131,1775,3247.353960600891,0.009148873584178754,0.8953080993697058,0.801576592796995,-2.9862010846117224,2.9959955136955365,5.982196598307259,0.014906867851015356,0.41282844785124473,0.8953548428890382,1512,3151.542167591556,0.0027083539526674256,0.8589668588421586,0.7378240645891648,-2.997221214878728,2.998823826287995,5.996045041166723,0.10452341227682088,1.0115352829801632,0.8589711286011292,1397,2603.00586537069,0.0031251027946225564,0.8962268396759507,0.8032225481555424,-2.983178334637134,2.99383787473398,5.977016209371114,0.05830008669427736,0.6207901925080281,0.8962322882060317,1890,3742.4662365111126,-0.01015349769881025,0.886404732206468,0.7857133492780203,-2.9892850620467533,2.9996145146578788,5.9888995767046325,0.06659451794028548,1.098182848868177,0.8864628829192681,984,1837.553190627784,0.0020039073167481066,0.8782980483170392,0.7714074616775202,-2.996191300116341,2.998052449053409,5.99424374916975,0.017574004066447137,0.6706795338489311,0.8783003343515555,1478,2935.211333116846,-0.011550458710565929,0.8910068867046083,0.7938932721550387,-2.9993529003730988,2.9997027844147457,5.9990556847878445,0.02055042299427924,0.915284465089599,0.8910817500383807,1404,2773.561127845352,0.002894838759192164,0.905404825401387,0.8197578978601161,-2.997005709995207,2.998792731258168,5.995798441253376,-0.006054462950563825,0.4292909555895408,0.9054094532042162,2000,4365.673907596208,-0.011548413274257464,0.873003575312118,0.762135242507741,-2.9924215293317022,2.988645652033144,5.981067181364846,0.1118876124601841,1.0857494677758375,0.8730799553058667,1483,2762.7988435625603,0.000858559866879785,0.8963467324399473,0.8034374647557706,-2.9951566393130733,2.9941544885159566,5.98931112782903,0.0104072299793773,0.5785804088698292,0.8963471436228353,1800,3628.8596859441795,-0.010716834972713297,0.8912321689600101,0.7942947789891641,-2.9971935351248957,2.997360635617058,5.994554170741954,0.04861055282669745,0.9591785769366359,0.8912966002072468,2171,4036.155369235311,Control_part1,v109.mat
-0.04544327949532752,0.7873579904198463,0.6199326050779789,-2.9912020858933497,2.9969652617834375,5.988167347676788,-0.17206078514644935,0.9573432953423149,0.7886683058987912,3470,5699.622296971713,-0.04307491614873,0.7918414011755507,0.6270128046156594,-2.9885314383853347,2.9795676225283017,5.968099060913636,-0.14268900404665785,1.0730804296496226,0.7930121392619911,2768,4661.217320270958,0.004468276397387987,0.9542832097662316,0.9106564444417415,-2.991705279195682,2.9684371120477575,5.96014239124344,0.03195033352036818,0.01798319043852281,0.9542936706987556,2794,6361.713588450151,0.03137886981956302,0.6388573099377622,0.408138662460914,-2.937877819247369,2.994749665480788,5.932627484728156,0.1496963877850081,1.0357200745098005,0.6396274665241222,1928,2896.3445633354777,-0.004883238953921974,0.9714854889377491,0.9437840552166173,-2.9328813078461504,2.98544180148745,5.918323109333601,0.06718427394610456,0.031331187952490236,0.9714977618292789,2008,4642.405756870704,0.030381152363917342,0.6080569054328865,0.3697332002446182,-2.73865135925174,2.9574444788395153,5.696095838091255,0.1736834363561601,0.7265256949886827,0.608815419206493,1914,2735.021740419502,-0.003642952635292292,0.9686073911801492,0.9382002782488146,-2.9965515109449345,2.988791857814255,5.98534336875919,0.040360818740451665,0.07618068382287957,0.9686142417664101,2785,6258.767848370642,0.029899408718715353,0.6055561951995533,0.36669830554455946,-2.659710349383156,2.892603578907308,5.552313928290465,0.15665355290635938,0.5466922038717041,0.6062938892866134,2005,2917.8609011226145,0.03289272734387124,0.6543946760506064,0.42823239204337815,-2.8217483969105155,2.871841440313867,5.6935898372243825,0.00773869787353271,0.9149318741373871,0.6552208204533007,2827,4162.473152272591,0.021564899211300455,0.8871941198555452,0.7871134063062555,-2.9919026982281216,2.9781723574202625,5.970075055648384,0.08498708236033861,0.301043716122642,0.8874561685989055,2133,4490.438508247213,0.029334993325532396,0.7003588956368169,0.49050258269762176,-2.9366496852357806,2.9957068752031786,5.93235656043896,0.045882790186755375,2.4625118642137958,0.7009729841663165,3684,4837.3059588479755,-0.005348624334771808,0.9429700087299909,0.8891924373642393,-2.9849232820571823,2.9354084223762813,5.920331704433464,-0.039928228788764675,0.06447334464601573,0.9429851775857951,2582,5746.745701295652,-0.010737363874188501,0.9488336322527386,0.9002852616939252,-2.997578176632585,2.995252990872315,5.9928311675048995,-0.019123083136683924,0.0607210482698437,0.9488943843636612,3381,7283.890290521291,0.008993427999663862,0.9276365933067504,0.8605096492417535,-2.990719819717357,2.995599660212785,5.986319479930142,0.06875111028547226,0.082630746015941,0.927680187882084,2590,5685.078199165431,-0.002747829790853006,0.9482365184461424,0.8991524949148615,-2.9987305204903394,2.9876170021102864,5.986347522600626,0.00019694465089882033,0.16846096807286726,0.9482404998118468,2474,5486.081318469377,0.005578894641488192,0.9432784413508992,0.8897742179173819,-2.996892445427285,2.9989489546511914,5.9958414000784765,-0.006050882739422569,0.04025079736825132,0.9432949390210904,2760,6167.042726251074,-0.006031911297801479,0.9669326421865195,0.9349587345258039,-2.990072651829152,2.9893395187591407,5.979412170588293,0.02953113480625623,-0.05787935355825402,0.96695145611334,2836,6551.320167242536,-0.004947623229684413,0.962339037445618,0.9260964229917585,-2.980597311943296,2.9976902263151626,5.978287538258458,0.10035442471981997,0.050563988244756164,0.9623517558395066,2011,4696.499510250361,-0.004401741242950212,0.9647807463571333,0.9308018885414272,-2.9760531020778895,2.9897150371006673,5.965768139178557,0.02045471504694316,-0.03589712909867693,0.9647907876153239,2609,6016.795649865378,Control_part1,v44p.mat
-0.04898060749638951,0.8079052565428626,0.6527109035495887,-2.994833532457722,2.967648947368491,5.962482479826213,-0.11342637843205458,0.7033845621750476,0.809388660323521,6759,10626.26084063797,-0.046233552759224056,0.785313897130345,0.6167179170260502,-2.9971794284937996,2.9863503702421785,5.983529798735978,-0.22273631134766836,1.2340479809338225,0.7866736670480271,5525,8457.50281158798,-0.006210084220870297,0.951030299631732,0.9044586308176219,-2.9934887335033507,2.9855792944014583,5.979068027904809,0.034076095655412704,-0.13773287260444045,0.951050574871627,6759,13533.954951844853,-0.004194186512754346,0.9738886659709528,0.948459133706682,-2.9950067915845593,2.9910110968084416,5.986017888393,0.0386771428602173,-0.08873076655464773,0.9738976973518245,4807,10773.446965557105,-0.0014507783259515195,0.9762118912383365,0.9529896565951297,-2.961322770328516,2.9960698922151052,5.957392662543621,0.005491884910816321,-0.18539289425171068,0.9762129692607453,4788,11060.306306808681,-0.00306323968434466,0.9642543984001207,0.9297865448339788,-2.9988043281031964,2.9927469199553736,5.99155124805857,0.02885096185966807,-0.023926190509302003,0.9642592640319005,3363,7624.395595021671,0.0011472719305058523,0.9724191234083577,0.9455989515702787,-2.9979479370059097,2.975524282163843,5.973472219169753,0.0075348922696891,-0.17491152569140356,0.9724198001908236,5554,12328.197707292537,0.002123834135886759,0.9631322237895181,0.9276236805017424,-2.9669142501374135,2.980622917679974,5.947537167817387,-0.008196633032544049,0.009373715472775768,0.9631345654544743,4163,9221.175010092633,0.004361066707327695,0.9542414704809277,0.910576783985603,-2.981806484308733,2.998150738695849,5.979957223004582,-0.001853157508337335,0.07572664004595175,0.9542514358849186,5459,11549.151657424616,0.0010107059199988278,0.9872493939031393,0.9746613657621158,-2.9631574816879653,2.994620926067909,5.957778407755875,0.01084430459824477,-0.7961927628232233,0.9872499112628842,9094,18493.1864853734,-0.0017599061270925065,0.9950960906924973,0.9902162297114908,-2.9616286767092723,2.9706322966511935,5.932260973360465,0.03174682816336574,-0.5918125844891682,0.9950976469578586,8491,17533.652861180235,-0.015509266269251162,0.93490306605489,0.874043742918834,-2.9870121414985955,2.959432005401991,5.946444146900586,0.047075807434314415,0.04672389031685542,0.9350317001359069,4903,10220.030501754438,-0.0005142126827400464,0.9905135659195301,0.9811171242706234,-2.9254110021569946,2.972417588008978,5.897828590165973,0.02098092249623422,-0.5114344605481351,0.9905136993930505,7833,16541.8727187513,0.018196623604422507,0.9270218270061358,0.8593694677457939,-2.9987897721647716,2.9673989912923506,5.966188763457122,0.038083185934994476,-0.02617779568450951,0.9272004016696686,4629,9810.095201233475,0.012521904011709628,0.957783975396286,0.9173501435259134,-2.9948506558905392,2.9983422715105363,5.993192927401076,-0.018323725788036156,-0.06621933699194704,0.9578658265153799,5301,11445.196277614106,0.0025560830004000895,0.9742696759099471,0.9492014013976733,-2.955260735726459,2.9841006049707492,5.939361340697208,0.017936257139025285,-0.10491686579502613,0.9742730289595304,4585,10362.936629529595,-0.0015212904571595919,0.9815107798828211,0.9633634110261836,-2.998687593633287,2.9736926181283336,5.972380211761621,-0.019778164102705973,-0.21038644627922665,0.9815119588424988,5585,12467.587757672052,0.003736346110364289,0.9619364452439451,0.9253217246885572,-2.992761768048161,2.9907055821198045,5.983467350167965,0.03544529572881106,-0.03861624941182962,0.9619437015599268,3905,8686.463208927653,7.546914755350955e-05,0.972596121318988,0.9459432152047397,-2.993234607408861,2.997009042554458,5.990243649963319,-0.030359060916518944,-0.025168108746563167,0.9725961242470237,3557,8200.159669452625,Control_part1,v43p.mat
-0.05276428090317264,0.6645877837353158,0.4416769222902189,-2.99836219434963,2.99838729942809,5.99674949377772,-0.6008198213841635,4.496283781931763,0.666679076939908,5532,5713.02027762151,-0.06432556959188995,0.6769513270156655,0.45826309914827046,-2.9963358808402574,2.9942737223182094,5.990609603158466,-0.5353194747110377,4.269013237663986,0.6800006456258638,3906,4197.331554891718,-0.013038963056152257,0.9088758526740149,0.8260553155739178,-2.9836108093597744,2.9960936557147306,5.979704465074505,-0.014218438825859731,0.3888281773063458,0.9089693779943842,5195,10442.763797740037,-0.032475817215459474,0.8003441109846916,0.6405506959878763,-2.9866150641247495,2.983558547226198,5.970173611350948,0.07426561803704133,1.0819017885998479,0.8010027307641893,2949,5090.3421125961895,-0.0017485786918568782,0.9666048912833244,0.9343250158528474,-2.993005361143202,2.995602958584541,5.988608319727743,0.037571783069355214,-0.0648662968131406,0.9666064728628135,5165,11541.189392045593,-0.009264614794080517,0.8225080075180918,0.6765194224313814,-2.973257853686982,2.988677704090317,5.9619355577772986,0.016351296856127115,0.38831224497428307,0.8225601835237735,3941,7356.194707528343,-0.002975238641801877,0.9733740627781571,0.9474570660892556,-2.969289005519321,2.9812563280797266,5.950545333599047,0.012499250585656605,-0.12929185919762087,0.9733786098606396,6579,14513.461157715468,-0.00823887483519549,0.7984940656740659,0.6375927729166995,-2.9972910145650573,2.9690934905874977,5.966384505152555,0.05363382792608627,0.4746382821080539,0.7985365689655356,2381,4580.573391380533,0.0016897680084453314,0.9531826035390291,0.9085570756894418,-2.9953636425514643,2.9939397320615537,5.9893033746130175,0.0735261836420587,0.016845374321709183,0.9531841013179795,5220,11492.86910039915,-0.011519396849499895,0.8230685221627949,0.6774417921752472,-2.989457946419085,2.9828291122530612,5.972287058672146,0.09732024747501342,0.40844945232055974,0.8231491290641226,3536,6877.06780042752,-0.03162715591094944,0.8855274725522252,0.784158904644732,-2.998247848102277,2.9995374433088378,5.997785291411114,0.003684438967075309,0.47157086429513084,0.8860920841739574,7494,13474.16990924854,-0.019091284153603182,0.7668416481160633,0.5880461132853602,-2.9814191076246943,2.9831208225466694,5.964539930171364,0.09270788089843479,1.712683274382571,0.7670792595397126,4495,6655.648166097107,0.014263729789616724,0.9061683656460695,0.8211411068976687,-2.9936798499382973,2.9709121267583325,5.96459197669663,0.049810084517228514,0.12553972587579887,0.9062806192814563,7600,14782.317131383232,-0.011372677700412087,0.7688916758916233,0.5911944092554291,-2.997842698606943,2.997640666438818,5.995483365045761,-0.05719893601905432,1.0046559850178909,0.7689757779367998,4249,7261.606100072802,0.017945250916497353,0.8880342687024337,0.7886048623898664,-2.99869123365885,2.991567504115999,5.990258737774849,-0.047059865464838924,0.25251229007396603,0.8882155675399539,7121,13894.671797739144,-0.01400011513398533,0.7465592851293029,0.5573507662127758,-2.9255187645450893,2.9866273709589026,5.912146135503992,0.02284651077967108,1.0261274367884425,0.7466905446277866,3540,6187.388340835045,-0.013195974924147778,0.9537459797840981,0.9096313939543293,-2.9938196127175476,2.999478460465532,5.993298073183079,0.05445949100512234,0.08963427223687592,0.953837264793386,6154,12899.981257525029,-0.01416016498558443,0.8343056456928974,0.6960659104350425,-2.998727530105719,2.9931211902739197,5.991848720379639,0.0633633567562016,0.4691252244569286,0.8344258029971636,3563,6918.625635960739,0.010237510513847739,0.9470504029104261,0.8969044656528005,-2.994380955098875,2.996376145719144,5.990757100818019,0.030785398038915886,0.0007513341187816991,0.9471057344744153,5087,11107.807058411407,Control_part1,v50p.mat
-0.010363869289558656,0.808933972291823,0.6543741715278278,-2.9874921106334327,2.9901334961722412,5.977625606805674,0.00650846908045349,0.2644677532757056,0.8090003592795734,7695,13742.040779058061,0.022168574144106445,0.669221641210607,0.4478576050646184,-2.9834558808191445,2.996918102000436,5.9803739828195805,0.17118798838983096,3.0518675487830462,0.6695887176052187,3999,4635.4477461586375,-0.007025136599579258,0.9755351909048159,0.9516689086936955,-2.996457117932807,2.997994228258356,5.994451346191163,0.029188048651940194,-0.07629655184917095,0.9755604856890926,6601,14907.701135186011,0.023874039176994117,0.6615567760383051,0.4376573679221962,-2.9975315640983733,2.988797966044266,5.986329530142639,0.20798742402570766,2.9191331032218946,0.6619874150380964,3079,3676.379888384775,-0.0027290046998937455,0.9719046689070826,0.9445986854433858,-2.9962828434635873,2.9978333322750914,5.994116175738679,0.05775036026908707,-0.16970109382453025,0.971908500276666,6073,14147.2543881614,0.046357790078207346,0.6541858063094756,0.4279590691767788,-2.968658460929614,2.9928033461619488,5.961461807091563,0.37070077838991605,2.5676575568821898,0.6558262833080982,3149,3882.8261443358665,-0.002363369694281374,0.9755656301343291,0.9517282986993906,-2.9851511849690264,2.993549344720153,5.9787005296891795,0.03371318018398982,-0.12863973692385233,0.9755684928367164,6464,14893.870846661332,0.02800913091889507,0.6388650653688268,0.4081485717487153,-2.9898879050080436,2.996087698693496,5.98597560370154,0.19237489100053873,3.0621779848621697,0.6394787589619745,2841,3153.057962625485,-0.0015641979326941357,0.9714294166173033,0.9436751114694342,-2.9708862547333097,2.9865845408726215,5.957470795605931,-0.024984079972656368,-0.06814239183893722,0.9714306759540832,7469,16772.1384249873,0.02987221947726924,0.6312449276020268,0.398470158623288,-2.9935495763008504,2.9975663626139997,5.9911159389148505,0.19833730158329022,3.2588793154053084,0.6319513494880648,3959,4116.438008896639,0.011851614288150096,0.9179900225979964,0.84270568158947,-2.995465505090062,2.9748097789637185,5.9702752840537805,0.04356892296355593,0.09781337274618362,0.9180665239244404,7425,15032.90896122563,0.043530778033572026,0.6335543756323156,0.4013911468828533,-2.9888434636174654,2.9960030434150555,5.984846507032521,0.5903222661888051,3.985668043783228,0.6350480891389733,3711,3414.6329824874083,-0.0011406453569897262,0.9576212035617994,0.9170383695111491,-2.9986586406897966,2.9994906826613255,5.998149323351122,0.028759558618254875,-0.15147232961837576,0.9576218828864446,8809,18694.3202136707,0.04387044515409726,0.6218808471685363,0.38673578807505643,-2.9982359587209997,2.998546289906331,5.996782248627331,0.4192890404322701,3.898528442995473,0.6234263421071291,5081,3867.7514629396555,-0.008474370205751544,0.9776327567701866,0.9557658071100747,-2.9978368887731346,2.9937656844749547,5.991602573248089,0.04090131366685859,-0.3659110491043793,0.9776694850819775,10619,22429.308337840273,0.03960927784586246,0.6229724431259023,0.3880946648942555,-2.9963326265054206,2.9967304466854574,5.9930630731908785,0.3098735743773712,3.903667268890202,0.6242303739691991,5239,3778.720055156783,-0.007100542671742512,0.9574017190944827,0.9166180517250708,-2.960469144722502,2.9873244217854884,5.947793566507991,0.02758824916526123,-0.05785208654800256,0.9574280492190022,6084,13480.487961063114,0.043741556703308655,0.664388757548824,0.44141242115727003,-2.9903473960823566,2.9846963653816587,5.975043761464015,0.35678286427821304,2.8552185684579428,0.6658271134011432,2894,3595.909157719191,-0.002934241963306494,0.8807858196557737,0.7757836601066931,-2.974346364551133,2.9974939586325826,5.971840323183716,0.03843660322033984,0.31538883305508447,0.8807907071958652,8935,16400.103299256407,Control_part1,v54p.mat
0.007179279324525655,0.8628906832967582,0.7445803313203463,-2.9788116811513854,2.986948479715559,5.965760160866944,0.01942303316956739,0.3568384134759506,0.8629205487018871,5583,10301.805379450721,0.01163142056449779,0.8192372347783763,0.6711496468473205,-2.997138211099269,2.9659302736718636,5.963068484771132,0.006529127939918612,0.7166275576096486,0.8193198012935295,4187,7415.279389441055,0.00045885524379886774,0.9736922845343768,0.9480766649617738,-2.9948113593728505,2.971760152584542,5.966571511957392,0.057586925690375386,-0.12107867081181789,0.9736923926527867,5261,11766.048385264425,0.0052413946244216315,0.9566105167263508,0.9151036807114559,-2.995340770714192,2.981946188118712,5.977286958832904,0.055428104669958476,0.04104539035422272,0.9566248757632558,3181,7253.507887713442,0.00014254994693004914,0.9727659711477173,0.9462736346229617,-2.9894753440931217,2.987625270264002,5.9771006143571235,0.05439395007281734,-0.01365933817243592,0.972765981592412,2809,6542.488400533703,0.004773647099225733,0.9658874044226173,0.9329384780222608,-2.9673050371552647,2.99695724092677,5.964262278082035,0.03756658610838802,0.022712111008794,0.9658992006047467,3131,7325.725236003953,6.085869670538742e-05,0.9789122603985793,0.9582692135586559,-2.9840148714458117,2.995955065879538,5.97996993732535,0.023089211406109592,-0.08765540235608649,0.9789122622903632,4381,10328.742903355276,0.007993682833424286,0.9663948520951184,0.9339190101559459,-2.994730233703756,2.988319877181755,5.983050110885511,0.002494499273339548,-0.049059023172299376,0.9664279120147489,2473,5720.584474946535,-0.0014850532546431222,0.9768555308419142,0.954246728136438,-2.98051794795872,2.9982832539693107,5.9788012019280306,0.0436763803349595,-0.11188684203810562,0.9768566596587276,5425,12133.263675640896,0.004940716551242133,0.9705288325340677,0.9419262147799404,-2.985359385429662,2.9944085611723517,5.9797679466020135,0.053459790816060296,-0.03668414677841403,0.9705414084210833,3463,8003.35370124267,0.011977928743065136,0.9369497834614521,0.877874896728462,-2.9747676155041747,2.9864597289832884,5.9612273444874635,0.05072845459047855,-0.33876057261985704,0.9370263430157318,8179,16106.799867367907,0.0034706026447858954,0.9570881309133097,0.9160176903351327,-2.9799603285873606,2.988863975449709,5.968824304037069,-0.0632437142562259,0.04058112744995146,0.9570944234598019,5327,11450.859417459724,0.0008893547077923672,0.9796103542739872,0.9596364462008067,-2.996866588223912,2.9993733934790603,5.996239981702972,0.00028217511616074586,-0.3013334967707948,0.979610757981252,7375,15680.574148278965,0.00503196824150085,0.9756995065371471,0.9519895270568323,-2.9750713489806895,2.972149994153,5.947221343133689,-0.027487020445276438,-0.09345935063910282,0.9757124821181781,5805,12698.162832502978,0.0024104968162697304,0.9680887304798736,0.9371957900821334,-2.9971588060516217,2.952699265819917,5.949858071871539,0.042412374250702795,-0.2782135226223943,0.9680917314888267,7239,15272.63330980645,0.006561278358970803,0.9599328845584377,0.9214711428566829,-2.992500972888135,2.975116894800071,5.967617867688206,0.005052889570139446,-0.028430532034878553,0.9599553079338573,4612,10197.920012832012,0.005773523818581826,0.9653799976976176,0.9319585399546523,-2.9936224727352556,2.9988361896612714,5.992458662396527,0.03793660813205318,-0.08789481599739979,0.9653972620284025,4401,9952.370247073175,0.0039868249065105775,0.9660424075420041,0.9332379331695516,-2.9923614012804807,2.9846297203902177,5.976991121670698,0.008064390466570042,-0.09933193553933295,0.9660506342539126,2471,5812.530469887505,0.0006716191516071447,0.9850485973665424,0.9703207391737925,-2.9981183487178056,2.990552004526844,5.9886703532446495,0.000294536215407807,-0.16828022080714344,0.9850488263259225,5725,12893.352896922926,Control_part1,v58p.mat
-0.0008143836801880667,0.9407459990823219,0.8850030347893961,-2.9969536385209135,2.993536402943753,5.990490041464666,0.010599534728746855,0.3454117752883481,0.9407463515795185,3690,7683.959972060937,0.017783969838639422,0.8352696474923325,0.6976753840219654,-2.993360692650673,2.9990509852356584,5.992411677886331,0.03961059462989174,0.8738462046977391,0.8354589478874392,3458,6377.528608909537,5.132859776172275e-05,0.9409840406957188,0.8854509648440422,-2.999574291808173,2.9969501196939823,5.996524411502156,0.00831555203620216,0.3255748208132485,0.9409840420956497,3652,7737.727211344742,0.02286523207731449,0.8598945483271787,0.7394186342428027,-2.9995108516676785,2.9992731493950706,5.998784001062749,-0.02825966577114465,0.7391971553341654,0.8601984963255587,3328,6375.901949790154,0.0023637838421510637,0.9364333703134837,0.8769074570366702,-2.996131362331118,2.9936333008229847,5.989764663154103,0.005433514384299858,0.37409347191345743,0.9364363536891991,2260,4600.623603125454,0.022983299460066883,0.8651857162615314,0.7485463236229791,-2.9852664429389377,2.964592675405986,5.949859118344923,-0.046725084024730225,0.6362031328051225,0.8654909333303556,3314,6500.1383027409765,0.006317166339313698,0.9436992069282392,0.8905681931569875,-2.9988161989492546,2.9973739788837177,5.996190177832972,-0.007603424643587196,0.3220935096515771,0.9437203503938792,2680,5457.109250297749,0.01718959204005113,0.8233961555585884,0.6779812289886631,-2.9992333276839416,2.998166809324615,5.997400137008556,0.03407251636594356,0.8247154134328158,0.823575564877423,2499,4651.678522822633,-0.0030173106765727454,0.9505299601374145,0.9035072051188349,-2.995720106326732,2.997953409324835,5.993673515651567,-0.06131544118997706,0.3810589266219453,0.9505347491189124,2534,5346.54876098962,0.01874442064449174,0.8859093268176933,0.7848353353425785,-2.996114886113851,2.9977762397975667,5.993891125911418,0.0733578372948897,0.2901771357974545,0.8861076055693666,3366,7074.991415168544,0.0009772222925594069,0.9365421486083053,0.8771111961198611,-2.9991675460349767,2.998169610784924,5.997337156819901,-0.007822824846115097,0.4940079062615146,0.936542658442887,1908,3922.537052351174,0.005477594771284178,0.6547277258292743,0.4286683949695734,-2.9984349661871734,2.9985075402371635,5.996942506424337,-0.05845717641425705,2.9446849910795656,0.6547506388038516,3681,4770.440063768545,0.0016534189256819007,0.9329476534213723,0.8703913240244451,-2.9896999533557262,2.9898717634693006,5.979571716825027,-0.028539312564612576,0.37684895097703386,0.9329491185582357,1780,3518.0305338467538,0.011116730167349948,0.8270354274304389,0.6839875982250488,-2.9968348594113587,2.999840451477289,5.996675310888648,-0.057798370460497864,1.0802153806534696,0.8271101377172586,3861,6814.015534534543,-0.00013976009058972298,0.9443119577457647,0.891725073541639,-2.9994741647815126,2.980406616023854,5.979880780805367,-0.06187104495035517,0.5069500924076169,0.9443119680881534,1510,3224.301718626706,0.016627312508402967,0.8555272487117688,0.7319268732883286,-2.9948676419011524,2.996273684585456,5.991141326486608,-0.039368534742176615,0.7015853743048805,0.8556888107306189,2950,5773.867337635189,-0.0006698707042944673,0.9393427448377262,0.8823647922792734,-2.9864427034511376,2.9962088647864573,5.9826515682375945,0.013195032933925991,0.3145948041731903,0.9393429836891495,3277,6870.897273925093,0.016454404193608888,0.8833978547488288,0.7803917697748328,-2.9937584165160245,2.9857018089798464,5.97946022549587,-0.05167070390914123,0.49163601102554866,0.8835510835216035,3058,6290.358757931446,0.0016541591449252362,0.9465753484871111,0.8960048903634958,-2.992527292065977,2.999674577511078,5.992201869577055,-0.021623082531247995,0.32750878580681286,0.9465767938239203,3473,7103.120624803442,Control_part1,v116.mat
0.007442923144487339,0.8371627233384704,0.7008414253474843,-2.9926877758918145,2.9871806946873605,5.979868470579175,0.042014573543901604,0.6630581138567737,0.837195808907581,5858,10545.21062428333,0.01949247567968835,0.8744349052073284,0.7646364034449493,-2.991332720745966,2.9934259185587027,5.984758639304669,-0.01871510397561919,0.3943173208046322,0.8746521365966429,3906,7808.316274754533,0.004041083668251762,0.9426701656843994,0.8886270412714531,-2.9998070318891608,2.999961891288217,5.999768923177378,0.027762022979420008,0.056914832004454574,0.942678827400227,6182,13229.992089490315,0.012708203892052563,0.9186206975416015,0.8438639859518186,-2.997380733278712,2.9943702567463406,5.991750990025053,-0.05399419857023936,0.23267087318231594,0.9187085960183351,4314,8926.242794798934,0.010076425104539436,0.893201278201507,0.7978085233808059,-2.9853209415376396,2.9943166235404126,5.979637565078052,-0.028184779299280132,0.3338213286370304,0.893258113718366,5214,10602.444608089789,0.005093835988204364,0.9596509090565899,0.9209298672531394,-2.9820015562210624,2.999559649682626,5.981561205903688,0.0006370515210854246,-0.04442114564936883,0.9596644280258668,3007,6894.740805815755,0.002218492519620359,0.9307106986121573,0.8662224045111299,-2.9861413990475714,2.9962143117177025,5.982355710765274,0.011328712552933946,0.13319248398990347,0.9307133426679718,4209,9187.295780773513,-0.0058578754680378466,0.9605779589697924,0.9227100152585721,-2.9977594026566012,2.9879636311726148,5.985723033829216,0.0639469459797107,0.02573751583729189,0.9605958202925782,3230,7560.732327102839,-0.0036339139879013375,0.9334345872579687,0.8713001286894544,-2.9909966437081716,2.9990190224691218,5.990015666177293,0.08372665735377993,0.1993175148525519,0.9334416607481829,3742,8115.106710845697,-0.010221273734684974,0.9563217958436374,0.9145513772055996,-2.9946597250129288,2.989043085512729,5.983702810525658,0.05708610223743708,0.02825488936311249,0.9563764173390931,2992,6861.666447147181,0.0035653051293139406,0.9199308438792723,0.8462727575204301,-2.9859242442552976,2.976103574470224,5.962027818725522,0.00828022754540334,0.1968946317417415,0.9199377527425946,6360,12908.374700811644,0.016974561752009624,0.840900504093614,0.7071136577848942,-2.9992222589596307,2.9989750553565178,5.998197314316148,-0.10284337951549886,0.40053398348940616,0.8410718123511018,4152,8047.557587504149,-0.032934379873478685,0.7747844752076644,0.6002909830228159,-2.975467589477558,2.972394461172893,5.947862050650452,-0.16426784084015436,1.280200714693163,0.7754841432295483,5284,8481.728370284325,0.015438805273060298,0.931365985095028,0.867442598192032,-2.998979115402869,2.9869661394689255,5.985945254871794,-0.06999479686890143,0.13512077994985683,0.9314939371248164,5352,11175.18826266239,0.0040500067359461305,0.9108049550417976,0.829565666128691,-2.9936278690574345,2.9794303529783535,5.973058222035788,-0.03365250733132432,0.22266933760456808,0.9108139594248937,4360,9217.089056812662,0.009476948752994966,0.9444532184105102,0.8919918817659709,-2.9948494907690124,2.9932541016031844,5.988103592372196,-0.07469619447405795,0.17034910598431097,0.9445007645966401,3248,7172.222093188469,0.008334389329823258,0.85227679198194,0.726375730151027,-2.993492968151117,2.9763354959302286,5.9698284640813455,0.08004923616300148,0.31748322725540223,0.8523175418800953,6674,12268.254796932817,0.0034342814341397055,0.9789416832841669,0.9583268192712381,-2.9954235386850225,2.9846734316628085,5.980096970347831,-0.01170537938144237,-0.09860750741517332,0.9789477072654121,3279,7859.693961732284,-0.007997026700860659,0.937135708115965,0.8782233354260112,-2.9978540822179047,2.988801680653905,5.986655762871809,0.030250030617127104,0.11374649135592652,0.9371698287194618,4426,9728.782770212223,Control_part1,v113.mat
-0.005034022191316558,0.932536224049462,0.8696238091644285,-2.9937281577645685,2.9943162985842435,5.9880444563488116,-0.022223393210965156,0.39420285489787066,0.9325498112936655,4313,8497.237649086579,0.0006759557215887512,0.9533115231181148,0.9088028601097801,-2.99866790574543,2.9949409571744763,5.993608862919906,0.012923627243624006,0.1020516201230044,0.9533117627648983,4860,10334.394914453502,-0.004169258971307215,0.9125371831451757,0.8327241106225319,-2.9886187488772293,2.997008136418581,5.98562688529581,-0.05130388714917415,0.5878165883412616,0.9125467074856506,3723,7191.36501786434,0.004461402765446854,0.9433450112945376,0.8898998103342913,-2.9927624900313767,2.994908107483528,5.987670597514905,-0.013678306827786552,0.26489052372810873,0.9433555609890296,1934,4402.480460060801,-0.004294487659395022,0.9067278288178685,0.8221553555527659,-2.9980760718656,2.99618682275932,5.99426289462492,-0.06036675801892794,0.6321724225913705,0.9067379986396417,3757,7207.442821213264,0.003965752755326748,0.9395956730643239,0.8828400288411999,-2.9926929444979313,2.9981822491406223,5.990875193638553,-0.016690696343024614,0.29392474103874955,0.9396040421561181,2216,4653.862445150364,-0.0033917211887186365,0.9169927504043308,0.8408757042940993,-2.9999137819265225,2.9987874915286263,5.998701273455149,-0.06544063897346981,0.5219407957158815,0.916999022936623,3269,6533.2963965007975,0.0037417388189777976,0.9508636841086274,0.9041417457566316,-2.997588720969323,2.9981965158953496,5.9957852368646725,0.007063797709392387,0.35392793626790153,0.9508710461287699,1834,3989.133300314435,-0.0037839738444785487,0.9322505521525684,0.8690910919887685,-2.999625543390539,2.9972528166651906,5.99687836005573,-0.029997258141817938,0.28960103399907133,0.9322582316326438,2911,6038.358132516445,0.00460605353756032,0.9505247429352348,0.9034972869320943,-2.9871207656791854,2.9895485962640485,5.976669361943234,-0.02385020590995678,0.2702783462006795,0.9505359028786261,1492,3232.557792932768,-0.0003781180111414073,0.9187394679500064,0.8440822099690608,-2.9864321619608227,2.969112914117594,5.955545076078417,-0.06444724510019917,0.5093363588590245,0.9187395457594557,3267,6497.609470085223,0.005801428800774028,0.9525821575328784,0.9074127668499937,-2.974663160577396,2.9960683944058704,5.970731554983266,-0.008342249416015532,0.24030337468024632,0.9525998233393308,1786,3923.468785794301,-0.005030335788780799,0.9090616915549415,0.8263931590527317,-2.996092710794448,2.9993471918937202,5.995439902688169,-0.08654587923015941,0.6048098007434444,0.9090756092486915,4035,7750.540920137415,0.008441893353920453,0.9459798111681416,0.8948778031377128,-2.9953287474085206,2.9858971156428242,5.981225863051344,-5.148591013705516e-05,0.3560800420145509,0.9460174780103756,1818,3799.3616434360956,-0.003430140487620032,0.9340443338186631,0.8724388175387502,-2.9996591039251954,2.9934925007865325,5.993151604711728,-0.046618948195678855,0.39848616751900146,0.9340506321407395,2883,5938.698147214951,0.0059842214877997195,0.9545119431877934,0.9110930496881373,-2.9956530002188244,2.9928692172804765,5.988522217499301,-0.029058170744502353,0.2203149378506959,0.9545307017560789,1789,4139.0098663845465,-0.010765672301151318,0.9174574094422704,0.8417280981405217,-2.9898477975467355,2.9910566626952284,5.980904460241964,-0.05922958779037881,0.4603709143705066,0.9175205707997055,2403,4821.789109047301,0.006952568467783892,0.938548025046903,0.8808723953194421,-2.9988529785987676,2.984942136969179,5.983795115567947,0.00997304794904934,0.30145834375039815,0.9385737762838579,1822,3993.4418508504286,-0.005429967091025312,0.9194531466284883,0.8453940888450284,-2.998768914953601,2.9949496011666645,5.993718516120266,-0.06884292933064491,0.4131508678572171,0.9194691802271777,3423,6904.923768506122,Control_part1,v110.mat
-0.011166722155772508,0.8774480175524498,0.7699150235067244,-2.9808413743694215,2.9694598876901517,5.950301262059574,0.011458313564542185,0.24561010288592744,0.8775190705565484,5125,9910.33469424921,-0.01289526370135827,0.8185756174843237,0.670066041539842,-2.9580561985249374,2.9477867968254996,5.9058429953504366,0.12245810617209975,0.7202480461688703,0.8186771826341379,4227,7489.2042967474135,-0.0002176186426890886,0.9180707030802544,0.8428538158542727,-2.9726605191418716,2.9854351344729904,5.958095653614862,-0.039850094684553326,0.1492617283382569,0.9180707288723164,4826,9825.386571138612,-0.00488118436309581,0.9399978604134703,0.883595977581902,-2.9739484614695555,2.9960780927265453,5.970026554196101,0.04539283604395288,0.10890539992162651,0.9400105337402812,2997,6724.572393562801,-0.0011287937318772221,0.9839697490090898,0.9681964669650112,-2.9879148424009694,2.9931996917970936,5.981114534198063,-0.02619692363648659,-0.190048140502026,0.983970396475575,4097,9708.061652429182,-0.004134699387200483,0.9585561198965233,0.918829834991078,-2.9861071368696726,2.9989488715884813,5.985056008458153,-0.005958570872712654,-0.04980219733138247,0.9585650372979918,3097,7211.068517851087,-0.0036788907847186613,0.9728101124987849,0.9463595149798986,-2.9847144109244304,2.967418892620065,5.952133303544495,0.008530644637667631,-0.1337694765182884,0.9728170687325055,5005,11361.309983497718,-0.0012784013311785524,0.948970313547289,0.9005446559940401,-2.99896606042042,2.994487947497298,5.993454007917718,-0.033328191719885686,-0.018822735547989744,0.9489711746433628,2189,5076.436659001616,-0.0007960217261998063,0.9761378883668116,0.9528451771052179,-2.9963353215814474,2.9910021391759325,5.98733746075738,0.04570932587697225,-0.13233161969362817,0.9761382129369828,4518,10552.149145942793,-0.0025714179786416025,0.9360039680622151,0.8761034282282121,-2.9854464081414216,2.9792749059365904,5.964721314078012,0.031208184971955023,0.01049397301643884,0.9360075001935791,2965,6818.652254149969,0.006540486184929836,0.7910810651744391,0.6258092516775252,-2.996419322109088,2.9977421641422874,5.994161486251375,0.008476840260321522,1.9470694568926872,0.79110810237101,4558,6147.857814205969,-0.0036644297907119225,0.8754150501854446,0.7663515100911846,-2.9867659759697878,2.9995919407170395,5.986357916686828,0.0023062698030601107,0.5663512058278939,0.8754227196828259,3613,6889.73371011774,0.0001571440904710317,0.9724110013140561,0.9455831554766053,-2.97787955705829,2.9749340671256337,5.952813624183923,-0.017563822658362465,-0.16231060125073649,0.9724110140114984,6270,13623.373323873984,0.004892021723679951,0.9379657828859292,0.8797798098648141,-2.981896815972174,2.9668281434213157,5.948724959393489,0.03188743138542062,-0.0016658657353478823,0.9379785401283757,3593,8043.180461988925,0.0027098369805257584,0.95291883316149,0.9080543025938556,-2.997976588645689,2.983632403392002,5.981608992037691,-0.041070151647708456,-0.12059746582479391,0.952922686166258,6636,13790.666610316712,-0.00904195036344622,0.7893895177662203,0.6231358107591859,-2.966641388687717,2.988251641952522,5.954893030640239,-0.11648782953106666,0.89942987419056,0.7894413009372899,3741,6421.564590902544,-0.009364840849876025,0.9675170512166213,0.9360892443949064,-2.9949347129903763,2.9965768269842314,5.991511539974608,0.022927693904176795,-0.10936584942496097,0.9675623724799606,5050,11341.22311010602,-0.002992342245533149,0.9559892620585541,0.9139154691712588,-2.9999021644003636,2.986823869079148,5.986726033479512,0.032033491051664295,0.005097981899853998,0.9559939452127159,2523,5853.631118360307,0.003523500259753642,0.9537705540633346,0.9096782697982803,-2.9378586270750793,2.982138391923268,5.919997018998347,0.017913955276231994,-0.015570143040743556,0.9537770624482227,3800,8463.513149201654,Control_part1,v52p.mat
-0.03603937332452791,0.7204602634948907,0.5190629912751273,-2.9815789949083062,2.9896553133688877,5.971234308277194,-0.09642673242702113,3.0381287887767616,0.7213610938391063,4854,5440.64186451299,-0.038246399921391346,0.7027217700635247,0.49381788612121325,-2.9926376527935403,2.99886318294446,5.991500835738,-0.008181137977928644,3.581639252171281,0.7037618014841104,3535,3938.924157917934,-0.003320805660807477,0.9582807255658512,0.9183019489910141,-2.994534740120492,2.9957843114188565,5.990319051539348,0.029417080734368616,-0.029132435100165832,0.9582864794732581,4515,9947.068246779587,-0.014536547233291279,0.925043181513915,0.8557048876653858,-2.983067519621328,2.9811631734909514,5.964230693112279,0.08875279406973124,0.3190381924250141,0.9251573914047553,3496,7406.755068820912,0.0026327264584872717,0.9826274566526009,0.9655567185675591,-2.97434728971657,2.976943088667898,5.951290378384468,-0.03666456244850831,-0.09374866983526253,0.9826309835417182,4887,11170.053722128134,0.005740673515885457,0.9272278387714615,0.8597514649927955,-2.9913576434001516,2.9633268768604384,5.9546845202605905,0.014883785419653347,0.10533801751827898,0.927245609493629,3020,6735.612628598207,-0.0006347294086998887,0.9809701728262246,0.962302479974713,-2.9985360237485055,2.9947542345810576,5.993290258329563,0.04290915800233944,-0.13000672587406026,0.9809703781746599,4555,10599.34211869109,0.0036868814830434853,0.933305329306316,0.8710588377115711,-2.997796783294337,2.999569918439932,5.9973667017342684,0.06639386374521386,0.09739443734762965,0.9333126115116206,3027,6749.386107377371,0.006833534733411177,0.9369545673897963,0.8778838613526003,-2.993171346147338,2.9813518619855004,5.9745232081328385,0.0037919435307064665,0.14086541503106265,0.9369794867282597,5319,10941.530003875718,0.007631306447817878,0.8958488264045849,0.8025451197704719,-2.9906678504124593,2.998462127402815,5.989129977815274,-0.02537907106255856,0.24139324388551042,0.8958813295345385,4516,9426.651742925034,-0.0022603304490554778,0.8345623786979038,0.6964943639379034,-2.934375624859243,2.9646122369676693,5.898987861826912,0.07573196327578449,0.4557560516652348,0.8345654396340902,6492,11093.002915363812,0.009138888420871447,0.7511872155453594,0.5642822327987902,-2.9983496144595336,2.999018910214652,5.997368524674186,0.13306298101856126,2.1048547544792067,0.7512428050107098,3987,5621.085598859037,-0.0015582712974644619,0.98617345640562,0.9725380861190073,-2.9869205390958014,2.9840099457605773,5.970930484856378,0.022102788354919557,-0.2891309738058587,0.9861746875318002,7196,15632.184994779062,-0.013587447123391081,0.748716507145559,0.560576408072246,-2.989362671774506,2.997020903001036,5.986383574775543,-0.07997081967280771,1.4667166341523767,0.7488397871317848,4570,6951.106486242756,0.0011340545353571414,0.9826373774333714,0.9655762155291341,-2.986138898981274,2.9892010628904893,5.975339961871763,0.011574269492136968,-0.2967609655607233,0.9826380318351327,7497,16083.731606264906,0.004602026437707607,0.8650682711260405,0.7483431137089966,-2.9944419138201748,2.9886063584916602,5.9830482723118354,-0.023796339394013023,0.22722421301528595,0.8650805120659754,5803,11049.193245693385,-0.005968156340932162,0.9412867936510684,0.8860208279019091,-2.986660720101179,2.964075830027263,5.9507365501284415,0.041943855261669646,0.11963639748762,0.9413057137784828,4284,9118.825109523308,0.001580101335788073,0.9354888691083166,0.8751394242255572,-2.999859220652627,2.98654593189708,5.9864051525497075,-0.008525246056875152,-0.0007646203506279647,0.9354902035541519,2830,6501.403356204791,0.006914005710350007,0.9054233708719391,0.8197914805211051,-2.944417030879825,2.993339337795673,5.9377563686754975,0.10998242355162867,0.1744298369296784,0.9054497688972414,4301,8841.668250446623,Control_part1,v56p.mat
-0.0023849764235450055,0.5586298081411127,0.31206726254377637,-2.9909742046448113,2.9832149293813144,5.974189134026126,-0.05086018841969383,5.5428121425839,0.5586348992466521,5346,5044.870174702151,-0.005110698755928269,0.5040203281198922,0.2540364911580838,-2.932726601028115,2.9873144668421965,5.9200410678703115,0.1993414088951724,5.289265498256624,0.5040462383550319,3108,3149.7538403457784,0.004948602897066516,0.5622551526156265,0.3161308566428214,-2.9776332545713013,2.9932761217422397,5.970909376313541,-0.0065011653692217605,4.592954116681449,0.5622769293804026,5005,5074.588091682411,-0.003851476649908788,0.506847600506393,0.25689449013908816,-2.986101319518051,2.9460057530281976,5.932107072546248,-0.1592630938251375,2.8094719848658825,0.5068622337593056,2894,3247.809734751769,0.009465609028753161,0.609654845860942,0.3716790310817289,-2.9536069756842203,2.997267877058087,5.950874852742308,-0.01269325523597691,2.749683706858378,0.6097283237934861,3545,4517.935962910153,0.006700175793878101,0.5473778339902515,0.2996224931438593,-2.8236090601652815,2.996162518337314,5.819771578502595,0.050026159161421384,1.7149002021202708,0.547418839189453,2387,3260.8389131192125,0.008917780764595243,0.5610075235212775,0.31472944144747667,-2.9916074580341796,2.9927702746113036,5.984377732645483,0.02156467980070445,3.4471714109960514,0.561078397607003,4011,4591.057617446032,0.00038879471560306767,0.538392836456731,0.2898668463479243,-2.9170991055766793,2.950377115889963,5.867476221466642,-0.06980513943010108,2.3638316930834957,0.5383929768387169,2301,2903.8462962711483,0.0036918989728262266,0.556585321130719,0.30978721969818557,-2.9995294038673426,2.993966384336563,5.993495788203905,-0.18647241456897842,3.929122203849097,0.5565975654062917,4577,4993.78728526597,0.0015778802355891346,0.4924969303856186,0.24255322643925686,-2.965012293491825,2.9914966303882977,5.956508923880122,-0.038221349666331346,4.835053568108105,0.4924994580152294,3543,3604.2691809445114,0.006202465324463537,0.5139506788450098,0.26414530028524635,-2.995082490089373,2.9911100892353137,5.986192579324687,0.025995772630819307,6.428197469714965,0.5139881038130625,6493,5460.840356191999,0.004875062497672992,0.43131281806202715,0.1860307470246073,-2.9819557525168094,2.9891312512320094,5.971087003748819,-0.0404183762471635,9.632802464219488,0.43134036822324373,3093,2514.5418627259546,0.00930662407649618,0.5459177584265463,0.298026198965465,-2.998113178824422,2.9989039094260077,5.99701708825043,0.025572941559763595,4.870516952446573,0.5459970807771469,3972,4087.5218706401565,0.002263840235017446,0.4275536093059814,0.1828020888305718,-2.9555068442868047,2.9731939875465354,5.92870083183334,-0.014627970098014581,7.291983268662786,0.4275596026324067,3653,3194.0463958070723,0.005825475250536317,0.4978956926598771,0.2479001207692588,-2.999496960392297,2.9905149582541855,5.990011918646482,-0.1449813204965213,7.601260044307407,0.49792977108338615,6060,4882.665588801893,0.0029840168983659484,0.4072685970945945,0.16586771017939914,-2.953939421443136,2.971136898311406,5.925076319754542,0.11304478760033491,8.322059268622034,0.407279528746841,3361,2696.3486982942986,0.0008917114879690576,0.5863986266158371,0.34386334929693996,-2.996406748659134,2.977881902375162,5.974288651034296,-0.0719053169053128,3.8794127568171852,0.5863993046093401,4768,5433.146008922478,0.007486558981018851,0.553355943025283,0.3062027996814003,-2.9700415100297013,2.9935134189016934,5.963554928931394,-0.2333334625695057,2.7084480980733296,0.5534065849326122,2525,3233.434665386374,0.004269734269345365,0.597176916290401,0.3566202693501127,-2.9892592842155694,2.985341802472698,5.974601086688267,-0.02652482089275293,2.894710687015105,0.5971921801069096,4276,5310.073493128638,Control_part1,v53p.mat
-0.017484607899549538,0.8084477804011696,0.6535878136355777,-2.999482217010076,2.994969869800562,5.994452086810638,0.002113020621775758,0.6235704271430542,0.8086368314323673,3705,6910.318126406091,0.005456203203596073,0.7715654713442827,0.5953132765707251,-2.9898397768692435,2.989611758604051,5.979451535473295,-0.017416065614826958,1.1131188593061294,0.7715847631492758,4431,7413.96842604566,0.00013027639795858785,0.9739573300883259,0.94859288083278,-2.9986928263116095,2.999242098064846,5.997934924376455,0.008841985060799036,-0.0789577371205823,0.9739573388012023,3381,7953.717250237036,0.012438803799609459,0.8780279438126043,0.7709330701157897,-2.9968728435850482,2.951958090874447,5.948830934459496,0.046689235563972455,0.32334776972176105,0.8781160481142313,3621,7304.701704318817,0.003487740377616151,0.9709702819170298,0.9427832883660363,-2.965908306911064,2.9995271169015467,5.965435423812611,-0.0023789567375482666,-0.02483874053258983,0.9709765459057073,3030,7186.906216586343,0.014869074108123216,0.8694978679884359,0.7560265424364354,-2.9900639976824905,2.997350155276744,5.987414152959234,0.007939608120637596,0.4917557002829782,0.8696249949267031,3522,6931.706912846267,0.007186555425791906,0.4966476923263162,0.24665893029305527,-2.8977899265594815,2.9964646867032285,5.89425461326271,0.10805348182916558,2.156408804107847,0.4966996847914676,2580,3076.9481325173647,0.016534904231409842,0.8850990485029815,0.7834003256608831,-2.989715400327417,2.9987725837685133,5.98848798409593,0.011941228884198813,0.4749381163795343,0.885253482748769,3470,6896.717511975069,-0.011878907221061457,0.9678473815045425,0.9367285538851994,-2.942308066558424,2.9870539730349965,5.92936203959342,0.199631388882897,-0.019418863995146918,0.9679202768420372,3444,8004.535361234154,0.006228020314892392,0.8272652300892671,0.6843677609146481,-2.993458363149462,2.988615074614254,5.982073437763717,0.10821667541507898,0.7721880921314797,0.8272886734095245,4298,7797.3600436892075,-0.002081400175496769,0.959096573986132,0.919866238231936,-2.998985868463622,2.9889332558011787,5.987919124264801,-0.0192612250794433,-0.015794692647822295,0.9590988324769386,4815,10889.236789765697,0.01473984697610201,0.8235359700189386,0.6782114939150342,-2.993464418258447,2.991788479824226,5.985252898082672,0.04071731089708097,0.624220815812008,0.8236678681385557,4709,8507.522791426905,-0.0036801653404100448,0.7116519622754819,0.5064485154105439,-2.998199084965293,2.983285014954252,5.981484099919545,-0.1686364462325901,1.9345671355957457,0.7116614778302087,2790,4219.491053627988,0.024805168543902436,0.744561392470091,0.5543716671570009,-2.9786684251578905,2.990511857499598,5.969180282657488,0.11456594336561134,1.691886547569549,0.7449744717394633,5556,8318.017745808773,0.004267937258340047,0.9718546801925038,0.9445015194120737,-2.990048139970345,2.9953995038398284,5.985447643810174,-0.016012705360620626,-0.08449930476245449,0.971864051552744,5751,13042.132346368155,0.017833676655089167,0.7997131631881954,0.6395411433764693,-2.9985242183961365,2.995567583116275,5.994091801512411,0.05577199649911787,1.0314952512111786,0.7999119847830182,5064,8739.099517236595,-0.004293327484252776,0.9682157166496221,0.9374416739673415,-2.983375815268079,2.9857857324399935,5.969161547708072,0.056852951857098315,-0.10257915912884119,0.9682252354840936,3175,7473.371819805754,-0.002203549926486473,0.6145301117752205,0.377647258278465,-2.9966572322382166,2.9871897515954133,5.9838469838336295,-0.175028618959794,1.8639339378367952,0.6145340624495469,2944,4047.286580806884,0.0032745702612730176,0.9715252196277464,0.943861252372741,-2.9973213706973256,2.9942501002620485,5.991571470959374,-0.06114607474963605,0.06945263473665042,0.971530738156615,3028,7009.34327161539,Control_part1,v49p.mat
0.021634097989302537,0.7489906544248573,0.5609870004157761,-2.994851524838241,2.993824531143481,5.988676055981722,0.12537553583548308,2.0245782908636647,0.7493030325653212,3909,5553.273852863223,0.018068928965387695,0.7183544065083899,0.5160330533500211,-2.9933097231184997,2.9862985186360036,5.979608241754503,0.1520258365125528,2.441991296718059,0.7185816164806733,3069,4295.2779770702855,0.026393256988500712,0.7402003438955416,0.5478965491030781,-2.998096895377379,2.986990771089576,5.985087666466955,0.025995121002500437,1.7375868036701547,0.7406707454176511,4045,5929.010182203989,0.01165351609872797,0.7640830433699459,0.5838228971654787,-2.9985043074083007,2.9979792429036025,5.996483550311903,-0.007741506522534901,1.6959027766700068,0.7641719057927621,2959,4530.689607439855,0.01709989047209706,0.724971369126196,0.5255834860527111,-2.982718024274012,2.999028385649895,5.9817464099239075,-0.024374349783211013,1.9781444258595489,0.7251730085344247,3585,5041.771792137863,0.02150484582402628,0.7053289592459749,0.49748894075101013,-2.9990728185874476,2.9659278824646442,5.965000701052092,-0.07058846996736665,2.3781927665234397,0.7056567148018399,2883,3924.4171215598785,0.01169765140799078,0.7628235944777095,0.581899836291893,-2.9990908132429417,2.9800980839764786,5.97918889721942,0.06284183474762221,1.599857091233929,0.7629132790431399,4568,7056.658260428168,0.014333291376738949,0.7141471160983417,0.5100061034315784,-2.997019608494361,2.995832872253179,5.9928524807475405,0.030987314347741688,2.258812324200706,0.7142909397950312,2552,3784.926245013833,0.0077651191410651205,0.7941097894607685,0.6306103577174261,-2.98252052040278,2.9992796909085944,5.981800211311374,-0.04082331547295736,1.1874587347085779,0.7941477537541116,3852,6382.783585716716,0.0031167276505966973,0.8203470485084373,0.6729692799965044,-2.9883172783862397,2.9965156334474474,5.984832911833687,-0.023528354626646274,0.9915902633407225,0.820352969146667,3704,6809.097430746771,0.018515519985659496,0.7410027546512912,0.5490850824008017,-2.9919465226671806,2.993228224777258,5.985174747444439,-0.00146851562225485,1.8415494354485071,0.741234043255665,4089,5864.841489810894,0.012467451886082987,0.7548249559792539,0.5697607141690826,-2.9955128730003526,2.992818613840596,5.9883314868409485,-0.011587967813408364,1.7733599503403807,0.7549279114760656,3971,5986.825449289354,0.00850356837880194,0.7350979892929209,0.5403690538624952,-2.9805663212299884,2.9986768827610693,5.979243203991057,-0.07131794918241166,2.3392951327422296,0.7351471720258933,4355,5614.97938055381,0.012512382470604159,0.7385837446648129,0.5455059478830976,-2.9964854481602936,2.9980984540963447,5.994583902256638,0.05401742468021472,2.0457513784620183,0.7386897234957234,4437,6232.32094686482,0.013056631243419712,0.7611607767885112,0.5793657281212898,-2.9925166212253336,2.991835052790012,5.984351674015345,-0.0061814404308217245,1.6248299808033453,0.7612727525274476,4992,7549.673868997456,0.00010271779249129134,0.746417963152089,0.5571397757161133,-2.99167023922513,2.993413900300642,5.985084139525772,-0.13229967039183066,1.8537573106957153,0.746417970219808,3146,5050.8787205678345,0.020185829229294208,0.7906766237894072,0.6251695234070157,-2.995709797765968,2.9920858743633847,5.987795672129353,0.025528794015327913,1.184525213653738,0.7909342520770546,6499,9920.446744963887,0.01650489198512361,0.7728157141721258,0.5972441280713728,-2.9993019208367278,2.980280519262747,5.979582440099475,-0.050430956609209196,1.4823902032192882,0.7729919401460881,3431,5444.021815544097,0.01500062693125985,0.7585497327468388,0.5753976970503005,-2.9992403087744983,2.9886706759688186,5.987910984743317,0.06242643070819195,1.4312137575527446,0.7586980399728414,5064,7503.821851562281,Control_part1,v115.mat
-0.0049679779274260875,0.7011508472925424,0.49161251065905004,-2.9977191519388673,2.9595127922120663,5.957231944150934,-0.04854343583449931,1.2683516314008019,0.7011684472819191,5557,7839.6401843374,-0.01254625401003811,0.6983624203088282,0.48771007009960443,-2.9326120168710315,2.9727795936495762,5.905391610520608,0.10894997586307767,1.3900392721672192,0.6984751094987486,2449,3801.0245322753735,0.005636717749667661,0.8320338505968925,0.692280328539092,-2.9316937296730896,2.92021517267472,5.85190890234781,-0.01839407228460367,0.03595639945705287,0.8320529437037534,5149,9697.864470598593,-0.007824694801679487,0.9592613688259735,0.9201823737218804,-2.993225091523851,2.988636563474047,5.981861654997898,0.00834030695338549,-0.019551206270808752,0.9592932813121439,2212,5184.620355972091,0.0010803460164102953,0.8430982189131286,0.7108146067344897,-2.9619404188630267,2.994955491185497,5.956895910048524,0.028284233025567575,0.11183886356819439,0.8430989110905108,4775,9102.650007954593,-0.0044261529848996185,0.9741963000358554,0.9490584310035505,-2.983169598052684,2.9836219117238425,5.9667915097765265,0.02032850460628227,-0.036495992463684956,0.9742063548518847,1942,4579.625904004102,0.004918807743365436,0.8410478723217363,0.7073615235369196,-2.9307867957210716,2.9941978889792384,5.92498468470031,0.03546488611669712,0.041748918819825676,0.8410622558446763,5129,9696.703080332567,-0.0011588326811096587,0.9647856610147301,0.9308113716996297,-2.954031765896115,2.9892963554346585,5.943328121330774,-0.029709050466966584,0.005490005015759358,0.964786356968636,2444,5751.226480812833,0.006583733416527336,0.8017263847237821,0.6427651959622659,-2.948432313463323,2.9791046194297737,5.927536932893096,0.027166646273638396,0.28041152995276564,0.8017534168982168,5172,9195.237189545922,-0.0014575281833010764,0.9535219598496693,0.9092041279155543,-2.993750542367867,2.9955369894935897,5.989287531861457,-0.033534581451092275,0.14322649376490793,0.9535230738183316,3298,7473.880759325171,0.0071998620005438605,0.7971119805422211,0.6353875095239422,-2.9919110256272425,2.9939298461486765,5.985840871775919,-0.004956960019175643,-0.11051124342094676,0.7971444960211223,6551,11239.631202154158,-0.0036871925748803405,0.7242533736561539,0.5245429492523206,-2.9724387411866258,2.993965747576002,5.9664044887626275,0.0037106699170291356,1.4783945528762121,0.7242627593915105,2588,4096.594571006064,0.009871794495943819,0.7927711197952786,0.6284860483814599,-2.9930890365230622,2.9718284134477084,5.964917449970771,0.031587186556434325,0.05237667398658763,0.7928325805036206,5967,10291.543498786239,-0.004864174231567945,0.9350908715190019,0.8743949379981666,-2.990986567596143,2.997408056509894,5.9883946241060375,0.021862383574631813,0.045263478571859306,0.9351035227123903,2438,5504.824967894499,0.026514903039292898,0.7653690127121544,0.585789725619978,-2.9907839039513417,2.9301505906293372,5.920934494580679,0.006372142602130097,0.541031838045078,0.7658281567709307,6275,9915.366893010856,0.0008836131204101936,0.9428069273245077,0.8888849022110795,-2.9632959346750116,2.998226565709065,5.961522500384077,0.010879818719337669,0.10033062677771598,0.9428073413923049,2323,5382.885377931849,0.006876189191199162,0.8557963859442986,0.732387454195323,-2.996382351423899,2.9838749006496177,5.980257252073517,0.0478625251845508,0.028536097769708224,0.8558240100471102,4399,8549.061489058327,-0.004347099077913059,0.9622045570256285,0.9258376095608858,-2.9979212086377274,2.9984670366380577,5.996388245275785,0.05912401327734339,0.012612482169227501,0.9622143767535793,1907,4537.322236618373,0.006466064209741108,0.8284751737899471,0.686371113586283,-2.999433668293324,2.964690566676057,5.964124234969381,0.05972820364330326,0.22142148613164148,0.8285004065011963,3686,7203.61105289732,Control_part1,v41p.mat
-0.002196794366021992,0.7444119567387909,0.5541491613356755,-2.999928778837861,2.995485960727923,5.995414739565784,-0.0733415237166618,1.7290146004420546,0.7444151981529944,2295,3642.0265930838377,0.014529674259913307,0.8774958306170527,0.7699989327503113,-2.9814164190350905,2.9888762095858965,5.970292628620987,0.015172851155189094,0.5034562092328216,0.8776161143600376,2515,5022.551606059719,-0.004049588358087095,0.72022967975125,0.518730791594588,-2.9882552765797716,2.9788740513337424,5.967129327913514,-0.0875731305919048,1.746556855971317,0.7202410643391961,1708,2667.21938431553,0.008688073462202725,0.9078407833887759,0.8241748879839463,-2.9984503034477354,2.997642832026747,5.996093135474482,-0.015850041668683566,0.21924545827095665,0.9078823550463083,6880,13357.629339450177,-0.005135389540355893,0.7201812163484981,0.5186609843812022,-2.996460137519074,2.989883513655156,5.98634365117423,-0.06292466034516095,2.386293801483851,0.7201995255531161,1750,2564.021878304497,0.016157798874156044,0.8211337301863252,0.6742606028497087,-2.990184017864045,2.99497040295643,5.985154420820475,0.11274106604343923,0.921294197114225,0.8212926867531248,2155,3870.4199163720577,-0.006351790493218952,0.7510878181585459,0.5641329105861649,-2.999521107546107,2.9979322058821882,5.997453313428295,-0.06792721495238276,1.6801449473872134,0.7511146755513665,2179,3417.8880522223126,0.009377615421234047,0.8774258188191814,0.769876067530511,-2.989678245763041,2.9871047419113177,5.976782987674358,0.013172604077850775,0.5149095760363234,0.8774759296992137,1827,3766.8135865025797,-0.003286152447313156,0.8148699798675114,0.6640130840892784,-2.979778575133676,2.990276385031331,5.970054960165006,0.048822571583961645,0.5694654044564489,0.8148766059270479,2197,4161.664101360923,0.004436483681440324,0.8821215485400139,0.7781384263986321,-2.976339481997741,2.9998871479708296,5.97622662996857,0.04750177012924718,0.5126634925774924,0.8821327047480371,2157,4402.525879111146,-0.0004289840274838731,0.7567176530318368,0.5726216064100114,-2.9884918358548083,2.994990341485137,5.983482177339946,-0.09332278245147671,1.386769869966101,0.7567177746275736,2255,3759.894296464583,0.00865332328319742,0.8858113593685865,0.784661764386423,-2.9838596634203753,2.996489893632669,5.980349557053044,-0.06605698673336734,0.526137646798027,0.8858536246978201,2678,5444.005571926641,-0.00404356374388982,0.705240254022169,0.49736381589325346,-2.996134475455661,2.9795904787652714,5.975724954220933,-0.14107973623194886,2.3625484699810233,0.7052518460103485,1644,2464.1196655082713,0.0025526830346047913,0.8175909801700095,0.6684550108553569,-2.9893888977207714,2.996274916896865,5.985663814617636,0.017485323376905303,1.2437059599413134,0.8175949651545269,2511,4350.40812201916,-0.004029465266182902,0.7681056438196835,0.5899862800676504,-2.979021149693996,2.9970611342467928,5.976082283940789,0.01499611159159337,1.094586822972964,0.7681162129899236,2756,4553.984015014584,0.00989375224060291,0.8992048476332039,0.8085693580070534,-2.98245275840127,2.991365388569966,5.973818146971237,0.029709734354511675,0.2320806542144509,0.8992592753708198,2273,4975.750955969757,-0.005066485450759793,0.7681232898447478,0.5900133884019184,-2.9901283938189556,2.992178412066454,5.982306805885409,-0.031023416257629798,1.0760515041457577,0.7681399987481065,2481,4171.268640628241,0.005961831111084703,0.870791687077016,0.7582781622824358,-2.9943433471879874,2.976761196652909,5.971104543840896,0.03284061849028394,0.37992352134294505,0.870812095524995,3087,6342.031371614728,0.000493383498622459,0.7769116895978255,0.6035917734337479,-2.983787730371855,2.9454478904792256,5.929235620851081,-0.007127345250477213,1.0452299536860918,0.7769118462612246,3776,6274.355920800993,Control_part1,v112.mat
0.006422995494421457,0.8594666138321218,0.7386828602920534,-2.9946926913854943,2.9986111232436015,5.993303814629096,0.05863086031285897,0.7468047789317453,0.8594906137725851,2276,4423.377119756392,0.00048762473159208154,0.8755189198243153,0.7665333789703359,-2.9754010769674046,2.9990454776996116,5.974446554667017,0.15080711577395559,0.7325027297144664,0.8755190556168464,2345,4781.489834062613,0.007373572056446213,0.8752453643958243,0.7660544478963793,-2.997811186425163,2.9993477181546084,5.997158904579772,-0.006876047286607458,0.499862844324896,0.8752764234578988,2380,4781.950522180414,0.008509716778910522,0.9470719943521421,0.8969453624861439,-2.9935707442020187,2.9813325902108043,5.974903334412823,-0.05142453041637732,0.1579772366963077,0.947110224718222,2093,4811.854402750405,0.001609098047782018,0.8895944371795714,0.7913782626608385,-2.9967306878929456,2.9989470989474807,5.995677786840426,-0.043341192516790604,0.4134036406790407,0.8895958924463208,4554,8839.68844721077,0.00732658274288809,0.9423033338588049,0.8879355730014185,-2.998833457802076,2.9876152076072837,5.98644866540936,-0.06989061995010108,0.09473237121921496,0.9423318161964537,2192,5070.024458778002,0.014681107695155633,0.9236263548270875,0.8530856433311731,-2.9815206989110794,2.9871335802485337,5.9686542791596136,-0.0456469830122268,0.16137772421812713,0.9237430260923922,3300,7411.402216426041,0.0036819386842848745,0.9742907515332061,0.9492424685231395,-2.9942081058406096,2.9881800111126933,5.982388116953302,-0.01755875508838553,-0.004724175866254843,0.9742977087090036,3079,7252.894133196749,0.0054819230640975785,0.9141610861026911,0.8356904913444517,-2.9987100093273797,2.997475400467303,5.996185409794682,-0.0027348742209766467,0.227976464513584,0.914177522598829,2675,5695.103767941663,0.00805612297970932,0.9591953795159311,0.9200557760847112,-2.987183638437929,2.989422477537166,5.976606115975095,-0.027145214678236735,0.01566905569966437,0.9592292099400307,3823,8827.600452183364,0.003962422301971332,0.8653839298887321,0.7488893461096661,-2.995800925160411,2.996438119341621,5.992239044502032,-0.04096998152725897,0.8122046832136691,0.8653930014162151,3082,5764.34169857413,-0.005065082807076584,0.9091360414317105,0.8265283418301208,-2.9866434535778352,2.998581242342557,5.985224695920392,0.039094888572827856,0.4624555855761594,0.9091501509068585,2315,4875.639413042853,0.005489300096494716,0.8610453141346758,0.7413990329932826,-2.9769916818410858,2.996663992114726,5.973655673955811,-0.022651756396653296,0.5975669606189862,0.8610628115351585,3446,6607.608822603258,0.026623069497299527,0.6950178061533742,0.48304975087024915,-2.9990784219396405,2.9589488639166155,5.9580272858562555,-0.03379693971706823,1.149597780967329,0.6955275254795508,2411,3751.172152400297,0.01554353658781304,0.9020096333818035,0.8136213787135755,-2.997430201115332,2.9974098583587985,5.9948400594741305,-0.061062163568310304,0.3229741083047579,0.9021435474708182,2727,5728.676085601208,0.0245454894032667,0.7703792721757314,0.5934842229980096,-2.9738542429649204,2.9961518274846157,5.970006070449536,-0.027647443677309,0.5370550636381055,0.770770201842323,2761,5134.8073333806005,0.02666208069115962,0.7602534225195725,0.5779852664527236,-2.9900624721641047,2.950404974944095,5.940467447108199,0.06317577780935259,0.8638724708388263,0.7607207983218978,4598,7534.451227739187,0.005291500995115894,0.9658362687362761,0.9328396980064123,-2.9963589398294164,2.9934334853615128,5.989792425190929,-0.053285074910873524,0.041300529844419565,0.9658507638290679,2029,4843.203646196029,0.00969762032998439,0.9381964924682061,0.8802126584796447,-2.994940784234049,2.9905437733794424,5.985484557613491,0.05867874213812289,0.15682872193418573,0.9382466106092305,3015,6809.005947551001,Control_part1,v111.mat
-0.03498098174345409,0.7613315769172714,0.5796257700113391,-2.9935979679473568,2.9889118676503137,5.9825098355976705,-0.09673620105151173,1.0686735350981946,0.7621347906342256,4170,6404.6410260545945,-0.03478224642674129,0.7769527891670127,0.6036556365944005,-2.9998438399415144,2.9823999796693568,5.982243819610871,-0.2381194121284515,1.623754237977332,0.77773095686162,2598,3927.088599848428,0.00024575886211480766,0.9418132891502884,0.8870122716200848,-2.9961292465986578,2.983611935754375,5.979741182353033,-0.018429791691483642,-0.014704609525701962,0.941813321214721,3646,7891.947011324141,0.0018408481675494083,0.8945742809380655,0.8002631441158569,-2.983889584527654,2.9965303347468577,5.980419919274512,-0.04507569536226458,0.4720178109051134,0.894576174977756,2258,4550.05173394172,-0.013368576982506281,0.9540113168168335,0.9101375926145886,-2.9779158786558186,2.9863287166081096,5.964244595263928,0.007823796854174678,-0.008054642831686998,0.9541049792685949,3870,8419.678314536854,0.0018451248366540623,0.8705228457444273,0.757810024962976,-2.99389699570862,2.956547231150235,5.950444226858854,-0.07721941714116515,0.6358402415429327,0.8705248011680304,2346,4385.448670374926,-0.01806031752689548,0.9485501292523009,0.8997473477045567,-2.966535536513461,2.9724701252391723,5.939005661752633,0.027462084565599558,-0.1064680431461591,0.9487220471633032,4873,10186.795154207717,0.00829605009599437,0.8626274354193723,0.7441260923382033,-2.991449193146925,2.993647130990898,5.985096324137823,-0.0017554087097190127,0.7680901953405659,0.8626673268331184,2333,4341.967865021024,-0.020364847050590162,0.9214382773968482,0.8490484990520711,-2.988154445545609,2.993678091640591,5.9818325371862,0.011963586455183113,0.030706575872226693,0.9216632932082437,4487,9254.407810408982,0.004926886793289727,0.8561008485919075,0.7329086629597841,-2.995035851927085,2.976111748412339,5.971147600339425,-0.008950394116676409,0.7501483070939732,0.8561150256672628,2539,4594.760432173102,-0.010904854434801211,0.9418377436145138,0.8870583352968785,-2.9721234957144387,2.9991320410628077,5.971255536777246,0.05220824851882625,0.03731983414952689,0.9419008711892789,4342,9118.361206877236,0.02777768231039137,0.821419541537485,0.674730063219652,-2.9743015270750846,2.9927561421459874,5.967057669221072,0.07001275702436804,1.3491547486625706,0.8218890818438879,2404,4050.5087386699206,-0.01189615668585484,0.9315323399092271,0.8677525002967599,-2.9621800872697155,2.993562100149721,5.955742187419436,0.03917623765021168,-0.03498977682067661,0.9316082968934176,4606,9539.403921685478,0.0021488335488028237,0.8322089443771772,0.6925717271013756,-2.9942550203750846,2.96613051219349,5.960385532568575,-0.02577305576185179,0.8234669531488179,0.8322117186071079,3272,5562.421141761656,-0.014899432891198666,0.9334031760510172,0.8712414890621263,-2.9726000963419854,2.984102744488875,5.956702840830861,0.018242099034127043,-0.0742871642807077,0.9335220844536061,4878,9988.668834983711,0.0029284978146112846,0.8219301377224691,0.6755691512964771,-2.9962202528071655,2.9509098977342076,5.947130150541373,-0.06377178786976712,0.9526568126039958,0.8219353547548173,2946,5025.021088076901,-0.007917066037696045,0.9217023842931626,0.8495352852117009,-2.991369241224717,2.9698748013600644,5.961244042584781,0.0730944370188751,0.05568499099827351,0.9217363859294837,3760,7930.896245473338,-0.0005873994143230374,0.8796282341994585,0.7737458304008573,-2.992973158004942,2.979569128855611,5.972542286860554,-0.06423968432579238,0.5810394054564356,0.8796284303266518,2856,5343.080684936859,-0.012667621889077437,0.9507612993222344,0.9039470482889035,-2.9970992759048047,2.9994832212438567,5.996582497148662,0.04793749379252865,-0.015905939659152768,0.9508456851315191,4210,8963.450924123375,Control_part1,v47p.mat
-0.039207840030004916,0.7466082158111319,0.5574238279166818,-2.999017860550934,2.9974115606636986,5.996429421214632,-0.02641522927730274,1.9573819871730747,0.7476369992426138,5697,8017.400283408204,-0.015886801934367346,0.76647147650862,0.5874785243013041,-2.9987805514978274,2.9938051645315777,5.992585716029405,0.08343029013335514,2.9778004483612373,0.7666361032308653,2659,3021.583784673754,-0.017591431346893838,0.7190225114186064,0.5169933719267199,-2.992596361733621,2.9805797462935577,5.973176108027179,-0.059885996784469875,2.306919518250429,0.7192376730841846,3981,5476.009566876063,-0.014619549037420668,0.7814899856082682,0.6107265976060112,-2.9996564007436843,2.9991114660315463,5.99876786677523,-0.06223566273039083,2.3496398246861334,0.781626719617535,1709,2329.972049661981,-0.00817345976544041,0.7610544622994863,0.5792038945859601,-2.9916223993984663,2.993846268202119,5.9854686676005855,-0.005132103722348015,1.4420394960383822,0.7610983510890675,4182,6450.459319793195,0.0038791331880873286,0.7519456732819302,0.5654222955674153,-2.9935355715867966,2.9864146761829287,5.979950247769725,0.08788664435197754,2.7337242390019334,0.7519556790407971,1942,2521.299461554747,-0.013149564196530293,0.7509311088035464,0.5638975301689236,-2.9923423320042932,2.9920468146992256,5.984389146703519,-0.008049528136624788,1.259372765527874,0.7510462310720175,4975,7855.923526510406,-0.0028131454142853673,0.7543736868351845,0.569079659389309,-2.9899953230477876,2.9983628022163864,5.988358125264174,0.10528785570189014,2.9937104129269665,0.7543789320868066,1846,2264.232138514988,0.018135557292185845,0.8115549920232351,0.6586215050778332,-2.9951796791428014,2.998706976813955,5.993886655956756,-0.4175908356040208,1.982075427778061,0.8117576014526328,3400,5119.205983547719,-0.004292720026952067,0.7441310881537955,0.5537310763569517,-2.987657181990281,2.9942577215548036,5.981914903545085,0.04220104313269846,3.1545940744283527,0.7441434699049516,2130,2547.9568104495193,-0.016341643288654305,0.6955197815394886,0.4837477665127379,-2.970075498929451,2.993504694701119,5.96358019363057,-0.05720897143084166,2.368875922939689,0.6957117332761548,7078,8905.79497787579,0.0072473463656643426,0.7300776515088953,0.5330133772327439,-2.9878824745144286,2.9988421460095176,5.986724620523946,0.07525174711148352,3.2441818417264967,0.7301136221589676,2161,2296.9883413042344,-0.004591248588077032,0.7244008921501918,0.5247566525479938,-2.9882802480191004,2.9997012462505928,5.987981494269693,-0.03548849377599362,1.7830553406624468,0.7244154416573347,5127,7399.439217344791,0.00025254257265561837,0.7341521158186097,0.5389793291609414,-2.9986182420256897,2.999565280731838,5.998183522757527,0.07899357298561717,3.222018110628232,0.7341521592549412,2369,2588.332826668662,-0.011827413063268155,0.6839586915257958,0.4677994917136787,-2.987474133264942,2.9937740042001058,5.981248137465048,0.012187214340646034,2.778571842920708,0.6840609471483136,7371,8745.490068267027,-0.0010238524198626976,0.7242701223266976,0.5245672100951295,-2.9967952751850317,2.9981959454177107,5.994991220602742,-0.009314576053359249,3.5780652929668255,0.7242708460023137,1862,2067.959781260327,-0.013664323394288561,0.8030881897550315,0.6449506405240135,-2.9995934216130045,2.97671223419776,5.976305655810764,-0.04632300533235794,0.875791163968612,0.8032044286841534,4391,7695.607648776428,0.007173546926452164,0.7464289330812723,0.5571561521408466,-2.996853033579473,2.9971348941848164,5.993987927764289,0.09189822256999532,2.8222425128999014,0.746463402931686,2202,2689.6641798050955,-0.009817194819243641,0.8195102173465982,0.6715969963354687,-2.976158854117731,2.9947770081137013,5.970935862231432,0.07637764862079394,0.6389916513106346,0.8195690170141791,3155,5954.59288195219,Control_part1,v42p.mat
